region,forecast_origin,horizon_hours,actual_total_kwh,forecast_total_kwh,absolute_error_kwh,squared_error_kwh,smape_pct
Region Hovedstaden,2024-12-31 01:00:00,24,25879885.343000002,2.5600378e+07,279507.3430000022,78124354790.92088,1.0858815586770227
Region Hovedstaden,2025-01-01 01:00:00,24,23884595.439999998,2.3917092e+07,32496.560000002384,1056026411.8337549,0.1359640704767655
Region Hovedstaden,2025-01-02 01:00:00,24,24324059.748,2.4675772e+07,351712.2520000003,123701508206.91173,1.435565141565434
Region Hovedstaden,2025-01-03 01:00:00,24,26584476.695,2.6632266e+07,47789.3049999997,2283817672.3829966,0.1796025182296239
Region Hovedstaden,2025-01-04 01:00:00,24,27562190.44,2.7869786e+07,307595.55999999866,94615028531.71277,1.1098127101166688
Region Hovedstaden,2025-01-05 01:00:00,24,25158776.641999997,2.498814e+07,170636.6419999972,29116863593.03521,0.6805468947101021
Region Hovedstaden,2025-01-06 01:00:00,24,26625471.818,2.6502344e+07,123127.81799999997,15160459565.441116,0.46351545270296457
Region Hovedstaden,2025-01-07 01:00:00,24,28809023.974000003,2.917521e+07,366186.0259999968,134092205637.67033,1.2630537679059233
Region Hovedstaden,2025-01-08 01:00:00,24,29372460.272,2.9329084e+07,43376.27199999988,1881500972.6179736,0.14778579520501606
Region Hovedstaden,2025-01-09 01:00:00,24,28110122.754,2.8602858e+07,492735.24599999934,242788022650.67987,1.7376453836461292
Region Hovedstaden,2025-01-10 01:00:00,24,26690773.950999998,2.6701888e+07,11114.049000002444,123522085.17445531,0.0416313725290645
Region Hovedstaden,2025-01-11 01:00:00,24,28036436.182,2.7572578e+07,463858.18200000003,215164413008.34515,1.6682841399844333
Region Hovedstaden,2025-01-12 01:00:00,24,28435715.148000002,2.8066976e+07,368739.1480000019,135968559267.7673,1.305209152017723
Region Hovedstaden,2025-01-13 01:00:00,24,26231475.75,2.6582032e+07,350556.25,122889684414.0625,1.3275249644822162
Region Hovedstaden,2025-01-14 01:00:00,24,30068432.476999998,2.9232882e+07,835550.4769999981,698144599614.9243,2.8179829886370094
Region Hovedstaden,2025-01-15 01:00:00,24,28578868.699,2.8910202e+07,331333.30099999905,109781756351.55597,1.1526827515956435
Region Hovedstaden,2025-01-16 01:00:00,24,26175454.223,2.6327422e+07,151967.77699999884,23094205246.321377,0.5788931499848997
Region Hovedstaden,2025-01-17 01:00:00,24,27267316.658,2.722438e+07,42936.65799999982,1843556600.2089486,0.15758972699814525
Region Hovedstaden,2025-01-18 01:00:00,24,26293957.329,2.649019e+07,196232.6710000001,38507261167.79427,0.7435288090452431
Region Hovedstaden,2025-01-19 01:00:00,24,23604801.939,2.3860246e+07,255444.0610000007,65251668300.17207,1.0763459517760783
Region Hovedstaden,2025-01-20 01:00:00,24,24852104.214,2.4528322e+07,323782.21400000155,104834922102.7428,1.3113787742407335
Region Hovedstaden,2025-01-21 01:00:00,24,26672510.45,2.6782192e+07,109681.55000000075,12030042410.402664,0.41037194100030294
Region Hovedstaden,2025-01-22 01:00:00,24,27121883.855,2.712009e+07,1793.855000000447,3217915.7610266036,0.006614268886290134
Region Hovedstaden,2025-01-23 01:00:00,24,27494741.166,2.7510704e+07,15962.833999998868,254812069.31151983,0.05804092286436334
Region Hovedstaden,2025-01-24 01:00:00,24,28441006.811,2.824122e+07,199786.8110000007,39914769849.549995,0.7049363521520264
Region Hovedstaden,2025-01-25 01:00:00,24,29205545.933,2.8821862e+07,383683.93299999833,147213360442.3472,1.322423133023657
Region Hovedstaden,2025-01-26 01:00:00,24,24661895.284,2.4940102e+07,278206.71599999815,77398976827.50363,1.1217561035177857
Region Hovedstaden,2025-01-27 01:00:00,24,24797633.498999998,2.4665216e+07,132417.49899999797,17534394041.414463,0.53542204034434
Region Hovedstaden,2025-01-28 01:00:00,24,27627926.452,2.7381744e+07,246182.45199999958,60605799672.7321,0.8950515426730723
Region Hovedstaden,2025-01-29 01:00:00,24,26442106.556,2.651804e+07,75933.44399999827,5765887917.700873,0.2867569254919124
Region Hovedstaden,2025-01-30 01:00:00,24,26167634.456,2.6058e+07,109634.45600000024,12019713942.415989,0.4198492067812678
Region Hovedstaden,2025-01-31 01:00:00,24,26281233.468,2.630836e+07,27126.53200000152,735848738.3471065,0.10316311730573699
Region Hovedstaden,2025-02-01 01:00:00,24,26493446.255000003,2.646145e+07,31996.255000002682,1023760334.0251967,0.12084342435844765
Region Hovedstaden,2025-02-02 01:00:00,24,24251815.656,2.421808e+07,33735.65599999949,1138094485.7503018,0.1392025113461263
Region Hovedstaden,2025-02-03 01:00:00,24,24685439.707,2.4647252e+07,38187.70699999854,1458300965.9177375,0.1548170419194051
Region Hovedstaden,2025-02-04 01:00:00,24,26812206.862,2.6786804e+07,25402.86199999973,645305397.7910304,0.0947885477416881
Region Hovedstaden,2025-02-05 01:00:00,24,27606532.785,2.7646382e+07,39849.21499999985,1587959936.116213,0.14424294231376217
Region Hovedstaden,2025-02-06 01:00:00,24,26714549.271,2.6932088e+07,217538.72899999842,47323098614.93475,0.8110060203814277
Region Hovedstaden,2025-02-07 01:00:00,24,26788652.040999997,2.6803742e+07,15089.959000002593,227706862.62175924,0.05631380821860007
Region Hovedstaden,2025-02-08 01:00:00,24,27793296.005,2.7770136e+07,23160.004999998957,536385831.59997666,0.08336419894982317
Region Hovedstaden,2025-02-09 01:00:00,24,26030656.925,2.6284044e+07,253387.07499999925,64205009777.055244,0.9687031389637989
Region Hovedstaden,2025-02-10 01:00:00,24,24934198.44,2.5044504e+07,110305.55999999866,12167316566.913303,0.4414102592296058
Region Hovedstaden,2025-02-11 01:00:00,24,28252590.705,2.8089292e+07,163298.7049999982,26666467054.67644,0.5796707428291403
Region Hovedstaden,2025-02-12 01:00:00,24,28780814.142,2.8503124e+07,277690.1420000009,77111814963.98068,0.9695218276077333
Region Hovedstaden,2025-02-13 01:00:00,24,27967338.109,2.7905466e+07,61872.1090000011,3828157872.1080174,0.22147486594478882
Region Hovedstaden,2025-02-14 01:00:00,24,28180995.821999997,2.8138446e+07,42549.8219999969,1810487352.2314203,0.15110171771402647
Region Hovedstaden,2025-02-15 01:00:00,24,27470484.552,2.7270156e+07,200328.55200000107,40131528746.41714,0.7319189179370386
Region Hovedstaden,2025-02-16 01:00:00,24,26021712.071000002,2.5974718e+07,46994.071000002325,2208442709.1532593,0.18075883646563018
Region Hovedstaden,2025-02-17 01:00:00,24,27517073.202999998,2.7372946e+07,144127.20299999788,20772650644.6026,0.525149034716026
Region Hovedstaden,2025-02-18 01:00:00,24,29242193.394,2.8707528e+07,534665.3940000013,285867083541.1766,1.8452733892016933
Region Hovedstaden,2025-02-19 01:00:00,24,28505773.342,2.8224658e+07,281115.3420000002,79025835507.77707,0.9910565999588241
Region Hovedstaden,2025-02-20 01:00:00,24,28818873.861,2.8487552e+07,331321.86100000143,109774175576.50427,1.1563166120450137
Region Hovedstaden,2025-02-21 01:00:00,24,29834694.077,2.8831074e+07,1003620.0769999996,1007253258957.4851,3.4214844871125796
Region Hovedstaden,2025-02-22 01:00:00,24,28636541.455,2.8276268e+07,360273.4549999982,129796962377.63574,1.2660540164859033
Region Hovedstaden,2025-02-23 01:00:00,24,25018722.34,2.5086932e+07,68209.66000000015,4652557717.31562,0.2722633239640081
Region Hovedstaden,2025-02-24 01:00:00,24,24329958.552,2.4362462e+07,32503.447999998927,1056474131.8886342,0.13350516417760577
Region Hovedstaden,2025-02-25 01:00:00,24,27312080.911,2.7542616e+07,230535.08900000155,53146427260.23863,0.8405299891604082
Region Hovedstaden,2025-02-26 01:00:00,24,25272221.859,2.5370388e+07,98166.1409999989,9636591238.831665,0.38768199851198315
Region Hovedstaden,2025-02-27 01:00:00,24,25858795.504,2.5956968e+07,98172.49599999934,9637838970.869886,0.37892907239481577
Region Hovedstaden,2025-02-28 01:00:00,24,26246096.182,2.6369934e+07,123837.81799999997,15335805167.001116,0.470722772400891
Region Hovedstaden,2025-03-01 01:00:00,24,25928025.476,2.5848002e+07,80023.47599999979,6403756711.122542,0.309114004689114
Region Hovedstaden,2025-03-02 01:00:00,24,24314101.23,2.4060402e+07,253699.23000000045,64363299302.593124,1.0488964766987663
Region Hovedstaden,2025-03-03 01:00:00,24,25185584.156,2.5098542e+07,87042.1559999995,7576336921.128248,0.34620132695539924
Region Hovedstaden,2025-03-04 01:00:00,24,27633857.555999998,2.7521236e+07,112621.555999998,12683614875.860685,0.4083813433682285
Region Hovedstaden,2025-03-05 01:00:00,24,27736609.624,2.7704882e+07,31727.6240000017,1006642124.6854838,0.11445443861855682
Region Hovedstaden,2025-03-06 01:00:00,24,27610198.517,2.7622066e+07,11867.482999999076,140837152.75526708,0.042973008996748156
Region Hovedstaden,2025-03-07 01:00:00,24,25064394.091,2.5426654e+07,362259.90900000185,131232241668.68962,1.434947075557239
Region Hovedstaden,2025-03-08 01:00:00,24,24022624.19,2.4182278e+07,159653.80999999866,25489339047.51567,0.6623965727415935
Region Hovedstaden,2025-03-09 01:00:00,24,22008531.944,2.2207044e+07,198512.05600000173,39407036377.347824,0.897928170160767
Region Hovedstaden,2025-03-10 01:00:00,24,22437444.166,2.2570888e+07,133443.83399999887,17807256832.619255,0.5929739120651284
Region Hovedstaden,2025-03-11 01:00:00,24,24486599.817,2.4485592e+07,1007.8170000016689,1015695.1054923639,0.004115874591718068
Region Hovedstaden,2025-03-12 01:00:00,24,26221002.621999998,2.6116732e+07,104270.62199999765,10872362612.266394,0.39845294318935937
Region Hovedstaden,2025-03-13 01:00:00,24,25801489.03,2.5712864e+07,88625.03000000119,7854395942.501111,0.3440789791085577
Region Hovedstaden,2025-03-14 01:00:00,24,27037436.555,2.692297e+07,114466.5549999997,13102592213.567957,0.42426127713966666
Region Hovedstaden,2025-03-15 01:00:00,24,27070489.172,2.700582e+07,64669.17199999839,4182101807.1653757,0.23917746233126147
Region Hovedstaden,2025-03-16 01:00:00,24,24326180.936,2.4168834e+07,157346.9360000007,24758058268.58831,0.6489200434628387
Region Hovedstaden,2025-03-17 01:00:00,24,24977235.987,2.4837558e+07,139677.98699999973,19509940052.372093,0.5607891785578839
Region Hovedstaden,2025-03-18 01:00:00,24,26450979.322,2.6433006e+07,17973.322000000626,323040303.71570647,0.0679726457473455
Region Hovedstaden,2025-03-19 01:00:00,24,26315833.916,2.6295346e+07,20487.916000001132,419754702.0231024,0.07788426730863107
Region Hovedstaden,2025-03-20 01:00:00,24,25227194.132999998,2.509996e+07,127234.13299999759,16188524600.261074,0.5056281651203834
Region Hovedstaden,2025-03-21 01:00:00,24,25196664.657,2.5173102e+07,23562.65700000152,555198804.8997207,0.09355873002332823
Region Hovedstaden,2025-03-22 01:00:00,24,25762013.788,2.5555728e+07,206285.78799999878,42553826330.78044,0.8039550487322342
Region Hovedstaden,2025-03-23 01:00:00,24,24287208.276,2.4150198e+07,137010.27600000054,18771815729.59632,0.5657209439304228
Region Hovedstaden,2025-03-24 01:00:00,24,23707717.889,2.3760154e+07,52436.11100000143,2749545736.804471,0.22093306025018053
Region Hovedstaden,2025-03-25 01:00:00,24,23623244.532,2.3652042e+07,28797.46799999848,829294163.2109364,0.1218288459468389
Region Hovedstaden,2025-03-26 01:00:00,24,25082762.213,2.492301e+07,159752.21299999952,25520769558.397217,0.6389350906112744
Region Hovedstaden,2025-03-27 01:00:00,24,23921326.613,2.3975134e+07,53807.38699999824,2895234895.7675796,0.224682100979269
Region Hovedstaden,2025-03-28 01:00:00,24,24322966.965,2.4276772e+07,46194.96499999985,2133974791.3512113,0.19010375769000737
Region Hovedstaden,2025-03-29 01:00:00,24,23816879.746,2.3760644e+07,56235.745999999344,3162459128.176442,0.23639627106371744
Region Hovedstaden,2025-03-30 01:00:00,24,21429609.696,2.1364548e+07,65061.6959999986,4233024286.3962336,0.3040681228600509
Region Hovedstaden,2025-03-31 02:00:00,24,23156211.982,2.3125552e+07,30659.982000000775,940034496.2403715,0.13249271143565367
Region Hovedstaden,2025-04-01 02:00:00,24,23692200.899,2.3753266e+07,61065.10099999979,3728946560.1401753,0.25741174021953545
Region Hovedstaden,2025-04-02 02:00:00,24,23342163.201,2.3421606e+07,79442.79899999872,6311158312.954197,0.339762172114646
Region Hovedstaden,2025-04-03 02:00:00,24,23360682.79,2.3424908e+07,64225.210000000894,4124877599.5442147,0.27455124073683157
Region Hovedstaden,2025-04-04 02:00:00,24,22899522.821,2.297084e+07,71317.1790000014,5086140020.518241,0.31095101330810293
Region Hovedstaden,2025-04-05 02:00:00,24,22858549.393,2.2822284e+07,36265.392999999225,1315178729.4443927,0.1587772827522732
Region Hovedstaden,2025-04-06 02:00:00,24,22078897.485,2.1948014e+07,130883.4849999994,17130486645.74507,0.5945612834758646
Region Hovedstaden,2025-04-07 02:00:00,24,22191795.482,2.207863e+07,113165.48200000077,12806426316.2925,0.5112464168478026
Region Hovedstaden,2025-04-08 02:00:00,24,23576312.365,2.3485462e+07,90850.36499999836,8253788820.632927,0.38608984138755337
Region Hovedstaden,2025-04-09 02:00:00,24,23070728.722,2.2987764e+07,82964.72199999914,6883145096.537141,0.36025808530365017
Region Hovedstaden,2025-04-10 02:00:00,24,23433108.551000003,2.3340188e+07,92920.55100000277,8634228798.144115,0.39732307898668373
Region Hovedstaden,2025-04-11 02:00:00,24,24444832.996999998,2.4234774e+07,210058.99699999765,44124782220.64502,0.8630266756793786
Region Hovedstaden,2025-04-12 02:00:00,24,23737313.984,2.3782206e+07,44892.0159999989,2015293100.544157,0.18894136984175855
Region Hovedstaden,2025-04-13 02:00:00,24,21057671.498,2.1018674e+07,38997.49799999967,1520804850.2599785,0.18536542343894066
Region Hovedstaden,2025-04-14 02:00:00,24,21067161.039,2.1135758e+07,68596.9609999992,4705543058.4354105,0.3250815941741294
Region Hovedstaden,2025-04-15 02:00:00,24,22162112.324,2.211965e+07,42462.324000000954,1803048959.481057,0.19178244844599177
Region Hovedstaden,2025-04-16 02:00:00,24,22571232.264,2.2598872e+07,27639.73600000143,763955006.149775,0.12238066061773495
Region Hovedstaden,2025-04-17 02:00:00,24,21289066.476,2.1306488e+07,17421.52400000021,303509498.4825833,0.08179972870087265
Region Hovedstaden,2025-04-18 02:00:00,24,18865703.894,1.9096784e+07,231080.10599999875,53398015388.97066,1.2174128663286112
Region Hovedstaden,2025-04-19 02:00:00,24,19344910.677,1.9298204e+07,46706.67700000107,2181513676.382429,0.24173350098924828
Region Hovedstaden,2025-04-20 02:00:00,24,20755350.512,2.050837e+07,246980.51199999824,60999373307.78127,1.197083098351121
Region Hovedstaden,2025-04-21 02:00:00,24,20707797.953,2.0533212e+07,174585.9530000016,30480254984.91877,0.8466618698182568
Region Hovedstaden,2025-04-22 02:00:00,24,20396848.285,2.0450262e+07,53413.71499999985,2853024950.101209,0.2615299570878805
Region Hovedstaden,2025-04-23 02:00:00,24,22666093.904999997,2.2624512e+07,41581.90499999747,1729054823.4288144,0.18362264831350775
Region Hovedstaden,2025-04-24 02:00:00,24,22179550.712,2.2092992e+07,86558.71200000122,7492410623.099155,0.3910266124224197
Region Hovedstaden,2025-04-25 02:00:00,24,22350146.432,2.2327802e+07,22344.43200000003,499273641.4026253,0.10002443166793272
Region Hovedstaden,2025-04-26 02:00:00,24,22052983.658,2.2099894e+07,46910.34200000018,2200580186.5569806,0.21249053057587317
Region Hovedstaden,2025-04-27 02:00:00,24,20964699.493,2.0798308e+07,166391.49300000072,27686128942.769287,0.7968367365683136
Region Hovedstaden,2025-04-28 02:00:00,24,20674390.134,2.0621006e+07,53384.13399999961,2849865762.9299145,0.25854762999135644
Region Hovedstaden,2025-04-29 02:00:00,24,22333224.564,2.2273456e+07,59768.563999999315,3572281242.622014,0.26798032601527305
Region Hovedstaden,2025-04-30 02:00:00,24,21922314.177,2.1849622e+07,72692.17700000107,5284152596.999485,0.33214056013449655
Region Hovedstaden,2025-05-01 02:00:00,24,21857088.939,2.1869946e+07,12857.061000000685,165304017.55773863,0.05880600419368255
Region Hovedstaden,2025-05-02 02:00:00,24,21484822.245,2.1477122e+07,7700.245000001043,59293773.06004106,0.0358468180866708
Region Hovedstaden,2025-05-03 02:00:00,24,21977952.188,2.19585e+07,19452.188000001013,378387617.9873834,0.08854692188967332
Region Hovedstaden,2025-05-04 02:00:00,24,21097321.406,2.074271e+07,354611.4059999995,125749249265.29648,1.695081930312065
Region Hovedstaden,2025-05-05 02:00:00,24,21409175.303999998,2.1300702e+07,108473.30399999768,11766457680.67591,0.5079541822511328
Region Hovedstaden,2025-05-06 02:00:00,24,22168663.749,2.2096296e+07,72367.7490000017,5237091095.327247,0.3269753295173236
Region Hovedstaden,2025-05-07 02:00:00,24,22198540.353,2.2276172e+07,77631.64699999988,6026672615.9325905,0.3491046614706809
Region Hovedstaden,2025-05-08 02:00:00,24,21656711.148,2.1694986e+07,38274.85200000182,1464964295.6220431,0.17657833265135547
Region Hovedstaden,2025-05-09 02:00:00,24,21930251.173,2.1965098e+07,34846.82699999958,1214301351.9679,0.1587722966397262
Region Hovedstaden,2025-05-10 02:00:00,24,22021074.737,2.2012822e+07,8252.736999999732,68107667.99116458,0.037483564306337085
Region Hovedstaden,2025-05-11 02:00:00,24,20558247.352,2.0346718e+07,211529.35200000182,44744666757.54067,1.0342477994039387
Region Hovedstaden,2025-05-12 02:00:00,24,20674370.843,2.0589954e+07,84416.84299999848,7126203382.086392,0.40915169857344125
Region Hovedstaden,2025-05-13 02:00:00,24,23179564.601,2.3248124e+07,68559.39900000021,4700391191.24123,0.2953384114776867
Region Hovedstaden,2025-05-14 02:00:00,24,22228215.804,2.2198294e+07,29921.8040000014,895314354.6144998,0.1347024744100305
Region Hovedstaden,2025-05-15 02:00:00,24,22557232.726,2.2466992e+07,90240.72599999979,8143388629.007038,0.40085410264882926
Region Hovedstaden,2025-05-16 02:00:00,24,22615366.94,2.256513e+07,50236.94000000134,2523750140.5637345,0.2223832998858615
Region Hovedstaden,2025-05-17 02:00:00,24,21928739.194,2.1966868e+07,38128.80600000173,1453805846.9857678,0.17372492801609304
Region Hovedstaden,2025-05-18 02:00:00,24,19914673.741,1.9738814e+07,175859.7410000004,30926648504.587215,0.8869824624186537
Region Hovedstaden,2025-05-19 02:00:00,24,20555324.549000002,2.050137e+07,53954.549000002444,2911093357.793665,0.2628294829512357
Region Hovedstaden,2025-05-20 02:00:00,24,21534188.327999998,2.155984e+07,25651.672000002116,658008276.3956926,0.11904977555015506
Region Hovedstaden,2025-05-21 02:00:00,24,21958344.199,2.1933546e+07,24798.199000000954,614950673.6436483,0.11299672393952145
Region Hovedstaden,2025-05-22 02:00:00,24,22458146.637,2.2382106e+07,76040.63699999824,5782178475.365501,0.33916239328791475
Region Hovedstaden,2025-05-23 02:00:00,24,23682892.445,2.3639146e+07,43746.4450000003,1913751450.138051,0.18488825265143455
Region Hovedstaden,2025-05-24 02:00:00,24,22872875.818,2.2681256e+07,191619.81799999997,36718154650.35311,0.8412840300219897
Region Hovedstaden,2025-05-25 02:00:00,24,20828890.57,2.0566142e+07,262748.5700000003,69036811037.04506,1.2694690820966796
Region Hovedstaden,2025-05-26 02:00:00,24,21598711.98,2.1573142e+07,25569.980000000447,653823877.2004229,0.11845671493212276
Region Hovedstaden,2025-05-27 02:00:00,24,21980719.845,2.2069726e+07,89006.15500000119,7922095627.884237,0.4041101209880442
Region Hovedstaden,2025-05-28 02:00:00,24,22770594.686,2.2811676e+07,41081.313999999315,1687674359.9665396,0.1802512835878398
Region Hovedstaden,2025-05-29 02:00:00,24,22075597.922000002,2.223515e+07,159552.07799999788,25456865594.11741,0.720150687958852
Region Hovedstaden,2025-05-30 02:00:00,24,20359635.395,2.0514918e+07,155282.60500000045,24112687415.586163,0.7598008643636727
Region Hovedstaden,2025-05-31 02:00:00,24,21480892.522,2.163428e+07,153387.47800000012,23527718407.20052,0.7115243615074598
Region Hovedstaden,2025-06-01 02:00:00,24,18532527.273000002,1.8667242e+07,134714.7269999981,18148057670.684013,0.7242772180190672
Region Hovedstaden,2025-06-02 02:00:00,24,20129020.788,2.0085502e+07,43518.78799999878,1893884908.9888377,0.21643319369680433
Region Hovedstaden,2025-06-03 02:00:00,24,22173307.63,2.2211686e+07,38378.37000000104,1472899283.85698,0.1729339889960509
Region Hovedstaden,2025-06-04 02:00:00,24,22319731.251,2.2230014e+07,89717.2509999983,8049185126.996696,0.40277335142779264
Region Hovedstaden,2025-06-05 02:00:00,24,21996230.665000003,2.2018668e+07,22437.33499999717,503434001.90209794,0.10195336434042052
Region Hovedstaden,2025-06-06 02:00:00,24,20031250.566,2.0174028e+07,142777.43400000036,20385395659.62446,0.7102422323258893
Region Hovedstaden,2025-06-07 02:00:00,24,21766988.669,2.1687086e+07,79902.66899999976,6384436513.323523,0.3677568541437707
Region Hovedstaden,2025-06-08 02:00:00,24,18809402.720999997,1.8811494e+07,2091.279000002891,4373447.855853091,0.011117645682462098
Region Hovedstaden,2025-06-09 02:00:00,24,19609415.564000003,1.963661e+07,27194.43599999696,739537349.3579307,0.13858440751229675
Region Hovedstaden,2025-06-10 02:00:00,24,19567268.764,1.973541e+07,168141.23600000143,28271475243.608177,0.855622269462271
Region Hovedstaden,2025-06-11 02:00:00,24,22319251.405,2.2148878e+07,170373.4050000012,29027097131.29443,0.7662719672703138
Region Hovedstaden,2025-06-12 02:00:00,24,21730652.336,2.171243e+07,18222.335999999195,332053529.29686666,0.0838906220284415
Region Hovedstaden,2025-06-13 02:00:00,24,22177431.301999997,2.2122934e+07,54497.30199999735,2969955925.278915,0.2460354519809659
Region Hovedstaden,2025-06-14 02:00:00,24,21623218.175,2.1597752e+07,25466.175000000745,648526069.1306629,0.11784175550381774
Region Hovedstaden,2025-06-15 02:00:00,24,19270160.858000003,1.926297e+07,7190.858000002801,51708438.77620429,0.03732298850307349
Region Hovedstaden,2025-06-16 02:00:00,24,19636681.873,1.958016e+07,56521.87299999967,3194722127.428092,0.2882530581276298
Region Hovedstaden,2025-06-17 02:00:00,24,22130112.354,2.1962306e+07,167806.35399999842,28158972442.772785,0.7611574064853953
Region Hovedstaden,2025-06-18 02:00:00,24,22089965.729,2.2091682e+07,1716.2710000015795,2945586.1454464216,0.00776915795684574
Region Hovedstaden,2025-06-19 02:00:00,24,22136566.529000003,2.2085176e+07,51390.52900000289,2640986470.900138,0.23242199904855268
Region Hovedstaden,2025-06-20 02:00:00,24,22233992.544999998,2.2292688e+07,58695.45500000194,3445156437.6572523,0.26364172797782465
Region Hovedstaden,2025-06-21 02:00:00,24,21375705.718000002,2.1417568e+07,41862.281999997795,1752450654.2473392,0.1956488876072568
Region Hovedstaden,2025-06-22 02:00:00,24,19625001.538,1.962913e+07,4128.462000001222,17044198.48545409,0.021034534904967445
Region Hovedstaden,2025-06-23 02:00:00,24,20115632.963,1.9962398e+07,153234.96299999952,23480953885.61122,0.7646830910503857
Region Hovedstaden,2025-06-24 02:00:00,24,22481306.645,2.2416116e+07,65190.64499999955,4249820195.515967,0.29039816167380605
Region Hovedstaden,2025-06-25 02:00:00,24,22355469.759,2.2336222e+07,19247.758999999613,370476226.52206606,0.0861357368335626
Region Hovedstaden,2025-06-26 02:00:00,24,21697335.793,2.1687874e+07,9461.79300000146,89525526.77487664,0.043617597080413684
Region Hovedstaden,2025-06-27 02:00:00,24,21429307.376,2.1397944e+07,31363.3759999983,983661354.1172694,0.14646457567236756
Region Hovedstaden,2025-06-28 02:00:00,24,22014546.113,2.196445e+07,50096.11300000176,2509620537.7089453,0.22781835615931015
Region Hovedstaden,2025-06-29 02:00:00,24,20222135.593,2.004275e+07,179385.59299999848,32179190975.961105,0.8910274565945095
Region Hovedstaden,2025-06-30 02:00:00,24,19348385.665,1.9453848e+07,105462.3350000009,11122304103.652414,0.5435889898015277
Region Hovedstaden,2025-07-01 02:00:00,24,20675464.971,2.0680216e+07,4751.0289999991655,22572276.55883307,0.02297642736595607
Region Hovedstaden,2025-07-02 02:00:00,24,21121721.28,2.1078826e+07,42895.28000000119,1840005046.2785022,0.20329252943281353
Region Hovedstaden,2025-07-03 02:00:00,24,21886777.182,2.1876866e+07,9911.18200000003,98231528.6371246,0.04529413585967862
Region Hovedstaden,2025-07-04 02:00:00,24,21790852.507999998,2.1851024e+07,60171.492000002414,3620608449.5063543,0.2757511675235705
Region Hovedstaden,2025-07-05 02:00:00,24,21138456.395000003,2.1054142e+07,84314.39500000328,7108917204.216578,0.3996643876286836
Region Hovedstaden,2025-07-06 02:00:00,24,19633527.641999997,1.9553028e+07,80499.6419999972,6480192362.127713,0.41085336887183826
Region Hovedstaden,2025-07-07 02:00:00,24,18882903.277,1.8977904e+07,95000.72300000116,9025137370.52295,0.5018420357756767
Region Hovedstaden,2025-07-08 02:00:00,24,20652921.462,2.06351e+07,17821.462000001222,317604507.81748754,0.0863275176138118
Region Hovedstaden,2025-07-09 02:00:00,24,20548618.982,2.0531136e+07,17482.982000000775,305654659.6123511,0.08511726522059992
Region Hovedstaden,2025-07-10 02:00:00,24,20454006.755,2.0385482e+07,68524.75499999896,4695642047.809882,0.3355808659167382
Region Hovedstaden,2025-07-11 02:00:00,24,20281928.224,2.0228804e+07,53124.22399999946,2822183175.602119,0.2622723465290849
Region Hovedstaden,2025-07-12 02:00:00,24,20316960.097000003,2.0353482e+07,36521.90299999714,1333849398.7412,0.17959924267796992
Region Hovedstaden,2025-07-13 02:00:00,24,18749172.196999997,1.864286e+07,106312.1969999969,11302283230.96615,0.5686355662077465
Region Hovedstaden,2025-07-14 02:00:00,24,18330572.039,1.8253528e+07,77044.0390000008,5935783945.433645,0.42118865254506194
Region Hovedstaden,2025-07-15 02:00:00,24,19734643.488,1.9806382e+07,71738.51199999824,5146414103.973891,0.36285610256501616
Region Hovedstaden,2025-07-16 02:00:00,24,19865153.047,1.9865616e+07,462.9530000016093,214325.4802104901,0.00233045073682794
Region Hovedstaden,2025-07-17 02:00:00,24,19650928.167,1.964001e+07,10918.166999999434,119206370.63987663,0.05557600561021715
Region Hovedstaden,2025-07-18 02:00:00,24,20076211.836,2.0013244e+07,62967.835999999195,3964948370.5227947,0.3141366460926347
Region Hovedstaden,2025-07-19 02:00:00,24,19710276.563,1.9687988e+07,22288.563000001013,496780040.60501415,0.11314489735638163
Region Hovedstaden,2025-07-20 02:00:00,24,18361460.838,1.8197578e+07,163882.83799999952,26857584590.934086,0.8965380010464461
Region Hovedstaden,2025-07-21 02:00:00,24,18626759.377,1.8448024e+07,178735.37700000033,31946334991.332245,0.9641883820736332
Region Hovedstaden,2025-07-22 02:00:00,24,19945212.07,1.9985882e+07,40669.9299999997,1654043206.2048757,0.20370055440356583
Region Hovedstaden,2025-07-23 02:00:00,24,20526798.343000002,2.0457518e+07,69280.3430000022,4799765926.197954,0.3380822186720949
Region Hovedstaden,2025-07-24 02:00:00,24,19858600.93,1.9871394e+07,12793.070000000298,163662640.02490762,0.06440005855797525
Region Hovedstaden,2025-07-25 02:00:00,24,20006188.549,1.9932178e+07,74010.54899999872,5477561363.281211,0.37062381561947905
Region Hovedstaden,2025-07-26 02:00:00,24,19991413.679,2.00226e+07,31186.3209999986,972586617.5149536,0.15587699474579667
Region Hovedstaden,2025-07-27 02:00:00,24,18002639.33,1.7976898e+07,25741.329999998212,662616070.168808,0.14308872159139693
Region Hovedstaden,2025-07-28 02:00:00,24,18228170.505000003,1.8162964e+07,65206.50500000268,4251888294.315375,0.3583647824502067
Region Hovedstaden,2025-07-29 02:00:00,24,20286975.801999997,2.0212454e+07,74521.80199999735,5553498973.326809,0.3680140800220215
Region Hovedstaden,2025-07-30 02:00:00,24,20633889.255000003,2.0698114e+07,64224.74499999732,4124817870.3146806,0.31077489568438926
Region Hovedstaden,2025-07-31 02:00:00,24,20427003.889999997,2.038519e+07,41813.88999999687,1748401396.9318383,0.20490880795429284
Region Hovedstaden,2025-08-01 02:00:00,24,20258141.607,2.0271428e+07,13286.392999999225,176528238.9504284,0.06556394814370042
Region Hovedstaden,2025-08-02 02:00:00,24,20165957.330000002,2.017626e+07,10302.669999998063,106145009.12886009,0.05107636952982556
Region Hovedstaden,2025-08-03 02:00:00,24,18911096.346,1.8834092e+07,77004.34600000083,5929669302.887844,0.4080220519453907
Region Hovedstaden,2025-08-04 02:00:00,24,19632427.501,1.9445636e+07,186791.5009999983,34891064845.83237,0.9559915935712543
Region Hovedstaden,2025-08-05 02:00:00,24,21756063.322,2.164225e+07,113813.32200000063,12953472264.675827,0.5245057389928792
Region Hovedstaden,2025-08-06 02:00:00,24,21985769.218,2.1830316e+07,155453.21799999848,24165702986.55505,0.7095714609215571
Region Hovedstaden,2025-08-07 02:00:00,24,21558719.017,2.156645e+07,7730.982999999076,59768098.146274716,0.03585369368385089
Region Hovedstaden,2025-08-08 02:00:00,24,21413333.833,2.1399718e+07,13615.833000000566,185390908.28390443,0.06360599124356549
Region Hovedstaden,2025-08-09 02:00:00,24,21428194.478,2.1345726e+07,82468.47800000012,6801049863.636503,0.3856016800817512
Region Hovedstaden,2025-08-10 02:00:00,24,19241362.881,1.917014e+07,71222.88100000098,5072698777.940301,0.3708414181067147
Region Hovedstaden,2025-08-11 02:00:00,24,19445443.705999997,1.9443412e+07,2031.7059999965131,4127829.2704218314,0.010448782629945317
Region Hovedstaden,2025-08-12 02:00:00,24,21254583.485,2.1260816e+07,6232.515000000596,38844243.22523243,0.029318858933453092
Region Hovedstaden,2025-08-13 02:00:00,24,22140598.513,2.208832e+07,52278.51300000027,2733042921.491197,0.2363996894232641
Region Hovedstaden,2025-08-14 02:00:00,24,21980196.674000002,2.1918632e+07,61564.674000002444,3790209084.726577,0.28048435851075637
Region Hovedstaden,2025-08-15 02:00:00,24,22595418.898,2.2516644e+07,78774.89799999818,6205484554.910117,0.349240947717736
Region Hovedstaden,2025-08-16 02:00:00,24,22826769.46,2.2666916e+07,159853.4600000009,25553128673.971886,0.7027500998596867
Region Hovedstaden,2025-08-17 02:00:00,24,19680558.751,1.9619002e+07,61556.7509999983,3789233593.6757917,0.3132694097525349
Region Hovedstaden,2025-08-18 02:00:00,24,19552763.719,1.9587744e+07,34980.28099999949,1223620058.8389256,0.17874209119172463
Region Hovedstaden,2025-08-19 02:00:00,24,21708378.080000002,2.1743306e+07,34927.91999999806,1219959595.5262647,0.16076670324533973
Region Hovedstaden,2025-08-20 02:00:00,24,21975170.435,2.1836036e+07,139134.43499999866,19358391002.768852,0.6351545475307734
Region Hovedstaden,2025-08-21 02:00:00,24,21467119.777,2.143499e+07,32129.776999998838,1032322570.0696543,0.1497818040511553
Region Hovedstaden,2025-08-22 02:00:00,24,21672110.244000003,2.160684e+07,65270.24400000274,4260204751.819894,0.3016258187041009
Region Hovedstaden,2025-08-23 02:00:00,24,21799402.246,2.1795124e+07,4278.245999999344,18303388.83651039,0.01962744577545165
Region Hovedstaden,2025-08-24 02:00:00,24,19897847.695,1.981508e+07,82767.6950000003,6850491335.613074,0.4168299836046641
Region Hovedstaden,2025-08-25 02:00:00,24,19776903.043,1.9742158e+07,34745.04300000146,1207218013.0719504,0.1758394156288075
Region Hovedstaden,2025-08-26 02:00:00,24,21467801.732,2.1450764e+07,17037.732000000775,290284311.7038504,0.07939562615578029
Region Hovedstaden,2025-08-27 02:00:00,24,22213089.928999998,2.2110044e+07,103045.92899999768,10618463483.472563,0.4649758257846302
Region Hovedstaden,2025-08-28 02:00:00,24,22345957.393000003,2.2273868e+07,72089.39300000295,5196880583.108874,0.3231271855730408
Region Hovedstaden,2025-08-29 02:00:00,24,22418220.733,2.2322354e+07,95866.73299999908,9190430496.093111,0.4285449329701577
Region Hovedstaden,2025-08-30 02:00:00,24,21777101.68,2.1794022e+07,16920.320000000298,286297228.9024101,0.07766758610252256
Region Hovedstaden,2025-08-31 02:00:00,24,20630588.068,2.0268576e+07,362012.06799999997,131052737377.6366,1.7702663428431415
Region Hovedstaden,2025-09-01 02:00:00,24,20521025.576,2.0443116e+07,77909.57600000128,6069902032.499976,0.3803793903771039
Region Hovedstaden,2025-09-02 02:00:00,24,22228414.593999997,2.2183666e+07,44748.59399999678,2002436664.976548,0.20151541383108384
Region Hovedstaden,2025-09-03 02:00:00,24,22172333.661000002,2.2075674e+07,96659.66100000218,9343090064.635342,0.43689949495826713
Region Hovedstaden,2025-09-04 02:00:00,24,22668188.571,2.2648156e+07,20032.5709999986,401303900.86998487,0.08841212233529691
Region Hovedstaden,2025-09-05 02:00:00,24,22488091.740000002,2.2442006e+07,46085.740000002086,2123895431.3477924,0.20514417870483842
Region Hovedstaden,2025-09-06 02:00:00,24,22637573.305,2.2516078e+07,121495.3049999997,14761109137.042953,0.5381416629159563
Region Hovedstaden,2025-09-07 02:00:00,24,20054012.904999997,1.9895796e+07,158216.90499999747,25032589027.778225,0.7920784070643977
Region Hovedstaden,2025-09-08 02:00:00,24,20253910.75,2.0258034e+07,4123.25,17001190.5625,0.020355724838413244
Region Hovedstaden,2025-09-09 02:00:00,24,22066911.211000003,2.1995436e+07,71475.21100000292,5108705787.494939,0.3244276146149536
Region Hovedstaden,2025-09-10 02:00:00,24,22394522.641,2.2407232e+07,12709.359000001103,161527806.19090903,0.05673598769442045
Region Hovedstaden,2025-09-11 02:00:00,24,22411257.715,2.2412272e+07,1014.285000000149,1028774.0612253023,0.004525681071746221
Region Hovedstaden,2025-09-12 02:00:00,24,23151582.552,2.318241e+07,30827.447999998927,950331550.1926378,0.13306622763148118
Region Hovedstaden,2025-09-13 02:00:00,24,22507620.777,2.247065e+07,36970.77699999884,1366838351.983643,0.16439394561564225
Region Hovedstaden,2025-09-14 02:00:00,24,20496056.628000002,2.043015e+07,65906.62800000235,4343683614.330694,0.32207543004932093
Region Hovedstaden,2025-09-15 02:00:00,24,20875386.093,2.081454e+07,60846.09299999848,3702247033.364464,0.2918983011112362
Region Hovedstaden,2025-09-16 02:00:00,24,24076873.383,2.3936924e+07,139949.3830000013,19585829802.081055,0.5829548614271967
Region Hovedstaden,2025-09-17 02:00:00,24,23676393.517,2.3593416e+07,82977.51700000092,6885268327.485442,0.3510803950676344
Region Hovedstaden,2025-09-18 02:00:00,24,22868525.185999997,2.2756752e+07,111773.18599999696,12493245108.589916,0.4899616742900327
Region Hovedstaden,2025-09-19 02:00:00,24,23374540.245,2.330132e+07,73220.24500000104,5361204277.860178,0.31373924172225415
Region Hovedstaden,2025-09-20 02:00:00,24,23105052.240000002,2.2930454e+07,174598.2400000021,30484545411.098328,0.7585372868053512
Region Hovedstaden,2025-09-21 02:00:00,24,20704821.115,2.0665904e+07,38917.11499999836,1514541839.9230974,0.18813842344710552
Region Hovedstaden,2025-09-22 02:00:00,24,21421341.514000002,2.127622e+07,145121.5140000023,21060253825.652863,0.6797648804951953
Region Hovedstaden,2025-09-23 02:00:00,24,22631031.275999997,2.2584034e+07,46997.27599999681,2208743951.419876,0.20788326064827253
Region Hovedstaden,2025-09-24 02:00:00,24,22987523.753000002,2.2940358e+07,47165.753000002354,2224608256.057231,0.205390500061203
Region Hovedstaden,2025-09-25 02:00:00,24,23667529.926999997,2.3628448e+07,39081.92699999735,1527397018.0331216,0.16526533000467478
Region Hovedstaden,2025-09-26 02:00:00,24,23300167.258,2.3281342e+07,18825.25800000131,354390338.76661336,0.08082717069442409
Region Hovedstaden,2025-09-27 02:00:00,24,22390909.493,2.242285e+07,31940.506999999285,1020195987.4170033,0.14254776819154596
Region Hovedstaden,2025-09-28 02:00:00,24,20224868.191,2.0312156e+07,87287.80900000036,7619161600.020543,0.4306572114850992
Region Hovedstaden,2025-09-29 02:00:00,24,20795688.516,2.0821256e+07,25567.484000001103,653696238.0903124,0.1228705485102178
Region Hovedstaden,2025-09-30 02:00:00,24,22892234.733,2.3011146e+07,118911.26700000092,14139889419.54551,0.5180937225153679
Region Hovedstaden,2025-10-01 02:00:00,24,23014800.592,2.3017852e+07,3051.407999999821,9311090.782462908,0.013257580557198324
Region Hovedstaden,2025-10-02 02:00:00,24,23192998.543,2.3214008e+07,21009.45699999854,441397283.43478763,0.09054433183718286
Region Hovedstaden,2025-10-03 02:00:00,24,23185867.349999998,2.3197716e+07,11848.650000002235,140390506.82255298,0.05108984319126451
Region Hovedstaden,2025-10-04 02:00:00,24,23550217.344,2.3497268e+07,52949.34400000051,2803633030.03039,0.22508894412888394
Region Hovedstaden,2025-10-05 02:00:00,24,23361833.319000002,2.2967872e+07,393961.319000002,155205520868.22134,1.7006856239961312
Region Hovedstaden,2025-10-06 02:00:00,24,22287222.312999997,2.2137768e+07,149454.3129999973,22336591674.30116,0.6728389221787305
Region Hovedstaden,2025-10-07 02:00:00,24,23180501.73,2.310771e+07,72791.73000000045,5298635956.392965,0.31451519632944974
Region Hovedstaden,2025-10-08 02:00:00,24,23749541.406,2.3685952e+07,63589.40599999949,4043612555.4327717,0.2681089683446034
Region Hovedstaden,2025-10-09 02:00:00,24,23426623.548,2.3380078e+07,46545.54800000042,2166488038.6203427,0.1988841189856894
Region Hovedstaden,2025-10-10 02:00:00,24,23615376.486,2.3588948e+07,26428.48600000143,698464872.2522717,0.11197485098145898
Region Hovedstaden,2025-10-11 02:00:00,24,23913555.364,2.393945e+07,25894.63599999994,670532173.572493,0.10822574591931723
Region Hovedstaden,2025-10-12 02:00:00,24,21119688.558,2.1208782e+07,89093.44200000167,7937641407.407661,0.4209622546031878
Region Hovedstaden,2025-10-13 02:00:00,24,20663602.971,2.0848436e+07,184833.02899999917,34163248609.314533,0.8905032543890322
Region Hovedstaden,2025-10-14 02:00:00,24,22810927.365,2.2722924e+07,88003.36499999836,7744592251.322936,0.3865403973609091
Region Hovedstaden,2025-10-15 02:00:00,24,22684371.353,2.2696908e+07,12536.64699999988,157167518.002606,0.055250302233584465
Region Hovedstaden,2025-10-16 02:00:00,24,23294116.172000002,2.330801e+07,13893.827999997884,193038456.4935252,0.05962744252791506
Region Hovedstaden,2025-10-17 02:00:00,24,22870488.137,2.291073e+07,40241.86300000176,1619407537.7109106,0.1758007525250999
Region Hovedstaden,2025-10-18 02:00:00,24,23576002.110000003,2.3603074e+07,27071.88999999687,732887228.1719306,0.11476227273665818
Region Hovedstaden,2025-10-19 02:00:00,24,22431211.369999997,2.2168216e+07,262995.3699999973,69166564641.43549,1.1793665771453485
Region Hovedstaden,2025-10-20 02:00:00,24,23005669.632000003,2.2821586e+07,184083.632000003,33886783570.31253,0.8033805623370653
Region Hovedstaden,2025-10-21 02:00:00,24,24089138.682,2.3977932e+07,111206.68200000003,12366926121.449131,0.4627146211414308
Region Hovedstaden,2025-10-22 02:00:00,24,24733935.189,2.4811698e+07,77762.81100000069,6047054774.621828,0.31390379331054913
Region Hovedstaden,2025-10-23 02:00:00,24,24342760.757,2.427577e+07,66990.75699999928,4487761523.432953,0.275577052440459
Region Hovedstaden,2025-10-24 02:00:00,24,25931401.436,2.5718138e+07,213263.4360000007,45481293134.52639,0.8258096328787587
Region Hovedstaden,2025-10-25 02:00:00,24,25482131.316,2.550569e+07,23558.684000000358,555011591.8118728,0.09240906315252828
Region Hovedstaden,2025-10-26 02:00:00,24,23512275.825999998,2.3503858e+07,8417.825999997556,70859794.56623486,0.03580824417061058
Region Hovedstaden,2025-10-27 01:00:00,24,24085849.019,2.3839016e+07,246833.01900000125,60926539268.654976,1.0300833143803048
Region Hovedstaden,2025-10-28 01:00:00,24,24950134.907,2.48362e+07,113934.90700000152,12981163033.098995,0.4576954990273131
Region Hovedstaden,2025-10-29 01:00:00,24,25243250.785,2.500706e+07,236190.78500000015,55786086918.9163,0.9400570118284898
Region Hovedstaden,2025-10-30 01:00:00,24,24928266.603,2.489566e+07,32606.60300000012,1063190559.1996168,0.13088732752764135
Region Hovedstaden,2025-10-31 01:00:00,24,25963601.106,2.5800468e+07,163133.10599999875,26612410273.20683,0.6302947539380744
Region Hovedstaden,2025-11-01 01:00:00,24,24823528.847,2.4560152e+07,263376.84699999914,69367363535.66095,1.0666553909417587
Region Hovedstaden,2025-11-02 01:00:00,24,23003231.625,2.3017944e+07,14712.375,216453978.140625,0.06393741489736227
Region Hovedstaden,2025-11-03 01:00:00,24,22381969.259,2.2257106e+07,124863.25899999961,15590833448.100985,0.5594347923899926
Region Hovedstaden,2025-11-04 01:00:00,24,25137832.299000002,2.4931182e+07,206650.29900000244,42704346076.79041,0.8254618226192232
Region Hovedstaden,2025-11-05 01:00:00,24,25435929.595999997,2.5435018e+07,911.5959999971092,831007.2672107294,0.0035839552557058647
Region Hovedstaden,2025-11-06 01:00:00,24,24924922.262000002,2.4823932e+07,100990.26200000197,10199033018.82904,0.406000353166493
Region Hovedstaden,2025-11-07 01:00:00,24,24675617.504,2.4526254e+07,149363.50400000066,22309456327.15821,0.6071456204175394
Region Hovedstaden,2025-11-08 01:00:00,24,24455273.492,2.4370566e+07,84707.49199999869,7175359200.929842,0.34697812830797437
Region Hovedstaden,2025-11-09 01:00:00,24,22277225.717,2.2324006e+07,46780.28299999982,2188394877.5600724,0.20977126056439943
Region Hovedstaden,2025-11-10 01:00:00,24,22528245.392,2.230237e+07,225875.39200000092,51019692711.15408,1.0076836555775153
Region Hovedstaden,2025-11-11 01:00:00,24,25639622.603,2.5451288e+07,188334.60300000012,35469922687.167656,0.7372528724862513
Region Hovedstaden,2025-11-12 01:00:00,24,25589579.86,2.5414208e+07,175371.8599999994,30755289279.85939,0.6876817089796413
Region Hovedstaden,2025-11-13 01:00:00,24,26400750.868,2.6197888e+07,202862.86800000072,41153343213.185715,0.771361663974231
Region Hovedstaden,2025-11-14 01:00:00,24,25741336.830000002,2.5628634e+07,112702.83000000194,12701927890.009336,0.43878876385961907
Region Hovedstaden,2025-11-15 01:00:00,24,25898882.606,2.5790846e+07,108036.60599999875,11671908235.998966,0.4180196294838281
Region Hovedstaden,2025-11-16 01:00:00,24,24743522.143999998,2.46877e+07,55822.14399999753,3116111760.7564597,0.22585783469961512
Region Hovedstaden,2025-11-17 01:00:00,24,24756424.399,2.4701082e+07,55342.39900000021,3062781127.075224,0.22379777319755526
Region Hovedstaden,2025-11-18 01:00:00,24,27423345.842,2.7455434e+07,32088.15799999982,1029649883.8329525,0.11694195130571039
Region Hovedstaden,2025-11-19 01:00:00,24,27191555.081,2.706986e+07,121695.08100000024,14809692739.596619,0.4485510774768297
Region Hovedstaden,2025-11-20 01:00:00,24,28208169.258,2.8139178e+07,68991.25800000131,4759793680.422745,0.24487845961623744
Region Hovedstaden,2025-11-21 01:00:00,24,29762054.55,2.9009846e+07,752208.5500000007,565817702693.1036,2.5597557436825165
Region Hovedstaden,2025-11-22 01:00:00,24,28714347.366,2.8398972e+07,315375.3660000004,99461621479.6342,1.104384649678568
Region Hovedstaden,2025-11-23 01:00:00,24,27485377.662,2.724275e+07,242627.66200000048,58868182367.58648,0.8866653122082482
Region Hovedstaden,2025-11-24 01:00:00,24,25968470.461,2.6232342e+07,263871.5390000008,69628189094.22894,1.010986329751642
Region Hovedstaden,2025-11-25 01:00:00,24,28715035.145,2.883281e+07,117774.85500000045,13870916470.27113,0.40931108611712536
Region Hovedstaden,2025-11-26 01:00:00,24,27903465.851999998,2.7992748e+07,89282.14800000191,7971301951.494245,0.3194568713952612
Region Hovedstaden,2025-11-27 01:00:00,24,28241535.639000002,2.8178732e+07,62803.639000002295,3944297071.642609,0.22262793718684826
Region Hovedstaden,2025-11-28 01:00:00,24,29848860.461,2.9114556e+07,734304.4609999992,539203041444.4993,2.4907120552815596
Region Hovedstaden,2025-11-29 01:00:00,24,28126626.104000002,2.793353e+07,193096.10400000215,37286105379.979645,0.6888889272508621
Region Hovedstaden,2025-11-30 01:00:00,24,24923168.553999998,2.5094932e+07,171763.44600000232,29502681381.795715,0.6868051529248494
Region Hovedstaden,2025-12-01 01:00:00,24,25502709.449,2.5702286e+07,199576.55099999905,39830799709.05522,0.7795198466476835
Region Hovedstaden,2025-12-02 01:00:00,24,28232823.608999997,2.8295594e+07,62770.39100000262,3940121986.29321,0.22208437332945555
Region Hovedstaden,2025-12-03 01:00:00,24,27870093.759,2.8043522e+07,173428.2410000004,30077354776.354214,0.6203435018315192
Region Hovedstaden,2025-12-04 01:00:00,24,27645179.62,2.7682152e+07,36972.37999999896,1366956882.864323,0.1336496046978488
Region Hovedstaden,2025-12-05 01:00:00,24,27629235.993,2.759182e+07,37415.993000000715,1399956532.1761026,0.13551350051959776
Region Hovedstaden,2025-12-06 01:00:00,24,27276172.301,2.7019906e+07,256266.30099999905,65672417028.222115,0.9439587867813992
Region Hovedstaden,2025-12-07 01:00:00,24,26244060.995,2.6199088e+07,44972.99500000104,2022570279.2701187,0.17151142088850851
Region Hovedstaden,2025-12-08 01:00:00,24,25901418.725,2.6124446e+07,223027.2749999985,49741165393.92496,0.8573707565607349
Region Hovedstaden,2025-12-09 01:00:00,24,27799551.98,2.8144844e+07,345292.01999999955,119226579075.68008,1.2344114685711887
Region Hovedstaden,2025-12-10 01:00:00,24,27097233.776,2.694406e+07,153173.77600000054,23462205654.09834,0.5668767910513118
Region Hovedstaden,2025-12-11 01:00:00,24,27472007.562,2.747388e+07,1872.4380000010133,3506024.0638477947,0.006815571039372825
Region Hovedstaden,2025-12-12 01:00:00,24,27493193.724,2.7566006e+07,72812.27600000054,5301627536.300254,0.26448722961827603
Region Hovedstaden,2025-12-13 01:00:00,24,25850668.279999997,2.5956326e+07,105657.72000000253,11163553795.598936,0.4078897896641401
Region Hovedstaden,2025-12-14 01:00:00,24,24589383.658,2.457485e+07,14533.657999999821,211227214.8609588,0.0591228904373857
Region Hovedstaden,2025-12-15 01:00:00,24,26905862.879,2.688723e+07,18632.879000000656,347184179.82866544,0.06927610220112347
Region Hovedstaden,2025-12-16 01:00:00,24,27649233.817,2.7746238e+07,97004.18299999833,9409811519.497166,0.3502242324804219
Region Hovedstaden,2025-12-17 01:00:00,24,26842129.964,2.6906554e+07,64424.03599999845,4150456414.529096,0.23972321273260802
Region Hovedstaden,2025-12-18 01:00:00,24,26908282.798,2.680201e+07,106272.79800000042,11293907594.748892,0.39572600506827876
Region Hovedstaden,2025-12-19 01:00:00,24,28306843.222999997,2.8039612e+07,267231.22299999744,71412526546.07436,0.9485289604905497
Region Hovedstaden,2025-12-20 01:00:00,24,26918492.246,2.7165152e+07,246659.75400000066,60841034243.34084,0.9121417664758916
Region Hovedstaden,2025-12-21 01:00:00,24,23641055.452,2.397586e+07,334804.5480000004,112094085361.48459,1.4062420668029139
Region Hovedstaden,2025-12-22 01:00:00,24,24471350.573,2.4521126e+07,49775.42700000107,2477593133.032436,0.20319620677201103
Region Hovedstaden,2025-12-23 01:00:00,24,27168764.033,2.7113234e+07,55530.03299999982,3083584564.981069,0.20459833835239852
Region Hovedstaden,2025-12-24 01:00:00,24,27588361.526,2.7564438e+07,23923.526000000536,572335096.2727016,0.08675362340844571
Region Hovedstaden,2025-12-25 01:00:00,24,27083039.138,2.7094642e+07,11602.861999999732,134626406.59103778,0.042832626854018424
Region Hovedstaden,2025-12-26 01:00:00,24,26407360.691,2.6591266e+07,183905.30900000036,33821162678.385612,0.6940002806949349
Region Hovedstaden,2025-12-27 01:00:00,24,23922480.626000002,2.3913484e+07,8996.626000002027,80939279.38391246,0.03761448554593229
Region Hovedstaden,2025-12-28 01:00:00,24,25274218.781999998,2.5079778e+07,194440.7819999978,37807217704.77067,0.7722953267912366
Region Hovedstaden,2025-12-29 01:00:00,24,25195483.219,2.4980942e+07,214541.2190000005,46027934650.00618,0.8551474843559063
Region Hovedstaden,2025-12-30 01:00:00,24,27635882.552,2.7564054e+07,71828.55200000107,5159340882.416858,0.26024867594670664
Region Hovedstaden,2024-12-25 01:00:00,168,178996089.36999997,1.7814648e+08,849609.369999975,721836081591.7544,0.47578163056769573
Region Hovedstaden,2024-12-26 01:00:00,168,172979359.39099997,1.7134709e+08,1632271.3909999728,2664309893876.9863,0.9480952760776151
Region Hovedstaden,2024-12-27 01:00:00,168,166583981.094,1.6537014e+08,1213837.0940000117,1473400490770.3933,0.7313282181122391
Region Hovedstaden,2024-12-28 01:00:00,168,162605410.74400002,1.6303886e+08,433453.25599998236,187881725136.98624,0.26621272942122787
Region Hovedstaden,2024-12-29 01:00:00,168,159396040.748,1.5995694e+08,560903.252000004,314612458104.18005,0.35127478294440256
Region Hovedstaden,2024-12-30 01:00:00,168,159166100.639,1.6166838e+08,2502283.3610000014,6261422018737.464,1.5598593547794888
Region Hovedstaden,2024-12-31 01:00:00,168,160194762.698,1.6307413e+08,2879365.301999986,8290744542361.472,1.781405749116706
Region Hovedstaden,2025-01-01 01:00:00,168,161740697.57200003,1.6158728e+08,153417.5720000267,23536951398.383377,0.09489903914415389
Region Hovedstaden,2025-01-02 01:00:00,168,164789822.86400002,1.6404186e+08,747966.8640000224,559454429642.0281,0.45492384832507005
Region Hovedstaden,2025-01-03 01:00:00,168,170280840.512,1.6905754e+08,1223304.5119999945,1496473929079.5447,0.720993908542929
Region Hovedstaden,2025-01-04 01:00:00,168,175047250.78599998,1.7394952e+08,1097730.7859999835,1205012878532.1416,0.6290779043758526
Region Hovedstaden,2025-01-05 01:00:00,168,178010229.318,1.7763634e+08,373893.3179999888,139796213245.04074,0.21026117188320015
Region Hovedstaden,2025-01-06 01:00:00,168,180019456.12600002,1.7717768e+08,2841776.126000017,8075691550303.664,1.5911528053223754
Region Hovedstaden,2025-01-07 01:00:00,168,182948594.757,1.8286523e+08,83362.75699999928,6949349254.64093,0.04557660257898062
Region Hovedstaden,2025-01-08 01:00:00,168,188436459.589,1.9089845e+08,2461988.4110000134,6061386935898.371,1.2980552866321056
Region Hovedstaden,2025-01-09 01:00:00,168,192222522.595,1.9559763e+08,3375109.405000001,11391363495719.463,1.7405538959287057
Region Hovedstaden,2025-01-10 01:00:00,168,192328819.851,1.922329e+08,95923.85100001097,9201385190.672304,0.04988736374224888
Region Hovedstaden,2025-01-11 01:00:00,168,192803065.593,1.9477669e+08,1973622.4070000052,3895185405412.494,1.0184342131929414
Region Hovedstaden,2025-01-12 01:00:00,168,196080004.099,1.9885726e+08,2777259.900999993,7713172557702.491,1.406430907049172
Region Hovedstaden,2025-01-13 01:00:00,168,195686008.031,1.952007e+08,485304.0309999883,235520002504.83762,0.24830930091146222
Region Hovedstaden,2025-01-14 01:00:00,168,196945416.53399998,1.9565454e+08,1290872.5339999795,1666351899035.5283,0.6576019682957596
Region Hovedstaden,2025-01-15 01:00:00,168,196151824.961,1.9556438e+08,587440.9609999955,345086882660.5982,0.29993191374854866
Region Hovedstaden,2025-01-16 01:00:00,168,194217156.43,1.9304901e+08,1168148.4300000072,1364570754511.4817,0.6032793656111699
Region Hovedstaden,2025-01-17 01:00:00,168,194793699.137,1.9236981e+08,2423891.1369999945,5875248244027.126,1.2521278954848847
Region Hovedstaden,2025-01-18 01:00:00,168,193051220.284,1.9291854e+08,132676.2840000093,17602996336.051125,0.0687495738150022
Region Hovedstaden,2025-01-19 01:00:00,168,188220307.07500002,1.8794e+08,280307.0750000179,78572056295.06564,0.14903596670242475
Region Hovedstaden,2025-01-20 01:00:00,168,186840935.539,1.8679016e+08,50775.53900000453,2578155360.740981,0.02717950385085361
Region Hovedstaden,2025-01-21 01:00:00,168,183445013.512,1.8413149e+08,686474.4880000055,471247222674.8697,0.3735138047052743
Region Hovedstaden,2025-01-22 01:00:00,168,181988028.668,1.8198155e+08,6476.668000012636,41947228.38238768,0.003558906207560472
Region Hovedstaden,2025-01-23 01:00:00,168,183307315.611,1.8260773e+08,699587.6110000014,489422825464.68933,0.3823770698773045
Region Hovedstaden,2025-01-24 01:00:00,168,184481005.764,1.8516291e+08,681906.2360000014,464996114695.68964,0.3689530400634732
Region Hovedstaden,2025-01-25 01:00:00,168,187392594.368,1.8777045e+08,377853.6319999993,142773367215.59088,0.201434357507614
Region Hovedstaden,2025-01-26 01:00:00,168,188449687.713,1.8885344e+08,403752.2870000005,163015909257.73074,0.2140201113345232
Region Hovedstaden,2025-01-27 01:00:00,168,188395216.998,1.8791947e+08,475744.99799999595,226333303122.01614,0.25284423484331453
Region Hovedstaden,2025-01-28 01:00:00,168,189350633.0,1.898068e+08,456167.0,208088331889.0,0.24062142017930582
Region Hovedstaden,2025-01-29 01:00:00,168,188670855.701,1.890517e+08,380840.298999995,145039333342.40558,0.20165081342639188
Region Hovedstaden,2025-01-30 01:00:00,168,187343748.991,1.8726854e+08,75204.99099999666,5655790671.309579,0.040150839898787545
Region Hovedstaden,2025-01-31 01:00:00,168,185183975.648,1.8528592e+08,101944.35199999809,10392650904.699514,0.05503516112783424
Region Hovedstaden,2025-02-01 01:00:00,168,182471875.97,1.8262397e+08,152092.0300000012,23131985589.521263,0.08331622093868514
Region Hovedstaden,2025-02-02 01:00:00,168,182061796.34199998,1.8211054e+08,48747.65800002217,2376334160.487126,0.026771752052471905
Region Hovedstaden,2025-02-03 01:00:00,168,181949602.55,1.8224186e+08,292253.4499999881,85412079036.89554,0.1604944010293775
Region Hovedstaden,2025-02-04 01:00:00,168,181133882.96,1.8158234e+08,448453.03999999166,201110129085.23413,0.24727487581659344
Region Hovedstaden,2025-02-05 01:00:00,168,182298309.18899998,1.8220202e+08,96293.18899998069,9272378247.786001,0.052835721861181295
Region Hovedstaden,2025-02-06 01:00:00,168,182845224.00399998,1.8237736e+08,467864.0039999783,218896726238.89172,0.2562075974988744
Region Hovedstaden,2025-02-07 01:00:00,168,183352642.577,1.8323266e+08,119986.57699999213,14396778660.175041,0.0654617506298002
Region Hovedstaden,2025-02-08 01:00:00,168,184652492.327,1.8436958e+08,282908.32699999213,80037121485.93448,0.1533286733497753
Region Hovedstaden,2025-02-09 01:00:00,168,186431333.59600002,1.8697526e+08,543930.4039999843,295860284395.5861,0.2913341154129682
Region Hovedstaden,2025-02-10 01:00:00,168,186680092.329,1.8560522e+08,1074876.3289999962,1155359122644.508,0.5774476214624591
Region Hovedstaden,2025-02-11 01:00:00,168,188120476.172,1.8985917e+08,1738691.828000009,3023049272754.013,0.9199923090084796
Region Hovedstaden,2025-02-12 01:00:00,168,189294757.529,1.9107485e+08,1780090.470999986,3168722084944.9517,0.9359793448923557
Region Hovedstaden,2025-02-13 01:00:00,168,190547546.367,1.9209813e+08,1550581.6329999864,2404303400596.905,0.8104529787590414
Region Hovedstaden,2025-02-14 01:00:00,168,191939890.148,1.938976e+08,1957709.851999998,3832627864617.8545,1.0147846707426265
Region Hovedstaden,2025-02-15 01:00:00,168,191617078.695,1.9194344e+08,326361.30500000715,106511701401.3077,0.17017460822630884
Region Hovedstaden,2025-02-16 01:00:00,168,191608133.841,1.906833e+08,924837.8409999907,855325032145.524,0.48383917022918504
Region Hovedstaden,2025-02-17 01:00:00,168,194191008.604,1.9424123e+08,50223.395999997854,2522389505.7726007,0.025859540352212808
Region Hovedstaden,2025-02-18 01:00:00,168,195180611.293,1.9686651e+08,1685900.7069999874,2842261193863.057,0.8600500331895123
Region Hovedstaden,2025-02-19 01:00:00,168,194905570.493,1.9687645e+08,1970877.5069999993,3884358147598.532,1.0061092209290423
Region Hovedstaden,2025-02-20 01:00:00,168,195757106.245,1.9693496e+08,1177853.7549999952,1387339468167.5889,0.5998867083121225
Region Hovedstaden,2025-02-21 01:00:00,168,197410804.5,1.9691526e+08,495540.5,245560387140.25,0.2513353996021696
Region Hovedstaden,2025-02-22 01:00:00,168,198576861.40300003,1.9784563e+08,731229.4030000269,534696439811.7758,0.3689141838158335
Region Hovedstaden,2025-02-23 01:00:00,168,197573871.672,1.9519146e+08,2382415.671999991,5675904434191.168,1.2131496871788827
Region Hovedstaden,2025-02-24 01:00:00,168,194386757.021,1.9101155e+08,3375205.020999998,11392008933783.596,1.751541167668219
Region Hovedstaden,2025-02-25 01:00:00,168,192456644.538,1.917956e+08,661044.5379999876,436979881219.61707,0.34406801646391666
Region Hovedstaden,2025-02-26 01:00:00,168,189223093.055,1.8721523e+08,2007861.0550000072,4031506016185.7417,1.0667676064633675
Region Hovedstaden,2025-02-27 01:00:00,168,186263014.69799998,1.853162e+08,946822.697999984,896473221447.969,0.5096209265388263
Region Hovedstaden,2025-02-28 01:00:00,168,182674416.803,1.8161854e+08,1055872.803000003,1114867376115.0833,0.5796833409421772
Region Hovedstaden,2025-03-01 01:00:00,168,179965900.824,1.7968142e+08,284476.82400000095,80927063393.12752,0.15819765885327516
Region Hovedstaden,2025-03-02 01:00:00,168,179261279.71400002,1.7877066e+08,490623.71400001645,240711628739.16995,0.2740670119393664
Region Hovedstaden,2025-03-03 01:00:00,168,180116905.318,1.8054029e+08,423382.6820000112,179252895417.5226,0.23478399424392166
Region Hovedstaden,2025-03-04 01:00:00,168,180438681.963,1.820014e+08,1562726.0370000005,2442112666717.727,0.8623361930847842
Region Hovedstaden,2025-03-05 01:00:00,168,182903069.728,1.8189173e+08,1011341.7279999852,1022812090793.9961,0.5544715737717656
Region Hovedstaden,2025-03-06 01:00:00,168,184654472.741,1.8227192e+08,2382552.7409999967,5676557563646.598,1.2986543285708827
Region Hovedstaden,2025-03-07 01:00:00,168,183472770.65,1.8074627e+08,2726498.650000006,7433794888451.855,1.4971752328831762
Region Hovedstaden,2025-03-08 01:00:00,168,181567369.364,1.810367e+08,530665.3639999926,281605728549.2446,0.2926968575266304
Region Hovedstaden,2025-03-09 01:00:00,168,179261800.078,1.7899968e+08,262120.07800000906,68706935290.730835,0.14632892039799578
Region Hovedstaden,2025-03-10 01:00:00,168,176513660.088,1.7627574e+08,237916.08799999952,56604064929.22352,0.13487711662714996
Region Hovedstaden,2025-03-11 01:00:00,168,173366402.349,1.7324616e+08,120242.34900000691,14458222493.039463,0.06938141432908387
Region Hovedstaden,2025-03-12 01:00:00,168,171850795.347,1.7174595e+08,104843.34700000286,10992127410.16301,0.06102697293238406
Region Hovedstaden,2025-03-13 01:00:00,168,170042085.86,1.7013016e+08,88074.1399999857,7757054136.737081,0.05178208455973399
Region Hovedstaden,2025-03-14 01:00:00,168,172015128.324,1.7191035e+08,104776.32400000095,10978078070.953176,0.06092966645058976
Region Hovedstaden,2025-03-15 01:00:00,168,175062993.306,1.7459067e+08,472321.3059999943,223087416101.54022,0.2701652251159109
Region Hovedstaden,2025-03-16 01:00:00,168,177380642.29799998,1.7635442e+08,1026226.2979999781,1053140414706.7397,0.5802231211900097
Region Hovedstaden,2025-03-17 01:00:00,168,179920434.11900002,1.793427e+08,577730.1190000176,333772090399.77454,0.3216194803757763
Region Hovedstaden,2025-03-18 01:00:00,168,181884813.624,1.7943128e+08,2453533.624000013,6019827244098.637,1.3581092385844613
Region Hovedstaden,2025-03-19 01:00:00,168,181979644.918,1.7623429e+08,5745356.918000013,33009126115210.605,3.207779703708623
Region Hovedstaden,2025-03-20 01:00:00,168,181405350.021,1.763305e+08,5074854.020999998,25754143334459.848,2.837207440879207
Region Hovedstaden,2025-03-21 01:00:00,168,179564578.123,1.7478717e+08,4777410.122999996,22823647483342.836,2.696422509706892
Region Hovedstaden,2025-03-22 01:00:00,168,178256102.739,1.7248834e+08,5767766.738999993,33267133155514.61,3.288871384382502
Region Hovedstaden,2025-03-23 01:00:00,168,178217130.079,1.7536165e+08,2855482.078999996,8153777903490.141,1.6151886120054395
Region Hovedstaden,2025-03-24 01:00:00,168,176947611.981,1.7461469e+08,2332923.981000006,5442534301124.917,1.3271752865003374
Region Hovedstaden,2025-03-25 01:00:00,168,174119877.19099998,1.7168758e+08,2432293.1909999847,5916050166984.889,1.4067326266604496
Region Hovedstaden,2025-03-26 01:00:00,168,172886805.48799998,1.691706e+08,3716213.4879999757,13810242688392.945,2.172859593326203
Region Hovedstaden,2025-03-27 01:00:00,168,171580937.968,1.6883152e+08,2749417.9679999948,7559299162761.22,1.6153450930743847
Region Hovedstaden,2025-03-28 01:00:00,168,170707240.276,1.6765774e+08,3049496.275999993,9299427537337.826,1.8024892750205843
Region Hovedstaden,2025-03-29 01:00:00,168,168762106.234,1.6577352e+08,2988586.2339999974,8931647678054.287,1.7867073038789298
Region Hovedstaden,2025-03-30 01:00:00,168,165904507.654,1.6422366e+08,1680843.654000014,2825235389192.119,1.0182976179092458
Region Hovedstaden,2025-03-31 02:00:00,168,165353001.747,1.6283557e+08,2517433.747000009,6337472670534.505,1.534138589251109
Region Hovedstaden,2025-04-01 02:00:00,168,165421958.11400002,1.6289011e+08,2531846.1140000224,6410244744977.015,1.5423411713866553
Region Hovedstaden,2025-04-02 02:00:00,168,163681359.102,1.6332448e+08,356879.1019999981,127362693444.32504,0.21827078255240573
Region Hovedstaden,2025-04-03 02:00:00,168,163120715.279,1.6270355e+08,417163.27900001407,174025201346.04358,0.256066426533418
Region Hovedstaden,2025-04-04 02:00:00,168,161697271.135,1.6173498e+08,37704.86500000954,1421656844.6689441,0.023315464264311032
Region Hovedstaden,2025-04-05 02:00:00,168,160738940.782,1.6049357e+08,245372.78200000525,60207802146.4221,0.1527695829605615
Region Hovedstaden,2025-04-06 02:00:00,168,161388228.571,1.617638e+08,375579.4289999902,141059907487.9587,0.23244750860016405
Region Hovedstaden,2025-04-07 02:00:00,168,160423812.071,1.6088302e+08,459211.9289999902,210875595735.89206,0.28584012379899504
Region Hovedstaden,2025-04-08 02:00:00,168,160307923.53699997,1.6048874e+08,180812.46300002933,32693146776.136974,0.11272714825708766
Region Hovedstaden,2025-04-09 02:00:00,168,160036489.058,1.5991213e+08,124361.05799999833,15465672746.878948,0.07773814379541719
Region Hovedstaden,2025-04-10 02:00:00,168,160108914.81899998,1.5971147e+08,397442.8189999759,157960794374.6476,0.2485412658980403
Region Hovedstaden,2025-04-11 02:00:00,168,161654224.995,1.6141165e+08,242576.99500000477,58843598503.23234,0.15017184746329368
Region Hovedstaden,2025-04-12 02:00:00,168,162532989.586,1.6154349e+08,989501.5859999955,979113388696.5065,0.6106593069454799
Region Hovedstaden,2025-04-13 02:00:00,168,161511763.59899998,1.5848186e+08,3029907.598999977,9180340058477.807,1.8937300079901007
Region Hovedstaden,2025-04-14 02:00:00,168,160387129.156,1.5899547e+08,1391657.1559999883,1936709639845.9758,0.871467106199842
Region Hovedstaden,2025-04-15 02:00:00,168,158972929.115,1.588205e+08,152433.11500000954,23235854548.606133,0.09593220183510626
Region Hovedstaden,2025-04-16 02:00:00,168,158473432.657,1.5846939e+08,4040.657000005245,16326908.991691388,0.0025497702965057503
Region Hovedstaden,2025-04-17 02:00:00,168,156329390.58200002,1.5565829e+08,671102.5820000172,450378675567.0898,0.4302109525928798
Region Hovedstaden,2025-04-18 02:00:00,168,150750261.479,1.501628e+08,587461.4790000021,345110989308.86993,0.3904526284851877
Region Hovedstaden,2025-04-19 02:00:00,168,146357858.17200002,1.4586085e+08,497010.17200002074,247019111071.4902,0.34016314596060143
Region Hovedstaden,2025-04-20 02:00:00,168,146055537.18600002,1.4591397e+08,141569.1860000193,20041834424.708065,0.09697532343991354
Region Hovedstaden,2025-04-21 02:00:00,168,145696174.1,1.45268e+08,428174.09999999404,183333059910.8049,0.2943139658512302
Region Hovedstaden,2025-04-22 02:00:00,168,143930910.06100002,1.4403195e+08,101041.93899998069,10209473436.875818,0.07017706260925875
Region Hovedstaden,2025-04-23 02:00:00,168,144025771.702,1.4487666e+08,850884.2980000079,724004088582.9662,0.5890461390498847
Region Hovedstaden,2025-04-24 02:00:00,168,144916255.938,1.4669069e+08,1774432.0620000064,3148609142653.5947,1.21700261182894
Region Hovedstaden,2025-04-25 02:00:00,168,148400698.476,1.487208e+08,320101.52399998903,102464985667.11555,0.21546843674514196
Region Hovedstaden,2025-04-26 02:00:00,168,151108771.457,1.5133373e+08,224956.54300001264,50605446238.51653,0.1487598756152959
Region Hovedstaden,2025-04-27 02:00:00,168,151318120.438,1.503628e+08,955320.4379999936,912637139260.4995,0.6333316913863809
Region Hovedstaden,2025-04-28 02:00:00,168,151284712.61900002,1.5129894e+08,14231.380999982357,202532205.16665882,0.009406576124434827
Region Hovedstaden,2025-04-29 02:00:00,168,153221088.89799997,1.5283493e+08,386160.8979999721,149120239144.14487,0.2523465487879422
Region Hovedstaden,2025-04-30 02:00:00,168,152477309.17000002,1.516707e+08,806605.1700000167,650611900270.7559,0.5304030505365649
Region Hovedstaden,2025-05-01 02:00:00,168,152154847.397,1.5191091e+08,243935.39700001478,59504477909.55482,0.16044910645892443
Region Hovedstaden,2025-05-02 02:00:00,168,151289523.20999998,1.5034782e+08,941699.2099999785,886797402114.5837,0.6243916535603049
Region Hovedstaden,2025-05-03 02:00:00,168,151214491.74,1.5054453e+08,669963.7400000095,448851412914.80035,0.4440389159384599
Region Hovedstaden,2025-05-04 02:00:00,168,151347113.653,1.4996365e+08,1383465.6529999971,1913977213030.7085,0.9182982017703335
Region Hovedstaden,2025-05-05 02:00:00,168,152081898.82299998,1.5142824e+08,653658.822999984,427269856885.7244,0.4307327758702536
Region Hovedstaden,2025-05-06 02:00:00,168,151917338.00800002,1.5012717e+08,1790170.0080000162,3204708657542.7783,1.1853683628680878
Region Hovedstaden,2025-05-07 02:00:00,168,152193564.184,1.5140256e+08,791004.1839999855,625687619105.4828,0.5210897774970162
Region Hovedstaden,2025-05-08 02:00:00,168,151993186.39299998,1.5079622e+08,1196962.3929999769,1432718970256.2312,0.7906236822789814
Region Hovedstaden,2025-05-09 02:00:00,168,152438615.321,1.5110358e+08,1335031.3210000098,1782308628051.0312,0.8796347420466543
Region Hovedstaden,2025-05-10 02:00:00,168,152481737.86999997,1.5171742e+08,764313.869999975,584175691874.3386,0.5025088598545223
Region Hovedstaden,2025-05-11 02:00:00,168,151942663.816,1.5058219e+08,1360471.8160000145,1850883562130.3774,0.8994115953417549
Region Hovedstaden,2025-05-12 02:00:00,168,151207859.35500002,1.5085454e+08,353315.3550000191,124831740078.7895,0.23393533990046675
Region Hovedstaden,2025-05-13 02:00:00,168,152218760.207,1.5127122e+08,947544.2069999874,897840024219.2349,0.6244319623615511
Region Hovedstaden,2025-05-14 02:00:00,168,152248435.65800002,1.5132686e+08,921571.6580000222,849294320828.9098,0.6071453501244934
Region Hovedstaden,2025-05-15 02:00:00,168,153148957.236,1.5239301e+08,755949.2360000014,571459247408.9858,0.4948251448314851
Region Hovedstaden,2025-05-16 02:00:00,168,153834073.003,1.528015e+08,1032569.0029999912,1066198745956.3958,0.6734828444188581
Region Hovedstaden,2025-05-17 02:00:00,168,153741737.46,1.5211066e+08,1631081.4600000083,2660426729155.759,1.0665808049092964
Region Hovedstaden,2025-05-18 02:00:00,168,153098163.84899998,1.5084709e+08,2251075.848999977,5067342477950.968,1.4812377132433783
Region Hovedstaden,2025-05-19 02:00:00,168,152979117.555,1.5125214e+08,1726973.5550000072,2982437659669.363,1.1353031546942447
Region Hovedstaden,2025-05-20 02:00:00,168,151333741.282,1.4922155e+08,2112189.2820000052,4461343562995.697,1.4055245934519047
Region Hovedstaden,2025-05-21 02:00:00,168,151063869.677,1.4890606e+08,2157805.676999986,4656125339693.368,1.438681304189277
Region Hovedstaden,2025-05-22 02:00:00,168,150964783.588,1.5058963e+08,375151.5879999995,140738713978.9214,0.24881186851035997
Region Hovedstaden,2025-05-23 02:00:00,168,152032309.09300002,1.5072438e+08,1307925.0930000246,1710668048899.1228,0.8640106876833004
Region Hovedstaden,2025-05-24 02:00:00,168,152976445.717,1.5026192e+08,2714525.7170000076,7368649868254.405,1.7903577013294973
Region Hovedstaden,2025-05-25 02:00:00,168,153890662.546,1.5170347e+08,2187190.546000004,4783802484511.795,1.431434899265564
Region Hovedstaden,2025-05-26 02:00:00,168,154934049.977,1.5258202e+08,2352033.976999998,5532063828962.428,1.5296982741551548
Region Hovedstaden,2025-05-27 02:00:00,168,155380581.49400002,1.5154917e+08,3831413.4940000176,14679729362005.424,2.49660614542346
Region Hovedstaden,2025-05-28 02:00:00,168,156192831.981,1.5251202e+08,3680815.981000006,13548406285985.037,2.3846829779793746
Region Hovedstaden,2025-05-29 02:00:00,168,155810283.266,1.5250547e+08,3304811.2660000026,10921777503880.541,2.143783578720309
Region Hovedstaden,2025-05-30 02:00:00,168,152487026.216,1.5037829e+08,2108738.2159999907,4446776863618.823,1.392525401238957
Region Hovedstaden,2025-05-31 02:00:00,168,151095042.92,1.497931e+08,1301938.919999987,1695044951410.7322,0.8653972802365963
Region Hovedstaden,2025-06-01 02:00:00,168,148798679.623,1.475427e+08,1255975.622999996,1577474765570.228,0.8476545581617615
Region Hovedstaden,2025-06-02 02:00:00,168,147328988.431,1.4644362e+08,885372.4309999943,783884341574.8396,0.6027603783646522
Region Hovedstaden,2025-06-03 02:00:00,168,147521576.216,1.455828e+08,1938776.2159999907,3758853215727.2427,1.3229254650031097
Region Hovedstaden,2025-06-04 02:00:00,168,147070712.781,1.4520984e+08,1860872.7809999883,3462847507066.6304,1.2733469697481399
Region Hovedstaden,2025-06-05 02:00:00,168,146991345.52400002,1.4560749e+08,1383857.5240000188,1915061646731.4626,0.9459077518068846
Region Hovedstaden,2025-06-06 02:00:00,168,146662960.695,1.4552434e+08,1138624.6949999928,1296466196063.8267,0.7793800126694401
Region Hovedstaden,2025-06-07 02:00:00,168,146949056.842,1.457525e+08,1196560.8420000076,1431757848607.7673,0.8175978776893676
Region Hovedstaden,2025-06-08 02:00:00,168,147225932.29000002,1.4579074e+08,1435196.2900000215,2059788390829.8257,0.9796004427840949
Region Hovedstaden,2025-06-09 02:00:00,168,146706327.06599998,1.4563933e+08,1066999.0659999847,1138487006844.8398,0.7299571910922356
Region Hovedstaden,2025-06-10 02:00:00,168,144100288.2,1.4245867e+08,1641616.199999988,2694903748102.401,1.1457441071493588
Region Hovedstaden,2025-06-11 02:00:00,168,144099808.354,1.4267637e+08,1423440.3540000021,2026182441395.6514,0.992718692394371
Region Hovedstaden,2025-06-12 02:00:00,168,143834230.02499998,1.4322978e+08,604454.0249999762,365364668338.6718,0.4211283980669699
Region Hovedstaden,2025-06-13 02:00:00,168,145980410.761,1.4453909e+08,1441322.7610000074,2077411301376.6843,0.9922382264508393
Region Hovedstaden,2025-06-14 02:00:00,168,145836640.267,1.4461797e+08,1218672.2669999897,1485162094354.8943,0.8391481713932576
Region Hovedstaden,2025-06-15 02:00:00,168,146297398.40399998,1.4528296e+08,1014438.4039999843,1029085275510.0353,0.6958208087490079
Region Hovedstaden,2025-06-16 02:00:00,168,146324664.713,1.4540747e+08,917192.7129999995,841242472780.2994,0.6287910021392773
Region Hovedstaden,2025-06-17 02:00:00,168,148887508.303,1.461892e+08,2698308.303000003,7280867698038.757,1.8288859995206679
Region Hovedstaden,2025-06-18 02:00:00,168,148658222.627,1.4622435e+08,2433870.627000004,5923726228973.393,1.6507388611067522
Region Hovedstaden,2025-06-19 02:00:00,168,149064136.82000002,1.4720069e+08,1863448.8200000226,3472441504759.477,1.2579615694385506
Region Hovedstaden,2025-06-20 02:00:00,168,149120698.063,1.470732e+08,2047498.0629999936,4192248317988.7256,1.382538989756294
Region Hovedstaden,2025-06-21 02:00:00,168,148873185.606,1.4700496e+08,1868225.6060000062,3490266914914.0903,1.2628344700306389
Region Hovedstaden,2025-06-22 02:00:00,168,149228026.286,1.4765187e+08,1576154.2860000134,2484262333276.212,1.061812736463296
Region Hovedstaden,2025-06-23 02:00:00,168,149706977.37600002,1.4892182e+08,785153.3760000169,616465823844.224,0.525839016452696
Region Hovedstaden,2025-06-24 02:00:00,168,150058171.667,1.4766432e+08,2393851.6669999957,5730525803598.658,1.6081093864265368
Region Hovedstaden,2025-06-25 02:00:00,168,150323675.697,1.4780254e+08,2521131.696999997,6356105033618.084,1.6913183278963815
Region Hovedstaden,2025-06-26 02:00:00,168,149884444.961,1.4863168e+08,1252764.9609999955,1569420047509.32,0.8393281677253881
Region Hovedstaden,2025-06-27 02:00:00,168,149079759.792,1.4771392e+08,1365839.7919999957,1865518337410.5916,0.9203968177201134
Region Hovedstaden,2025-06-28 02:00:00,168,149718600.187,1.4770589e+08,2012712.1870000064,4051010347698.349,1.3534273517751179
Region Hovedstaden,2025-06-29 02:00:00,168,150315734.24199998,1.4889454e+08,1421190.2419999838,2019781703955.9724,0.949960843825379
Region Hovedstaden,2025-06-30 02:00:00,168,149548486.944,1.4888998e+08,658502.9440000057,433626127256.6747,0.44129896652872846
Region Hovedstaden,2025-07-01 02:00:00,168,147742645.27,1.4697654e+08,766101.2700000107,586911155895.6294,0.519885571005806
Region Hovedstaden,2025-07-02 02:00:00,168,146508896.791,1.4543598e+08,1072912.7910000086,1151141857091.428,0.7350105184876282
Region Hovedstaden,2025-07-03 02:00:00,168,146698338.18,1.4561533e+08,1083010.1800000072,1172911049983.648,0.7409918216640029
Region Hovedstaden,2025-07-04 02:00:00,168,147059883.312,1.458714e+08,1188491.3120000064,1412511598699.4966,0.8114471974589594
Region Hovedstaden,2025-07-05 02:00:00,168,146183793.594,1.4543709e+08,746705.5940000117,557569244110.9103,0.5121070822627779
Region Hovedstaden,2025-07-06 02:00:00,168,145595185.643,1.4463866e+08,956529.6430000067,914948957937.7202,0.659144114680175
Region Hovedstaden,2025-07-07 02:00:00,168,145129703.25500003,1.4427078e+08,858919.255000025,737742286609.798,0.5935852169061512
Region Hovedstaden,2025-07-08 02:00:00,168,145107159.746,1.446466e+08,460567.7459999919,212122648655.51306,0.3179028697469488
Region Hovedstaden,2025-07-09 02:00:00,168,144534057.44799998,1.4418114e+08,352921.447999984,124553548458.40543,0.2444772260061528
Region Hovedstaden,2025-07-10 02:00:00,168,143101287.021,1.4230296e+08,798327.0209999979,637326032458.731,0.5594359784991265
Region Hovedstaden,2025-07-11 02:00:00,168,141592362.737,1.4096629e+08,626074.7369999886,391969576309.60486,0.443146748731276
Region Hovedstaden,2025-07-12 02:00:00,168,140770866.43899998,1.4017013e+08,600738.4389999807,360886672092.13354,0.42766164489420394
Region Hovedstaden,2025-07-13 02:00:00,168,139886510.994,1.3866067e+08,1225838.9939999878,1502681239210.9023,0.8801661397712953
Region Hovedstaden,2025-07-14 02:00:00,168,139334179.75599998,1.3755272e+08,1781459.7559999824,3173598862247.5166,1.2867779281503398
Region Hovedstaden,2025-07-15 02:00:00,168,138415901.782,1.3805664e+08,359261.78200000525,129069028005.81929,0.25988966548677006
Region Hovedstaden,2025-07-16 02:00:00,168,137732435.847,1.3755989e+08,172547.84700000286,29772759504.336395,0.12535609027435163
Region Hovedstaden,2025-07-17 02:00:00,168,136929357.25899997,1.3703229e+08,102930.74100002646,10594737442.81453,0.07514244623747753
Region Hovedstaden,2025-07-18 02:00:00,168,136723640.87100002,1.3668322e+08,40424.871000021696,1634170195.368395,0.02957121958290543
Region Hovedstaden,2025-07-19 02:00:00,168,136116957.337,1.3540165e+08,715309.3370000124,511667447599.3973,0.5268952645894699
Region Hovedstaden,2025-07-20 02:00:00,168,135729245.97800002,1.3501574e+08,713501.978000015,509085072609.9339,0.5270656923756869
Region Hovedstaden,2025-07-21 02:00:00,168,136025433.316,1.3540491e+08,620521.3160000145,385046703610.3899,0.4572232447168734
Region Hovedstaden,2025-07-22 02:00:00,168,136236001.898,1.3530744e+08,928561.8980000019,862227198417.366,0.6839140665741418
Region Hovedstaden,2025-07-23 02:00:00,168,136897647.194,1.3530651e+08,1591135.1940000057,2531711205585.436,1.1690748581589476
Region Hovedstaden,2025-07-24 02:00:00,168,137105319.95700002,1.3598146e+08,1123863.9570000172,1263070193843.7363,0.8230819328849375
Region Hovedstaden,2025-07-25 02:00:00,168,137035296.67,1.3581392e+08,1221376.669999987,1491760970020.2568,0.8952759219222478
Region Hovedstaden,2025-07-26 02:00:00,168,137316433.78599998,1.3596021e+08,1356225.7859999835,1839348382611.2732,0.9925661974886455
Region Hovedstaden,2025-07-27 02:00:00,168,136957612.278,1.3480795e+08,2149660.277999997,4621039310811.025,1.5819960734988652
Region Hovedstaden,2025-07-28 02:00:00,168,136559023.406,1.3511653e+08,1442495.4059999883,2080792996331.071,1.0619250783036271
Region Hovedstaden,2025-07-29 02:00:00,168,136900787.138,1.353111e+08,1589683.1380000114,2527092479241.5635,1.1679747944545955
Region Hovedstaden,2025-07-30 02:00:00,168,137007878.05,1.357375e+08,1270374.050000012,1613850226913.4329,0.9315457812349874
Region Hovedstaden,2025-07-31 02:00:00,168,137576281.01,1.3603302e+08,1543257.0099999905,2381642198914.111,1.1280734841555091
Region Hovedstaden,2025-08-01 02:00:00,168,137828234.068,1.356584e+08,2169834.067999989,4708179882653.38,1.586793501184763
Region Hovedstaden,2025-08-02 02:00:00,168,138002777.719,1.3569797e+08,2304809.7190000117,5312147840796.913,1.6841822720982194
Region Hovedstaden,2025-08-03 02:00:00,168,138911234.735,1.3604426e+08,2866978.7350000143,8219567066942.282,2.085412971631242
Region Hovedstaden,2025-08-04 02:00:00,168,140315491.731,1.3777891e+08,2536579.731000006,6434236731720.063,1.8242580195562894
Region Hovedstaden,2025-08-05 02:00:00,168,141784579.251,1.396138e+08,2170787.250999987,4712317289104.081,1.5428570118223617
Region Hovedstaden,2025-08-06 02:00:00,168,143136459.214,1.4163837e+08,1498091.2139999866,2244277285463.9536,1.0521233415580056
Region Hovedstaden,2025-08-07 02:00:00,168,144268174.34100002,1.414998e+08,2768366.3410000205,7663852197981.842,1.9374923098953722
Region Hovedstaden,2025-08-08 02:00:00,168,145423366.567,1.4256584e+08,2857526.5670000017,8165458081110.815,1.9844678215988658
Region Hovedstaden,2025-08-09 02:00:00,168,146685603.715,1.441386e+08,2547011.7150000036,6487268676347.26,1.7515817133014664
Region Hovedstaden,2025-08-10 02:00:00,168,147015870.25,1.4540082e+08,1615054.25,2608400230443.0625,1.1046252323776204
Region Hovedstaden,2025-08-11 02:00:00,168,146828886.45499998,1.4553862e+08,1290262.4549999833,1664777202782.584,0.8826305309998358
Region Hovedstaden,2025-08-12 02:00:00,168,146327406.618,1.4531982e+08,1007582.6180000007,1015222732095.7354,0.6909598392996461
Region Hovedstaden,2025-08-13 02:00:00,168,146482235.91300002,1.468111e+08,328868.0869999826,108154218647.02812,0.22425881685382643
Region Hovedstaden,2025-08-14 02:00:00,168,146903713.57,1.4692683e+08,23118.430000007153,534461805.6652307,0.01573589291416919
Region Hovedstaden,2025-08-15 02:00:00,168,148085798.63500002,1.4790874e+08,177062.63500002027,31351176713.150402,0.11963912456583813
Region Hovedstaden,2025-08-16 02:00:00,168,149484373.61699998,1.48866e+08,618373.6169999838,382385930201.64264,0.41452846832617396
Region Hovedstaden,2025-08-17 02:00:00,168,149923569.487,1.486169e+08,1306673.4869999886,1707395601628.7092,0.8753744554316626
Region Hovedstaden,2025-08-18 02:00:00,168,150030889.5,1.4927006e+08,760825.5,578855441450.25,0.5084016546576087
Region Hovedstaden,2025-08-19 02:00:00,168,150484684.095,1.4961701e+08,867676.0949999988,752861805834.4469,0.5782547168879859
Region Hovedstaden,2025-08-20 02:00:00,168,150319256.017,1.4968542e+08,633832.0169999897,401743025774.27527,0.4225480862259037
Region Hovedstaden,2025-08-21 02:00:00,168,149806179.12,1.4930013e+08,506051.12000000477,256087736053.25922,0.3383754256957072
Region Hovedstaden,2025-08-22 02:00:00,168,148882870.466,1.4852382e+08,359046.4659999907,128914364747.08247,0.24145150239113902
Region Hovedstaden,2025-08-23 02:00:00,168,147855503.252,1.4743499e+08,420511.25200000405,176829713058.6109,0.28481191149829665
Region Hovedstaden,2025-08-24 02:00:00,168,148072792.196,1.4711171e+08,961080.1960000098,923675143143.4172,0.6511725258869692
Region Hovedstaden,2025-08-25 02:00:00,168,148296931.52,1.473596e+08,937331.5200000107,878590378385.5305,0.6340678592020917
Region Hovedstaden,2025-08-26 02:00:00,168,148056355.172,1.47734e+08,322355.17199999094,103912856915.14374,0.21796192226250494
Region Hovedstaden,2025-08-27 02:00:00,168,148294274.666,1.478833e+08,410978.6660000086,168903463907.1466,0.2775218022592737
Region Hovedstaden,2025-08-28 02:00:00,168,149173112.282,1.4806446e+08,1108648.2820000052,1229101013181.5632,0.7459677850072298
Region Hovedstaden,2025-08-29 02:00:00,168,149919222.771,1.4850219e+08,1417030.7709999979,2007976205960.8484,0.9496843730785114
Region Hovedstaden,2025-08-30 02:00:00,168,149896922.205,1.492665e+08,630426.2050000131,397437199950.71857,0.4214594209296119
Region Hovedstaden,2025-08-31 02:00:00,168,150629662.57799998,1.4945368e+08,1175982.5779999793,1382935023759.4773,0.7837706471123495
Region Hovedstaden,2025-09-01 02:00:00,168,151373785.111,1.5093237e+08,441417.11100000143,194849065883.5876,0.2920331633725781
Region Hovedstaden,2025-09-02 02:00:00,168,152134397.97300002,1.500189e+08,2115501.97300002,4475348597766.977,1.4002839056846805
Region Hovedstaden,2025-09-03 02:00:00,168,152093641.70499998,1.5002504e+08,2068601.7049999833,4279113013928.838,1.3693967505259035
Region Hovedstaden,2025-09-04 02:00:00,168,152415872.883,1.5094371e+08,1472160.8829999864,2167257665435.2996,0.9705715305272261
Region Hovedstaden,2025-09-05 02:00:00,168,152485743.89000002,1.5110674e+08,1379007.8900000155,1901662760682.295,0.908459847555953
Region Hovedstaden,2025-09-06 02:00:00,168,153346215.515,1.5222389e+08,1122327.5149999857,1259619050926.0432,0.7345793990248083
Region Hovedstaden,2025-09-07 02:00:00,168,152769640.352,1.5160656e+08,1163080.351999998,1352755905208.4395,0.7642386958342591
Region Hovedstaden,2025-09-08 02:00:00,168,152502525.526,1.51844e+08,658525.5259999931,433655868393.56757,0.4327471949034857
Region Hovedstaden,2025-09-09 02:00:00,168,152341022.143,1.5040475e+08,1936270.1430000067,3749142066673.266,1.279139336283797
Region Hovedstaden,2025-09-10 02:00:00,168,152563211.123,1.5103013e+08,1533083.122999996,2350343862027.421,1.0099583392894345
Region Hovedstaden,2025-09-11 02:00:00,168,152306280.267,1.5076955e+08,1536728.2669999897,2361533766596.792,1.014088293022442
Region Hovedstaden,2025-09-12 02:00:00,168,152969771.079,1.5142371e+08,1546059.0789999962,2390298675758.3164,1.0158292900106167
Region Hovedstaden,2025-09-13 02:00:00,168,152839818.551,1.5158414e+08,1255674.550999999,1576718578029.0493,0.8249511900953832
Region Hovedstaden,2025-09-14 02:00:00,168,153281862.27400002,1.5228818e+08,993686.2740000188,987412411136.0405,0.6503820070925902
Region Hovedstaden,2025-09-15 02:00:00,168,153903337.617,1.5282918e+08,1074153.6170000136,1153805992914.212,0.7003845639434674
Region Hovedstaden,2025-09-16 02:00:00,168,155913299.78899997,1.5377949e+08,2133811.7889999747,4553152750875.272,1.3780183931527552
Region Hovedstaden,2025-09-17 02:00:00,168,157195170.66500002,1.5484496e+08,2350210.6650000215,5523490169879.843,1.5063515452268286
Region Hovedstaden,2025-09-18 02:00:00,168,157652438.136,1.5540053e+08,2251910.1360000074,5071099260619.572,1.438676760546461
Region Hovedstaden,2025-09-19 02:00:00,168,157875395.829,1.5525384e+08,2621555.828999996,6872554964563.857,1.6744241859496178
Region Hovedstaden,2025-09-20 02:00:00,168,158472827.29200003,1.5562528e+08,2847547.2920000255,8108525580176.679,1.8131578802242285
Region Hovedstaden,2025-09-21 02:00:00,168,158681591.77899998,1.558344e+08,2847191.7789999843,8106501026405.096,1.8105227418773746
Region Hovedstaden,2025-09-22 02:00:00,168,159227547.2,1.5687386e+08,2353691.199999988,5539862264957.384,1.4892000960279117
Region Hovedstaden,2025-09-23 02:00:00,168,157781705.09300002,1.5521245e+08,2569257.0930000246,6601082009930.937,1.6417284908428433
Region Hovedstaden,2025-09-24 02:00:00,168,157092835.329,1.544962e+08,2596643.328999996,6742556578040.183,1.6667103788980717
Region Hovedstaden,2025-09-25 02:00:00,168,157891840.07,1.5481296e+08,3078880.069999993,9479502485443.16,1.9691927142217038
Region Hovedstaden,2025-09-26 02:00:00,168,157817467.083,1.5479534e+08,3022123.0830000043,9133227928801.451,1.9334608025373714
Region Hovedstaden,2025-09-27 02:00:00,168,157103324.336,1.5458669e+08,2516636.3359999955,6333458447675.482,1.6148328380102706
Region Hovedstaden,2025-09-28 02:00:00,168,156623371.412,1.5464272e+08,1980651.4120000005,3922980015857.5957,1.2726419399010978
Region Hovedstaden,2025-09-29 02:00:00,168,155997718.414,1.547272e+08,1270518.4140000045,1614217040313.087,0.8177769716603198
Region Hovedstaden,2025-09-30 02:00:00,168,156258921.871,1.5429933e+08,1959593.870999992,3840008139260.733,1.2619815263732135
Region Hovedstaden,2025-10-01 02:00:00,168,156286198.71,1.5443707e+08,1849126.7100000083,3419269589635.455,1.1902080624825875
Region Hovedstaden,2025-10-02 02:00:00,168,155811667.326,1.5534616e+08,465507.326000005,216697070559.67493,0.29920978045157326
Region Hovedstaden,2025-10-03 02:00:00,168,155697367.41799998,1.5499514e+08,702231.4179999828,493128964426.2666,0.4520427176546411
Region Hovedstaden,2025-10-04 02:00:00,168,156856675.269,1.5606616e+08,790515.2689999938,624914390522.1326,0.5052461373235595
Region Hovedstaden,2025-10-05 02:00:00,168,159993640.397,1.5836088e+08,1632760.3970000148,2665906514011.646,1.0257497804421947
Region Hovedstaden,2025-10-06 02:00:00,168,161485174.194,1.5975522e+08,1729958.1940000057,2992755352987.761,1.0770489930953377
Region Hovedstaden,2025-10-07 02:00:00,168,161773441.19099998,1.6015485e+08,1618593.1909999847,2619843917951.513,1.005561328622272
Region Hovedstaden,2025-10-08 02:00:00,168,162508182.005,1.6080906e+08,1699126.0049999952,2887029180867.2437,1.0510580972943475
Region Hovedstaden,2025-10-09 02:00:00,168,162741807.01,1.6089141e+08,1850399.0099999905,3423976496208.945,1.143516131335787
Region Hovedstaden,2025-10-10 02:00:00,168,163171316.146,1.6126037e+08,1910948.1459999979,3651722816700.829,1.1780280653106847
Region Hovedstaden,2025-10-11 02:00:00,168,163534654.166,1.616589e+08,1875758.1660000086,3518468697315.716,1.1536256884815208
Region Hovedstaden,2025-10-12 02:00:00,168,161292509.405,1.5801858e+08,3273933.405000001,10718639940374.902,2.0506230786491426
Region Hovedstaden,2025-10-13 02:00:00,168,159668890.063,1.5699475e+08,2674138.0629999936,7151014379985.357,1.6889454347070108
Region Hovedstaden,2025-10-14 02:00:00,168,159299315.698,1.5753842e+08,1760899.6980000138,3100767746416.54,1.1115467141889839
Region Hovedstaden,2025-10-15 02:00:00,168,158234145.64499998,1.5761301e+08,621137.6449999809,385811974036.1223,0.3933153348585282
Region Hovedstaden,2025-10-16 02:00:00,168,158101638.26900002,1.5784027e+08,261366.2690000236,68312326570.9927,0.16545210401335517
Region Hovedstaden,2025-10-17 02:00:00,168,157356749.92000002,1.5677496e+08,581789.9200000167,338479511013.6258,0.37041145584963786
Region Hovedstaden,2025-10-18 02:00:00,168,157019196.66599998,1.56059e+08,960188.6659999788,921962274314.8188,0.6133858260905343
Region Hovedstaden,2025-10-19 02:00:00,168,158330719.478,1.576462e+08,684511.4779999852,468555963513.72424,0.43326674733087567
Region Hovedstaden,2025-10-20 02:00:00,168,160672786.139,1.6006491e+08,607874.1389999986,369510968864.98956,0.3790475161024324
Region Hovedstaden,2025-10-21 02:00:00,168,161950997.456,1.6110117e+08,849829.4560000002,722210104285.2563,0.526125218693665
Region Hovedstaden,2025-10-22 02:00:00,168,164000561.29200003,1.6219925e+08,1801313.2920000255,3244729575935.969,1.104423264936717
Region Hovedstaden,2025-10-23 02:00:00,168,165049205.877,1.6352416e+08,1525045.877000004,2325764926954.7114,0.9282833214003707
Region Hovedstaden,2025-10-24 02:00:00,168,168110119.176,1.6465315e+08,3456967.175999999,11950622055941.408,2.0777336175251104
Region Hovedstaden,2025-10-25 02:00:00,168,170016248.382,1.6676514e+08,3251112.3819999993,10569731720393.709,1.9306960139532952
Region Hovedstaden,2025-10-26 02:00:00,168,171097312.838,1.676302e+08,3467104.8379999995,12020815957683.004,2.0471350124858496
Region Hovedstaden,2025-10-27 01:00:00,168,172177492.225,1.6927744e+08,2900052.224999994,8410302907727.416,1.698644214100278
Region Hovedstaden,2025-10-28 01:00:00,168,173038488.45,1.6902646e+08,4012024.449999988,16096340187397.707,2.3457676217714414
Region Hovedstaden,2025-10-29 01:00:00,168,173547804.04599997,1.6910208e+08,4445724.045999974,19764462293182.38,2.594907661140866
Region Hovedstaden,2025-10-30 01:00:00,168,174133309.892,1.6967922e+08,4454093.89199999,19838952398751.617,2.5910015235449166
Region Hovedstaden,2025-10-31 01:00:00,168,174165509.562,1.6939478e+08,4770725.562000006,22759822387920.277,2.7772275500975874
Region Hovedstaden,2025-11-01 01:00:00,168,173506907.09300002,1.6955053e+08,3956379.0930000246,15652935527527.697,2.3065403563852116
Region Hovedstaden,2025-11-02 01:00:00,168,172997862.89200002,1.6913398e+08,3863878.8920000196,14929560092043.299,2.258707528749711
Region Hovedstaden,2025-11-03 01:00:00,168,171293983.132,1.6892565e+08,2368335.1319999993,5609011297465.454,1.392238962884021
Region Hovedstaden,2025-11-04 01:00:00,168,171481680.52400002,1.6823651e+08,3245168.524000019,10531118749160.46,1.9105061756566115
Region Hovedstaden,2025-11-05 01:00:00,168,171674359.335,1.6934546e+08,2328903.3350000083,5423790743774.161,1.3658463410474935
Region Hovedstaden,2025-11-06 01:00:00,168,171671014.994,1.6949651e+08,2174502.993999988,4728463270914.911,1.27474206772219
Region Hovedstaden,2025-11-07 01:00:00,168,170383031.392,1.6847982e+08,1903207.3919999897,3622198376963.403,1.1232906538536602
Region Hovedstaden,2025-11-08 01:00:00,168,170014776.037,1.6832502e+08,1689752.0370000005,2855261946545.651,0.998849107799445
Region Hovedstaden,2025-11-09 01:00:00,168,169288770.12899998,1.6702045e+08,2268322.1289999783,5145285280910.994,1.348950315200641
Region Hovedstaden,2025-11-10 01:00:00,168,169435046.26200002,1.6787045e+08,1564598.2620000243,2447967721453.4966,0.9277039885894844
Region Hovedstaden,2025-11-11 01:00:00,168,169936836.56599998,1.6854302e+08,1393812.5659999847,1942713469139.462,0.8235719334493203
Region Hovedstaden,2025-11-12 01:00:00,168,170090486.83,1.6835749e+08,1732998.830000013,3003284944781.4146,1.0240858027710082
Region Hovedstaden,2025-11-13 01:00:00,168,171566315.43600002,1.693618e+08,2204523.4360000193,4859923579873.331,1.293248276054129
Region Hovedstaden,2025-11-14 01:00:00,168,172632034.762,1.706484e+08,1983634.7619999945,3934806869014.775,1.1556934570857613
Region Hovedstaden,2025-11-15 01:00:00,168,174075643.876,1.717973e+08,2278347.875999987,5190869044073.652,1.3174478910184793
Region Hovedstaden,2025-11-16 01:00:00,168,176541940.303,1.754422e+08,1099732.303000003,1209411138261.6907,0.6248760396183046
Region Hovedstaden,2025-11-17 01:00:00,168,178770119.31,1.7600354e+08,2766583.3100000024,7653983211170.569,1.559632891896988
Region Hovedstaden,2025-11-18 01:00:00,168,180553842.549,1.7993896e+08,614882.548999995,378080549064.73126,0.34113443855313424
Region Hovedstaden,2025-11-19 01:00:00,168,182155817.76999998,1.796281e+08,2527721.769999981,6389377346531.837,1.397365484639514
Region Hovedstaden,2025-11-20 01:00:00,168,183963236.16,1.8313654e+08,826692.1599999964,683419927405.4597,0.4503909861453383
Region Hovedstaden,2025-11-21 01:00:00,168,187983953.88,1.8682566e+08,1158289.8799999952,1341635446110.4033,0.6180683871195836
Region Hovedstaden,2025-11-22 01:00:00,168,190799418.64000002,1.89156e+08,1643418.6400000155,2700824826299.5005,0.8650586670838462
Region Hovedstaden,2025-11-23 01:00:00,168,193541274.15800002,1.9034086e+08,3200410.158000022,10242625179429.727,1.6673920664069986
Region Hovedstaden,2025-11-24 01:00:00,168,194753320.22,1.929042e+08,1849128.2199999988,3419275174000.364,0.9540009733904486
Region Hovedstaden,2025-11-25 01:00:00,168,196045009.523,1.9328603e+08,2758977.523000002,7611956972419.226,1.4172913170279609
Region Hovedstaden,2025-11-26 01:00:00,168,196756920.294,1.9311915e+08,3637768.2939999998,13233358160831.668,1.8661151850615805
Region Hovedstaden,2025-11-27 01:00:00,168,196790286.67499998,1.9327614e+08,3514142.674999982,12349198740256.03,1.801817536012442
Region Hovedstaden,2025-11-28 01:00:00,168,196877092.58600003,1.9385067e+08,3026420.5860000253,9159221563364.736,1.5491198017149885
Region Hovedstaden,2025-11-29 01:00:00,168,196289371.324,1.9388747e+08,2401899.324000001,5769120362631.661,1.231184969122056
Region Hovedstaden,2025-11-30 01:00:00,168,193727162.216,1.9277726e+08,949898.2159999907,902306620759.965,0.4915329044481034
Region Hovedstaden,2025-12-01 01:00:00,168,193261401.204,1.9223718e+08,1024217.2039999962,1049020880969.5698,0.531372743408641
Region Hovedstaden,2025-12-02 01:00:00,168,192779189.668,1.9058147e+08,2197717.6680000126,4829962948239.414,1.1465535657402905
Region Hovedstaden,2025-12-03 01:00:00,168,192745817.57500002,1.9043269e+08,2313129.575000018,5350568430739.764,1.207337854992112
Region Hovedstaden,2025-12-04 01:00:00,168,192149461.55600002,1.9068986e+08,1459605.556000024,2130448379106.1394,0.7625160160236257
Region Hovedstaden,2025-12-05 01:00:00,168,189929837.088,1.8940891e+08,520925.0879999995,271362947307.80725,0.2746490250481392
Region Hovedstaden,2025-12-06 01:00:00,168,189079383.285,1.8866706e+08,412327.2849999964,170013789955.46826,0.21830902537715574
Region Hovedstaden,2025-12-07 01:00:00,168,190400275.72599998,1.9041454e+08,14268.274000018835,203583642.9396135,0.007493549757483177
Region Hovedstaden,2025-12-08 01:00:00,168,190798985.002,1.9057738e+08,221609.00200000405,49110549767.4378,0.11621538441332073
Region Hovedstaden,2025-12-09 01:00:00,168,190365713.373,1.9037576e+08,10046.627000004053,100934714.07721044,0.0052774009151147555
Region Hovedstaden,2025-12-10 01:00:00,168,189592853.39,1.8858446e+08,1008389.3899999857,1016849161864.5432,0.5332891972260049
Region Hovedstaden,2025-12-11 01:00:00,168,189419681.332,1.8853733e+08,882353.3319999874,778547402491.48,0.466906717014962
Region Hovedstaden,2025-12-12 01:00:00,168,189283639.063,1.8847754e+08,806103.0629999936,649802148177.9716,0.42677920136475544
Region Hovedstaden,2025-12-13 01:00:00,168,187858135.042,1.8867587e+08,817736.9580000043,668693732479.1008,0.43434959005378276
Region Hovedstaden,2025-12-14 01:00:00,168,186203457.705,1.8606854e+08,134913.7050000131,18201707796.830563,0.07248125262287275
Region Hovedstaden,2025-12-15 01:00:00,168,187207901.859,1.8743533e+08,227426.14100000262,51722649610.153076,0.12140944924353568
Region Hovedstaden,2025-12-16 01:00:00,168,187057583.696,1.8741885e+08,361264.3039999902,130511897344.59735,0.1929436799874576
Region Hovedstaden,2025-12-17 01:00:00,168,186802479.884,1.8732738e+08,524896.1159999967,275515932591.88196,0.2805956850247964
Region Hovedstaden,2025-12-18 01:00:00,168,186238755.12,1.8647424e+08,235484.87999999523,55453128708.61215,0.12636258090447192
Region Hovedstaden,2025-12-19 01:00:00,168,187052404.619,1.8687078e+08,181620.61899998784,32986049245.938744,0.09714327676267534
Region Hovedstaden,2025-12-20 01:00:00,168,188120228.585,1.8744587e+08,674356.5850000083,454756803732.8735,0.3591147251839811
Region Hovedstaden,2025-12-21 01:00:00,168,187171900.379,1.867053e+08,466604.3790000081,217719646501.98322,0.24960301592023837
Region Hovedstaden,2025-12-22 01:00:00,168,184737388.07299998,1.8456515e+08,172236.07299998403,29665264842.455826,0.09327640853265626
Region Hovedstaden,2025-12-23 01:00:00,168,184256918.289,1.841672e+08,89718.28900000453,8049371381.088334,0.04870380876076496
Region Hovedstaden,2025-12-24 01:00:00,168,185003149.851,1.836921e+08,1311053.851000011,1718862200221.959,0.7111856557704811
Region Midtjylland,2024-12-31 01:00:00,24,26411543.929,2.6286932e+07,124611.9290000014,15528132849.10139,0.47292422334144724
Region Midtjylland,2025-01-01 01:00:00,24,26334052.772,2.5949932e+07,384120.7719999999,147548767481.8759,1.4693630321983824
Region Midtjylland,2025-01-02 01:00:00,24,27439534.24,2.7480792e+07,41257.76000000164,1702202760.2177353,0.15024586642004492
Region Midtjylland,2025-01-03 01:00:00,24,26378720.439999998,2.637178e+07,6940.439999997616,48169707.39356691,0.02631421481163721
Region Midtjylland,2025-01-04 01:00:00,24,28562018.490000002,2.8718926e+07,156907.5099999979,24619966694.399445,0.5478523840590321
Region Midtjylland,2025-01-05 01:00:00,24,23645604.226,2.3496064e+07,149540.2259999998,22362279192.131012,0.6344290799514982
Region Midtjylland,2025-01-06 01:00:00,24,27925574.058,2.750836e+07,417214.05799999833,174067570192.82596,1.5052659173114837
Region Midtjylland,2025-01-07 01:00:00,24,34941489.461,3.3190426e+07,1751063.461000003,3066223244449.3086,5.140214976055811
Region Midtjylland,2025-01-08 01:00:00,24,35009143.096999995,3.3492056e+07,1517087.0969999954,2301553259883.8735,4.429373841622098
Region Midtjylland,2025-01-09 01:00:00,24,30278105.962,3.0662254e+07,384148.0379999988,147569715099.2485,1.2607343909341473
Region Midtjylland,2025-01-10 01:00:00,24,27778677.678999998,2.7810658e+07,31980.321000002325,1022740931.2631897,0.1150591947515701
Region Midtjylland,2025-01-11 01:00:00,24,28509748.765,2.8373996e+07,135752.7650000006,18428813205.145386,0.4772989737607005
Region Midtjylland,2025-01-12 01:00:00,24,28286560.963,2.812284e+07,163720.96299999952,26804553725.647213,0.5804740351963221
Region Midtjylland,2025-01-13 01:00:00,24,25416133.913,2.5676964e+07,260830.08700000122,68032334284.42821,1.020999303836052
Region Midtjylland,2025-01-14 01:00:00,24,32621338.696000002,3.2104124e+07,517214.6960000023,267511041758.37482,1.598179988080536
Region Midtjylland,2025-01-15 01:00:00,24,33622844.735,3.3223864e+07,398980.7349999994,159185626901.13974,1.1937184120213795
Region Midtjylland,2025-01-16 01:00:00,24,26991732.058999997,2.7310294e+07,318561.94100000337,101481710253.68962,1.1732967040820201
Region Midtjylland,2025-01-17 01:00:00,24,27751495.746000003,2.7906616e+07,155120.25399999693,24062293201.023563,0.5574039403560793
Region Midtjylland,2025-01-18 01:00:00,24,26482704.858999997,2.6600634e+07,117929.14100000262,13907282296.998499,0.4443169685058662
Region Midtjylland,2025-01-19 01:00:00,24,22239367.36,2.2377298e+07,137930.6400000006,19024861450.809765,0.618292016613411
Region Midtjylland,2025-01-20 01:00:00,24,23608642.481000002,2.3804466e+07,195823.51899999753,38346850593.54239,0.8260311347376451
Region Midtjylland,2025-01-21 01:00:00,24,27347641.822,2.749458e+07,146938.17799999937,21590828153.9595,0.5358578595772902
Region Midtjylland,2025-01-22 01:00:00,24,27861307.987,2.7788214e+07,73093.98699999973,5342730935.556129,0.2626940336237743
Region Midtjylland,2025-01-23 01:00:00,24,27551475.254,2.7462034e+07,89441.25400000066,7999737917.092633,0.32516105666717643
Region Midtjylland,2025-01-24 01:00:00,24,29677855.384999998,2.9568836e+07,109019.38499999791,11885226305.777771,0.3680184747923301
Region Midtjylland,2025-01-25 01:00:00,24,32857655.335,3.2240948e+07,616707.3350000009,380327937042.80334,1.894686839367046
Region Midtjylland,2025-01-26 01:00:00,24,25227659.048,2.5218534e+07,9125.048000000417,83266501.00231162,0.03617735035552773
Region Midtjylland,2025-01-27 01:00:00,24,24544996.766,2.4576164e+07,31167.234000001103,971396475.2108247,0.12689941977744956
Region Midtjylland,2025-01-28 01:00:00,24,32919110.718000002,3.2395776e+07,523334.7180000022,273879227064.14185,1.602497514110447
Region Midtjylland,2025-01-29 01:00:00,24,27674107.228,2.7579532e+07,94575.22800000012,8944473751.252007,0.34233121771307234
Region Midtjylland,2025-01-30 01:00:00,24,27041923.862,2.711435e+07,72426.13800000027,5245545465.595083,0.26747090534535367
Region Midtjylland,2025-01-31 01:00:00,24,26772530.919,2.693981e+07,167279.08100000024,27982290940.20464,0.622870193843395
Region Midtjylland,2025-02-01 01:00:00,24,25703585.353,2.5787668e+07,84082.64699999988,7069891526.526589,0.3265900187885057
Region Midtjylland,2025-02-02 01:00:00,24,22550218.636,2.2686626e+07,136407.36400000006,18606968953.428513,0.6030808076805848
Region Midtjylland,2025-02-03 01:00:00,24,23168598.927,2.3533018e+07,364419.0729999989,132801260766.17854,1.5606272201222835
Region Midtjylland,2025-02-04 01:00:00,24,27744611.584,2.7650988e+07,93623.58399999887,8765375481.004845,0.3380181267215323
Region Midtjylland,2025-02-05 01:00:00,24,29327811.666,2.9185474e+07,142337.66600000113,20260011162.327877,0.4865140091858096
Region Midtjylland,2025-02-06 01:00:00,24,27367448.045,2.7461084e+07,93635.95499999821,8767692068.76169,0.34155922658351456
Region Midtjylland,2025-02-07 01:00:00,24,26402401.009,2.6287696e+07,114705.00899999961,13157239089.689993,0.4353949433055963
Region Midtjylland,2025-02-08 01:00:00,24,29466148.552,2.945672e+07,9428.552000001073,88897592.81672423,0.03200303118874901
Region Midtjylland,2025-02-09 01:00:00,24,26263368.305,2.6430388e+07,167019.6950000003,27895578517.893124,0.6339259400421684
Region Midtjylland,2025-02-10 01:00:00,24,25839248.169999998,2.555603e+07,283218.16999999806,80212531818.1478,1.102117471037702
Region Midtjylland,2025-02-11 01:00:00,24,31012632.527000003,3.0906862e+07,105770.52700000256,11187404381.85827,0.3416388580300226
Region Midtjylland,2025-02-12 01:00:00,24,31895908.808,3.1713908e+07,182000.80799999833,33124294112.652256,0.5722412581358313
Region Midtjylland,2025-02-13 01:00:00,24,28844488.677,2.9036986e+07,192497.32299999893,37055219362.16592,0.6651431190176307
Region Midtjylland,2025-02-14 01:00:00,24,28337152.907,2.8297298e+07,39854.90700000152,1588413611.9787703,0.1407443927211289
Region Midtjylland,2025-02-15 01:00:00,24,26938098.643,2.6986268e+07,48169.357000000775,2320286953.793524,0.17865525364034557
Region Midtjylland,2025-02-16 01:00:00,24,24745596.516,2.4912428e+07,166831.4840000011,27832744053.642624,0.6719215499450542
Region Midtjylland,2025-02-17 01:00:00,24,25628749.129,2.5525446e+07,103303.12900000066,10671536461.190777,0.4038891775718184
Region Midtjylland,2025-02-18 01:00:00,24,30028457.945,3.0052534e+07,24076.054999999702,579656424.3630106,0.08014533122901722
Region Midtjylland,2025-02-19 01:00:00,24,29041337.819,2.8984584e+07,56753.81899999827,3220995971.0845647,0.19561539815612133
Region Midtjylland,2025-02-20 01:00:00,24,31408437.083,3.1075072e+07,333365.08300000057,111132278563.59726,1.0670498116780696
Region Midtjylland,2025-02-21 01:00:00,24,32717375.354000002,3.2316194e+07,401181.35400000215,160946478797.27502,1.2337669852203086
Region Midtjylland,2025-02-22 01:00:00,24,29790437.845,3.0076374e+07,285936.1550000012,81759484736.18471,0.9552409630240973
Region Midtjylland,2025-02-23 01:00:00,24,24663421.807,2.468501e+07,21588.19299999997,466050077.0052477,0.08749292412950686
Region Midtjylland,2025-02-24 01:00:00,24,25105091.419999998,2.5232386e+07,127294.58000000194,16203910097.376894,0.5057646371028734
Region Midtjylland,2025-02-25 01:00:00,24,29641749.418,2.9695636e+07,53886.58199999854,2903763719.6425667,0.18162776003828454
Region Midtjylland,2025-02-26 01:00:00,24,25672072.305,2.5740594e+07,68521.6950000003,4695222685.673066,0.2665556950246574
Region Midtjylland,2025-02-27 01:00:00,24,26056202.063,2.6226012e+07,169809.936999999,28835414703.943626,0.6495896933338677
Region Midtjylland,2025-02-28 01:00:00,24,26474841.922999997,2.6534558e+07,59716.07700000331,3566009852.270324,0.225303727590749
Region Midtjylland,2025-03-01 01:00:00,24,25204123.723,2.5197866e+07,6257.723000001162,39159097.14474355,0.024831253823082967
Region Midtjylland,2025-03-02 01:00:00,24,21833445.665,2.1964484e+07,131038.3350000009,17171045239.57246,0.5983768456741317
Region Midtjylland,2025-03-03 01:00:00,24,25471638.542000003,2.5166592e+07,305046.54200000316,93053392786.1597,1.2048072720352803
Region Midtjylland,2025-03-04 01:00:00,24,29709487.16,2.9903736e+07,194248.83999999985,37732611841.34554,0.6516971561112948
Region Midtjylland,2025-03-05 01:00:00,24,30091761.794,2.9941086e+07,150675.79399999976,22703194897.530365,0.5019778322595554
Region Midtjylland,2025-03-06 01:00:00,24,31380315.89,3.16024e+07,222084.1099999994,49321351914.49184,0.7052223990717444
Region Midtjylland,2025-03-07 01:00:00,24,26971343.985999998,2.7147362e+07,176018.0140000023,30982341252.505005,0.6504886278897226
Region Midtjylland,2025-03-08 01:00:00,24,24870466.615000002,2.4860544e+07,9922.615000002086,98458288.4382664,0.039905141187736894
Region Midtjylland,2025-03-09 01:00:00,24,22383848.481,2.2367456e+07,16392.48099999875,268713433.33531994,0.07326034934672568
Region Midtjylland,2025-03-10 01:00:00,24,22502953.326,2.2680536e+07,177582.67399999872,31535606104.989822,0.7860511733334062
Region Midtjylland,2025-03-11 01:00:00,24,24402856.143,2.4452254e+07,49397.857000000775,2440148276.1925254,0.202221863200849
Region Midtjylland,2025-03-12 01:00:00,24,25580415.915,2.5483774e+07,96641.9149999991,9339659734.867052,0.37851149763020425
Region Midtjylland,2025-03-13 01:00:00,24,25823925.253,2.5814696e+07,9229.25299999863,85179110.93798369,0.03574554384316543
Region Midtjylland,2025-03-14 01:00:00,24,26331981.038000003,2.6272202e+07,59779.0380000025,3573533384.2057433,0.227278647999607
Region Midtjylland,2025-03-15 01:00:00,24,25291091.406999998,2.536581e+07,74718.5930000022,5582868139.899979,0.29499867115708445
Region Midtjylland,2025-03-16 01:00:00,24,22933892.126000002,2.2914506e+07,19386.126000002027,375821881.28795457,0.08456620860220815
Region Midtjylland,2025-03-17 01:00:00,24,25122938.594,2.49171e+07,205838.5940000005,42369526779.89704,0.8226955845101263
Region Midtjylland,2025-03-18 01:00:00,24,26743538.314,2.6650402e+07,93136.31399999931,8674372985.506468,0.34886473428363474
Region Midtjylland,2025-03-19 01:00:00,24,28294847.638,2.8214728e+07,80119.63800000027,6419156393.251087,0.2835612799970263
Region Midtjylland,2025-03-20 01:00:00,24,26520517.812,2.6458198e+07,62319.81199999899,3883758967.7152176,0.23526358102429948
Region Midtjylland,2025-03-21 01:00:00,24,25574455.970000003,2.5542168e+07,32287.970000002533,1042513006.7210636,0.12633060438010196
Region Midtjylland,2025-03-22 01:00:00,24,26459239.563,2.6460906e+07,1666.4369999989867,2777012.274965623,0.006297930522564941
Region Midtjylland,2025-03-23 01:00:00,24,26105215.379,2.6166618e+07,61402.620999999344,3770281865.6695604,0.2349357848415074
Region Midtjylland,2025-03-24 01:00:00,24,23477028.968999997,2.3335506e+07,141522.96899999678,20028750754.57405,0.6046370660923001
Region Midtjylland,2025-03-25 01:00:00,24,23310263.189000003,2.3428046e+07,117782.81099999696,13872790567.061005,0.5040097215485814
Region Midtjylland,2025-03-26 01:00:00,24,25233590.562999997,2.5175198e+07,58392.56299999729,3409691413.7086525,0.23167612102805968
Region Midtjylland,2025-03-27 01:00:00,24,24652040.293,2.4749576e+07,97535.70699999854,9513214139.989565,0.3948684853609494
Region Midtjylland,2025-03-28 01:00:00,24,25740558.312000003,2.5524906e+07,215652.3120000027,46505919670.94651,0.8413161370686102
Region Midtjylland,2025-03-29 01:00:00,24,25627382.485999998,2.57075e+07,80117.5140000023,6418816049.540564,0.31213673868583164
Region Midtjylland,2025-03-30 01:00:00,24,22282507.449,2.2109682e+07,172825.44900000095,29868635822.05193,0.7786299848920567
Region Midtjylland,2025-03-31 02:00:00,24,25659433.814,2.5526974e+07,132459.8139999993,17545602324.914413,0.5175585459379325
Region Midtjylland,2025-04-01 02:00:00,24,23553286.612,2.3577666e+07,24379.38800000027,594354559.2545571,0.10345383086440327
Region Midtjylland,2025-04-02 02:00:00,24,25000384.721,2.508691e+07,86525.27899999917,7486623906.027697,0.3454979131213564
Region Midtjylland,2025-04-03 02:00:00,24,26019729.922,2.5968338e+07,51391.92199999839,2641129646.8539186,0.19770660481979815
Region Midtjylland,2025-04-04 02:00:00,24,24722773.801999997,2.4915322e+07,192548.19800000265,37074808553.048225,0.7758081565741471
Region Midtjylland,2025-04-05 02:00:00,24,23353387.004,2.3281706e+07,71681.00400000066,5138166334.44811,0.30741229139975085
Region Midtjylland,2025-04-06 02:00:00,24,22647303.968000002,2.2494716e+07,152587.9680000022,23283087978.369698,0.6760351801189571
Region Midtjylland,2025-04-07 02:00:00,24,23088224.610999998,2.2935868e+07,152356.6109999977,23212536915.40462,0.6620732853452658
Region Midtjylland,2025-04-08 02:00:00,24,24262993.776,2.4403804e+07,140810.22399999946,19827519182.930023,0.5786705944702198
Region Midtjylland,2025-04-09 02:00:00,24,24334737.243,2.4315988e+07,18749.243000000715,351534113.07307583,0.07707693115098385
Region Midtjylland,2025-04-10 02:00:00,24,24323957.061,2.4432532e+07,108574.93899999931,11788517378.853573,0.44537636360222543
Region Midtjylland,2025-04-11 02:00:00,24,25976604.559,2.5841026e+07,135578.55900000036,18381545660.51658,0.5232912332632788
Region Midtjylland,2025-04-12 02:00:00,24,25943350.525,2.6228118e+07,284767.4750000015,81092514817.87648,1.0916598019990333
Region Midtjylland,2025-04-13 02:00:00,24,22353882.863,2.2631436e+07,277553.13699999824,77035743858.5398,1.233972078069599
Region Midtjylland,2025-04-14 02:00:00,24,22564602.235,2.2409336e+07,155266.2349999994,24107603731.07504,0.6904720426692221
Region Midtjylland,2025-04-15 02:00:00,24,23999303.759999998,2.4119252e+07,119948.24000000209,14387580279.0981,0.4985529515817791
Region Midtjylland,2025-04-16 02:00:00,24,26485470.727,2.6627392e+07,141921.27299999818,20141647729.940014,0.5344139468793961
Region Midtjylland,2025-04-17 02:00:00,24,21787546.569999997,2.1819854e+07,32307.430000003427,1043770033.2051214,0.1481740694364137
Region Midtjylland,2025-04-18 02:00:00,24,19202873.093000002,1.9565332e+07,362458.9069999978,131376459263.63306,1.8698771641890817
Region Midtjylland,2025-04-19 02:00:00,24,19565984.388,1.9458822e+07,107162.38800000027,11483777401.862602,0.5492013819853434
Region Midtjylland,2025-04-20 02:00:00,24,21543704.721,2.1163514e+07,380190.72100000083,144544984334.5005,1.7804517942679954
Region Midtjylland,2025-04-21 02:00:00,24,21073767.930999998,2.0940592e+07,133175.930999998,17735828597.71623,0.6339543490307232
Region Midtjylland,2025-04-22 02:00:00,24,20621230.732,2.0781004e+07,159773.26799999923,25527497167.39958,0.7718098746805551
Region Midtjylland,2025-04-23 02:00:00,24,22990348.04,2.2977e+07,13348.039999999106,178170171.84157613,0.058076180459154914
Region Midtjylland,2025-04-24 02:00:00,24,23572667.43,2.3561402e+07,11265.429999999702,126909913.08489329,0.047801643848003735
Region Midtjylland,2025-04-25 02:00:00,24,23160706.638,2.3251894e+07,91187.36199999973,8315134988.518995,0.39294226458553894
Region Midtjylland,2025-04-26 02:00:00,24,21647272.587,2.1626456e+07,20816.587000001222,433330294.3286199,0.09620889014983007
Region Midtjylland,2025-04-27 02:00:00,24,20732819.045,2.0761414e+07,28594.954999998212,817671451.4519228,0.1378261647539663
Region Midtjylland,2025-04-28 02:00:00,24,22394281.359,2.2202242e+07,192039.3590000011,36879115405.1313,0.8612301791065323
Region Midtjylland,2025-04-29 02:00:00,24,23503244.434,2.345149e+07,51754.43400000036,2678521438.660393,0.2204439429755347
Region Midtjylland,2025-04-30 02:00:00,24,23527665.517,2.3470282e+07,57383.517000000924,3292868023.289395,0.2441958427194901
Region Midtjylland,2025-05-01 02:00:00,24,23142737.708,2.3103676e+07,39061.708000000566,1525817031.8773081,0.16892859302187757
Region Midtjylland,2025-05-02 02:00:00,24,22022829.595,2.20225e+07,329.5949999988079,108632.86402421418,0.001496617248772834
Region Midtjylland,2025-05-03 02:00:00,24,22576577.389,2.2464106e+07,112471.38899999857,12649813343.588999,0.49942132550975793
Region Midtjylland,2025-05-04 02:00:00,24,21804350.625,2.1377624e+07,426726.625,182095612483.89062,1.9764108923029593
Region Midtjylland,2025-05-05 02:00:00,24,22347368.284,2.2433048e+07,85679.71599999815,7341013733.84034,0.38266600942971324
Region Midtjylland,2025-05-06 02:00:00,24,23307489.009999998,2.3241546e+07,65943.00999999791,4348480567.859825,0.2833270764295396
Region Midtjylland,2025-05-07 02:00:00,24,24593548.859,2.454192e+07,51628.8590000011,2665539081.641995,0.21014904385325467
Region Midtjylland,2025-05-08 02:00:00,24,23340282.106,2.3276846e+07,63436.10599999875,4024139544.443077,0.2721579324052526
Region Midtjylland,2025-05-09 02:00:00,24,23269272.317,2.3227212e+07,42060.31700000167,1769070266.1406293,0.18091826776943484
Region Midtjylland,2025-05-10 02:00:00,24,23487555.778,2.3367042e+07,120513.77800000086,14523570687.833492,0.5144160177022654
Region Midtjylland,2025-05-11 02:00:00,24,22229473.257,2.2401588e+07,172114.74300000072,29623484757.956295,0.7712778417206291
Region Midtjylland,2025-05-12 02:00:00,24,24212427.239,2.3971082e+07,241345.23900000006,58247524387.96715,1.001775266317273
Region Midtjylland,2025-05-13 02:00:00,24,26068231.574,2.6034664e+07,33567.574000000954,1126782024.2455401,0.1288510883328012
Region Midtjylland,2025-05-14 02:00:00,24,25594228.225,2.5588146e+07,6082.22500000149,36993460.95064313,0.023766873233600917
Region Midtjylland,2025-05-15 02:00:00,24,25232865.327,2.516828e+07,64585.32699999958,4171264463.696875,0.2562851561446604
Region Midtjylland,2025-05-16 02:00:00,24,26446688.023,2.6415458e+07,31230.022999998182,975314336.5804155,0.11815647055422301
Region Midtjylland,2025-05-17 02:00:00,24,24671608.628,2.468141e+07,9801.37200000137,96066893.08241087,0.039719442791856505
Region Midtjylland,2025-05-18 02:00:00,24,22229873.412,2.224769e+07,17816.587999999523,317430807.961727,0.08011494620315746
Region Midtjylland,2025-05-19 02:00:00,24,22174143.283,2.200296e+07,171183.28299999982,29303716378.658028,0.7749864535182127
Region Midtjylland,2025-05-20 02:00:00,24,23928478.494000003,2.3845274e+07,83204.49400000274,6922987821.796493,0.3483272284732189
Region Midtjylland,2025-05-21 02:00:00,24,25472109.455999997,2.5480042e+07,7932.544000003487,62925254.31199132,0.03113722884441367
Region Midtjylland,2025-05-22 02:00:00,24,27238974.649,2.727383e+07,34855.35099999979,1214895493.3331864,0.12787949996125977
Region Midtjylland,2025-05-23 02:00:00,24,26549453.73,2.6362742e+07,186711.73000000045,34861270119.59306,0.7057417573549652
Region Midtjylland,2025-05-24 02:00:00,24,24999337.778,2.5014184e+07,14846.221999999136,220410307.67325833,0.059368832556517585
Region Midtjylland,2025-05-25 02:00:00,24,23342497.534,2.3275424e+07,67073.53400000185,4498858963.249404,0.2877585777867977
Region Midtjylland,2025-05-26 02:00:00,24,23973058.509,2.386974e+07,103318.50899999961,10674714301.983002,0.431908300600617
Region Midtjylland,2025-05-27 02:00:00,24,24842262.001,2.5021588e+07,179325.9990000017,32157813917.34861,0.7192625479035629
Region Midtjylland,2025-05-28 02:00:00,24,24507299.759,2.4680616e+07,173316.2410000004,30038519394.370216,0.70471065230402
Region Midtjylland,2025-05-29 02:00:00,24,21989798.871,2.2124532e+07,134733.12900000066,18153016050.130817,0.6108360994706683
Region Midtjylland,2025-05-30 02:00:00,24,22229104.527000003,2.2376252e+07,147147.47299999744,21652378810.284973,0.659774899056923
Region Midtjylland,2025-05-31 02:00:00,24,22134883.373999998,2.2107106e+07,27777.373999997973,771582506.3357635,0.12557018521559565
Region Midtjylland,2025-06-01 02:00:00,24,18645817.702,1.9188454e+07,542636.2980000004,294454151907.14526,2.868490781448374
Region Midtjylland,2025-06-02 02:00:00,24,21053236.62,2.0959716e+07,93520.62000000104,8746106365.184595,0.44519898825430865
Region Midtjylland,2025-06-03 02:00:00,24,22152802.843,2.2025058e+07,127744.84299999848,16318744913.094261,0.5783206364562566
Region Midtjylland,2025-06-04 02:00:00,24,24790824.224000003,2.4687406e+07,103418.22400000319,10695329055.314837,0.41803525927181995
Region Midtjylland,2025-06-05 02:00:00,24,22383422.476,2.2397394e+07,13971.524000000209,195203482.88258183,0.06239959473489351
Region Midtjylland,2025-06-06 02:00:00,24,20102077.834,2.0146866e+07,44788.16600000113,2005979813.6436574,0.2225557330633191
Region Midtjylland,2025-06-07 02:00:00,24,23873683.855,2.3772256e+07,101427.85500000045,10287609769.901115,0.42575655054207745
Region Midtjylland,2025-06-08 02:00:00,24,19220964.555999998,1.9758284e+07,537319.444000002,288712184900.47125,2.7569512697406453
Region Midtjylland,2025-06-09 02:00:00,24,21203472.28,2.1288238e+07,84765.71999999881,7185227287.118197,0.39897532691168863
Region Midtjylland,2025-06-10 02:00:00,24,20954348.436,2.0918368e+07,35980.436000000685,1294591774.7501454,0.1718562303212149
Region Midtjylland,2025-06-11 02:00:00,24,23264429.546,2.3186094e+07,78335.54600000009,6136457767.11813,0.33728595511921117
Region Midtjylland,2025-06-12 02:00:00,24,23285076.647,2.3348826e+07,63749.35300000012,4063980007.9186244,0.2734034656398253
Region Midtjylland,2025-06-13 02:00:00,24,23721442.652,2.3376486e+07,344956.65199999884,118995091759.04831,1.464848505541869
Region Midtjylland,2025-06-14 02:00:00,24,22396228.74,2.24958e+07,99571.26000000164,9914435817.987926,0.44360329793374204
Region Midtjylland,2025-06-15 02:00:00,24,19289101.041,1.9894496e+07,605394.9589999989,366503056382.6103,3.0900427970741946
Region Midtjylland,2025-06-16 02:00:00,24,19327131.082000002,1.9337386e+07,10254.917999997735,105163343.18667755,0.05304562826039714
Region Midtjylland,2025-06-17 02:00:00,24,22800906.036,2.2818282e+07,17375.96400000155,301924124.92934984,0.07617831332854698
Region Midtjylland,2025-06-18 02:00:00,24,23216014.986,2.3188324e+07,27690.98600000143,766790705.6522752,0.11934653786731318
Region Midtjylland,2025-06-19 02:00:00,24,23139602.200999998,2.3143206e+07,3603.799000002444,12987367.232418614,0.015572948747412347
Region Midtjylland,2025-06-20 02:00:00,24,24625138.367000002,2.4660326e+07,35187.632999997586,1238169516.142519,0.1427911188498738
Region Midtjylland,2025-06-21 02:00:00,24,21971863.925,2.1967608e+07,4255.925000000745,18112897.60563134,0.01937176216985564
Region Midtjylland,2025-06-22 02:00:00,24,20210857.018,2.044741e+07,236552.98200000077,55957313293.09269,1.163615664658188
Region Midtjylland,2025-06-23 02:00:00,24,21134102.143,2.0998356e+07,135746.14299999923,18427015339.37624,0.6443779878177008
Region Midtjylland,2025-06-24 02:00:00,24,23630089.098,2.3533998e+07,96091.09800000116,9233499114.845827,0.4074757041319937
Region Midtjylland,2025-06-25 02:00:00,24,23387071.621,2.3475472e+07,88400.37900000066,7814627007.343757,0.37727520603634823
Region Midtjylland,2025-06-26 02:00:00,24,22425337.855,2.2440118e+07,14780.144999999553,218452686.2210118,0.06588652547192336
Region Midtjylland,2025-06-27 02:00:00,24,22613669.895,2.2457606e+07,156063.89499999955,24355939322.570885,0.6925204219360144
Region Midtjylland,2025-06-28 02:00:00,24,23819536.573,2.334692e+07,472616.5729999989,223366425074.2633,2.0040367979244973
Region Midtjylland,2025-06-29 02:00:00,24,20472089.615000002,2.0810942e+07,338852.3849999979,114820938820.18681,1.6416061114895326
Region Midtjylland,2025-06-30 02:00:00,24,19726008.706,1.968044e+07,45568.70600000024,2076506966.5144577,0.23127537495182598
Region Midtjylland,2025-07-01 02:00:00,24,22037527.621,2.1999792e+07,37735.620999999344,1423977092.2555916,0.1713801899151211
Region Midtjylland,2025-07-02 02:00:00,24,22465333.32,2.2378916e+07,86417.3200000003,7467953195.982451,0.3854109336666238
Region Midtjylland,2025-07-03 02:00:00,24,23285200.959,2.3250554e+07,34646.95899999887,1200411767.9476025,0.14890468213322994
Region Midtjylland,2025-07-04 02:00:00,24,23811274.823,2.3863576e+07,52301.17700000107,2735413115.585441,0.2194078265464406
Region Midtjylland,2025-07-05 02:00:00,24,21865508.168,2.1731376e+07,134132.16800000146,17991438492.380615,0.6153291482167623
Region Midtjylland,2025-07-06 02:00:00,24,19278917.266,1.9392708e+07,113790.7340000011,12948331144.259007,0.5884972933891436
Region Midtjylland,2025-07-07 02:00:00,24,18202565.968000002,1.8234548e+07,31982.031999997795,1022850370.8488829,0.17554646083158632
Region Midtjylland,2025-07-08 02:00:00,24,21258247.075,2.1265284e+07,7036.925000000745,49518313.45563549,0.03309661649494494
Region Midtjylland,2025-07-09 02:00:00,24,21644369.553,2.1687812e+07,43442.447000000626,1887246201.3478634,0.20050893097484954
Region Midtjylland,2025-07-10 02:00:00,24,21054684.301,2.1072594e+07,17909.699000000954,320757318.2706352,0.08502661326485847
Region Midtjylland,2025-07-11 02:00:00,24,21318675.927,2.130926e+07,9415.927000001073,88659681.2693492,0.044177259795669076
Region Midtjylland,2025-07-12 02:00:00,24,19876959.023,1.9812276e+07,64683.02299999818,4183893464.418294,0.325947441226893
Region Midtjylland,2025-07-13 02:00:00,24,19163309.177,1.9106512e+07,56797.17700000107,3225919315.1694508,0.29682488840128646
Region Midtjylland,2025-07-14 02:00:00,24,18983806.227,1.8940542e+07,43264.22700000182,1871793337.9076862,0.22816068843709292
Region Midtjylland,2025-07-15 02:00:00,24,19211476.783999998,1.9365228e+07,153751.21600000188,23639436421.479233,0.7971194888775023
Region Midtjylland,2025-07-16 02:00:00,24,19435873.737,1.9404368e+07,31505.73699999973,992611463.9131521,0.16223244547928098
Region Midtjylland,2025-07-17 02:00:00,24,18890434.301,1.8848914e+07,41520.300999999046,1723935395.1305218,0.2200371912564206
Region Midtjylland,2025-07-18 02:00:00,24,18929779.608000003,1.8994416e+07,64636.3919999972,4177863170.777302,0.3408715252294624
Region Midtjylland,2025-07-19 02:00:00,24,18181886.927,1.819166e+07,9773.072999998927,95512955.86330803,0.05373725592179957
Region Midtjylland,2025-07-20 02:00:00,24,17805416.731999997,1.7668062e+07,137354.73199999705,18866322402.79101,0.7744080192286965
Region Midtjylland,2025-07-21 02:00:00,24,17921512.858999997,1.787953e+07,41982.85899999738,1762560449.8136609,0.2345342797155046
Region Midtjylland,2025-07-22 02:00:00,24,18888362.051000003,1.8805726e+07,82636.05100000277,6828716924.875059,0.4384562952588025
Region Midtjylland,2025-07-23 02:00:00,24,19905771.621,1.9685444e+07,220327.62099999934,48544260575.519356,1.1130126597230978
Region Midtjylland,2025-07-24 02:00:00,24,18721911.391,1.8725002e+07,3090.6090000011027,9551863.990887815,0.016506615473113467
Region Midtjylland,2025-07-25 02:00:00,24,18818091.485,1.8778328e+07,39763.484999999404,1581134739.3451777,0.21152804200338282
Region Midtjylland,2025-07-26 02:00:00,24,18167178.788000003,1.8178824e+07,11645.211999997497,135610962.52488568,0.06407973976077655
Region Midtjylland,2025-07-27 02:00:00,24,16578112.189000001,1.6569862e+07,8250.189000001177,68065618.53574042,0.04977793787916586
Region Midtjylland,2025-07-28 02:00:00,24,17314887.421,1.7319966e+07,5078.578999999911,25791964.659240093,0.029326406774515968
Region Midtjylland,2025-07-29 02:00:00,24,20022748.551999997,1.9967632e+07,55116.55199999735,3037834304.3684115,0.275649049792505
Region Midtjylland,2025-07-30 02:00:00,24,20843466.427,2.0478064e+07,365402.4270000011,133518933657.49112,1.7685812854658578
Region Midtjylland,2025-07-31 02:00:00,24,20301083.009,2.003347e+07,267613.0089999996,71616722586.03387,1.3269665288730785
Region Midtjylland,2025-08-01 02:00:00,24,19802184.034,1.9676154e+07,126030.03400000185,15883569470.041622,0.6384768978443863
Region Midtjylland,2025-08-02 02:00:00,24,19763619.044,1.9368438e+07,395181.04399999976,156168057536.92975,2.019730491324078
Region Midtjylland,2025-08-03 02:00:00,24,19048282.7,1.8927382e+07,120900.69999999925,14616979260.48982,0.6367272354814069
Region Midtjylland,2025-08-04 02:00:00,24,19949265.524,1.97977e+07,151565.5240000002,22972108065.394638,0.7626520515558952
Region Midtjylland,2025-08-05 02:00:00,24,23555281.234,2.3423924e+07,131357.2340000011,17254722924.131046,0.5592143730219372
Region Midtjylland,2025-08-06 02:00:00,24,24989874.169999998,2.4901748e+07,88126.16999999806,7766221838.868559,0.35327041361661166
Region Midtjylland,2025-08-07 02:00:00,24,22835702.057,2.282505e+07,10652.05700000003,113466318.33124964,0.04665738745039799
Region Midtjylland,2025-08-08 02:00:00,24,22842957.481,2.2803314e+07,39643.48099999875,1571605585.7972617,0.17369866021368305
Region Midtjylland,2025-08-09 02:00:00,24,21085294.824,2.1162868e+07,77573.17599999905,6017597634.726828,0.3672262688588764
Region Midtjylland,2025-08-10 02:00:00,24,18864934.021,1.8910298e+07,45363.97899999842,2057890590.7122977,0.24017842683152646
Region Midtjylland,2025-08-11 02:00:00,24,20969065.584,2.0864838e+07,104227.58399999887,10863389266.47682,0.4982924139064195
Region Midtjylland,2025-08-12 02:00:00,24,22602140.823,2.2547438e+07,54702.82299999893,2992398844.1692114,0.24231819842417812
Region Midtjylland,2025-08-13 02:00:00,24,23193009.696,2.3169442e+07,23567.6959999986,555436294.74835,0.10166716874479675
Region Midtjylland,2025-08-14 02:00:00,24,22922450.941000003,2.286049e+07,61960.94100000337,3839158209.6058984,0.2706726117915919
Region Midtjylland,2025-08-15 02:00:00,24,23623270.790999997,2.352563e+07,97640.7909999974,9533724067.105175,0.41418056142100157
Region Midtjylland,2025-08-16 02:00:00,24,22512634.113,2.249863e+07,14004.113000001758,196115180.91681826,0.06222492647549144
Region Midtjylland,2025-08-17 02:00:00,24,19200068.749,1.9205412e+07,5343.250999998301,28550331.248982847,0.027825460823778014
Region Midtjylland,2025-08-18 02:00:00,24,19718827.165999997,1.9726708e+07,7880.834000002593,62107544.53559687,0.03995805338595311
Region Midtjylland,2025-08-19 02:00:00,24,22839013.028,2.2737634e+07,101379.02800000086,10277707318.224958,0.44487269077832203
Region Midtjylland,2025-08-20 02:00:00,24,23195306.743,2.3117588e+07,77718.74300000072,6040203013.50016,0.33562463944989135
Region Midtjylland,2025-08-21 02:00:00,24,23363214.703,2.3318992e+07,44222.70300000161,1955647460.6263514,0.1894627787471738
Region Midtjylland,2025-08-22 02:00:00,24,23325221.757999998,2.3221692e+07,103529.75799999759,10718410791.538065,0.444840483037198
Region Midtjylland,2025-08-23 02:00:00,24,22630177.672000002,2.2564638e+07,65539.67200000212,4295448605.867862,0.2900318146030477
Region Midtjylland,2025-08-24 02:00:00,24,20587056.066,2.0581748e+07,5308.065999999642,28175564.660352204,0.02578683602997059
Region Midtjylland,2025-08-25 02:00:00,24,21310924.176,2.1125874e+07,185050.17599999905,34243567637.630623,0.8721212907370265
Region Midtjylland,2025-08-26 02:00:00,24,23249366.281,2.3163528e+07,85838.2809999995,7368210485.034874,0.3698898003658394
Region Midtjylland,2025-08-27 02:00:00,24,22899361.35,2.2830552e+07,68809.35000000149,4734726647.422705,0.30093802922109186
Region Midtjylland,2025-08-28 02:00:00,24,23736821.279,2.3656106e+07,80715.27899999917,6514956264.047707,0.3406216228207724
Region Midtjylland,2025-08-29 02:00:00,24,23056382.979000002,2.2933356e+07,123026.97900000215,15135637561.866968,0.5350192531259165
Region Midtjylland,2025-08-30 02:00:00,24,21947369.676,2.1893002e+07,54367.675999999046,2955844193.6408725,0.248025616214208
Region Midtjylland,2025-08-31 02:00:00,24,20330358.812,2.0308262e+07,22096.811999998987,488269100.56329924,0.1087478440876326
Region Midtjylland,2025-09-01 02:00:00,24,22106992.908,2.194205e+07,164942.90799999982,27206162899.496407,0.7489057519115522
Region Midtjylland,2025-09-02 02:00:00,24,23087424.602,2.303138e+07,56044.60200000182,3140997413.338608,0.24304446953324274
Region Midtjylland,2025-09-03 02:00:00,24,22474839.533999998,2.2467146e+07,7693.533999998122,59190465.40912711,0.03423762394377403
Region Midtjylland,2025-09-04 02:00:00,24,25334926.470000003,2.503363e+07,301296.47000000253,90779562834.46243,1.1963673018084513
Region Midtjylland,2025-09-05 02:00:00,24,23736051.428999998,2.37049e+07,31151.428999997675,970411528.7418962,0.13132716803379807
Region Midtjylland,2025-09-06 02:00:00,24,21455351.127,2.1420758e+07,34593.12700000033,1196684435.6381516,0.16136318198806102
Region Midtjylland,2025-09-07 02:00:00,24,19920418.474,1.9896122e+07,24296.473999999464,590318648.83265,0.12204211471292911
Region Midtjylland,2025-09-08 02:00:00,24,22573066.721,2.2407044e+07,166022.72100000083,27563543888.244118,0.7382050347976992
Region Midtjylland,2025-09-09 02:00:00,24,23032656.771,2.305529e+07,22633.22899999842,512263054.9663695,0.09821756266321661
Region Midtjylland,2025-09-10 02:00:00,24,23218879.965,2.3316316e+07,97436.03500000015,9493780916.521254,0.41876275786303174
Region Midtjylland,2025-09-11 02:00:00,24,23294417.969,2.3193412e+07,101005.9690000005,10202205773.629063,0.434548005649459
Region Midtjylland,2025-09-12 02:00:00,24,26078234.667999998,2.5723506e+07,354728.66799999774,125832427901.05261,1.369562734478256
Region Midtjylland,2025-09-13 02:00:00,24,24319499.973,2.4185008e+07,134491.97300000116,18088090801.43304,0.5545545295495669
Region Midtjylland,2025-09-14 02:00:00,24,21088416.562,2.1105814e+07,17397.438000001013,302670848.9638792,0.08246358693251818
Region Midtjylland,2025-09-15 02:00:00,24,20298025.941,2.03138e+07,15774.059000000358,248820937.33549228,0.07768209694839417
Region Midtjylland,2025-09-16 02:00:00,24,27480505.24,2.7205996e+07,274509.23999999836,75355322845.3767,1.0039378412426605
Region Midtjylland,2025-09-17 02:00:00,24,25531146.057,2.5586572e+07,55425.94299999997,3072035157.4392457,0.2168560925908155
Region Midtjylland,2025-09-18 02:00:00,24,25122380.026,2.4977566e+07,144814.02600000054,20971102126.32883,0.5781005269939711
Region Midtjylland,2025-09-19 02:00:00,24,26776178.879,2.6584604e+07,191574.87900000066,36700934263.86489,0.7180362380904814
Region Midtjylland,2025-09-20 02:00:00,24,22657063.041,2.27422e+07,85136.95899999887,7248301787.7674885,0.37505877098979257
Region Midtjylland,2025-09-21 02:00:00,24,20432255.832,2.0359434e+07,72821.83199999854,5303019215.836011,0.3570424873297195
Region Midtjylland,2025-09-22 02:00:00,24,22255469.346,2.2344952e+07,89482.65399999917,8007145366.883567,0.4012637158999595
Region Midtjylland,2025-09-23 02:00:00,24,26182519.439999998,2.5886014e+07,296505.4399999976,87915475949.5922,1.138904518375456
Region Midtjylland,2025-09-24 02:00:00,24,24541151.774,2.4503916e+07,37235.77400000021,1386502865.3790915,0.15184309326101006
Region Midtjylland,2025-09-25 02:00:00,24,26645360.904000003,2.6605396e+07,39964.90400000289,1597193551.7294471,0.1501007922649861
Region Midtjylland,2025-09-26 02:00:00,24,25219894.231999997,2.5140548e+07,79346.23199999705,6295824532.597356,0.31511332499609757
Region Midtjylland,2025-09-27 02:00:00,24,25326061.104000002,2.5405098e+07,79036.89599999785,6246830929.314477,0.3115911301690169
Region Midtjylland,2025-09-28 02:00:00,24,21299630.138,2.1238982e+07,60648.13800000027,3678196642.8670764,0.28514394312278435
Region Midtjylland,2025-09-29 02:00:00,24,20770209.06,2.0797224e+07,27014.94000000134,729806983.2036724,0.12998127626022496
Region Midtjylland,2025-09-30 02:00:00,24,24229900.203,2.4288412e+07,58511.79699999839,3423630388.1690207,0.2411946926561904
Region Midtjylland,2025-10-01 02:00:00,24,24210472.186,2.4314152e+07,103679.81399999931,10749503831.074453,0.4273286634949862
Region Midtjylland,2025-10-02 02:00:00,24,25986492.539,2.5852144e+07,134348.5390000008,18049529931.43474,0.5183336135738282
Region Midtjylland,2025-10-03 02:00:00,24,26970806.088999998,2.6784208e+07,186598.08899999782,34818846818.45111,0.6942537069790546
Region Midtjylland,2025-10-04 02:00:00,24,28408822.107,2.811678e+07,292042.1070000008,85288592260.99991,1.0333091417484783
Region Midtjylland,2025-10-05 02:00:00,24,25910558.444000002,2.6049328e+07,138769.555999998,19256989672.43658,0.5341411057530215
Region Midtjylland,2025-10-06 02:00:00,24,27127025.773,2.703262e+07,94405.77299999818,8912449975.727186,0.3486203487950504
Region Midtjylland,2025-10-07 02:00:00,24,24681566.123,2.480831e+07,126743.87700000033,16064010356.991213,0.5122012295403471
Region Midtjylland,2025-10-08 02:00:00,24,24397320.716000002,2.4566086e+07,168765.28399999812,28481721083.60002,0.6893527036583829
Region Midtjylland,2025-10-09 02:00:00,24,24196181.377,2.4261102e+07,64920.62299999967,4214687290.7080865,0.2679499075295414
Region Midtjylland,2025-10-10 02:00:00,24,26072430.947,2.6043588e+07,28842.947000000626,831915591.6448451,0.11068745304330632
Region Midtjylland,2025-10-11 02:00:00,24,25168946.976,2.5243336e+07,74389.02400000021,5533726891.672607,0.295122615396787
Region Midtjylland,2025-10-12 02:00:00,24,20854461.941999998,2.0862672e+07,8210.058000002056,67405052.36339776,0.039360604261149054
Region Midtjylland,2025-10-13 02:00:00,24,20729851.023000002,2.0842816e+07,112964.97699999809,12761086028.610098,0.5434579260334702
Region Midtjylland,2025-10-14 02:00:00,24,23863341.880999997,2.3900404e+07,37062.11900000274,1373600664.7703643,0.15518933164220577
Region Midtjylland,2025-10-15 02:00:00,24,23959677.444000002,2.3964608e+07,4930.555999998003,24310382.46911631,0.020576440334241004
Region Midtjylland,2025-10-16 02:00:00,24,24542456.693,2.4669936e+07,127479.30700000003,16250973713.200256,0.5180780694620961
Region Midtjylland,2025-10-17 02:00:00,24,24678533.384999998,2.4847696e+07,169162.6150000021,28615990313.63893,0.6831233352532844
Region Midtjylland,2025-10-18 02:00:00,24,24299505.697,2.4187898e+07,111607.69700000063,12456278029.64395,0.460357488709613
Region Midtjylland,2025-10-19 02:00:00,24,22307198.221,2.2261578e+07,45620.221000000834,2081204564.0889173,0.20471830222031276
Region Midtjylland,2025-10-20 02:00:00,24,24447012.610999998,2.4388448e+07,58564.610999997705,3429813661.5810523,0.23984461400495624
Region Midtjylland,2025-10-21 02:00:00,24,26950676.334000003,2.6780808e+07,169868.3340000026,28855250895.936436,0.6322860278494632
Region Midtjylland,2025-10-22 02:00:00,24,26877210.647,2.7194304e+07,317093.3530000001,100548194516.78268,1.172866545611343
Region Midtjylland,2025-10-23 02:00:00,24,25526389.286,2.5372362e+07,154027.28599999845,23724404832.52532,0.6052301170789806
Region Midtjylland,2025-10-24 02:00:00,24,28837686.357,2.8684968e+07,152718.35700000077,23322896564.779686,0.5309850830324776
Region Midtjylland,2025-10-25 02:00:00,24,31168048.955,3.0955898e+07,212150.9549999982,45008027707.41126,0.6829925186616734
Region Midtjylland,2025-10-26 02:00:00,24,29301344.841000002,2.9255628e+07,45716.84100000188,2090029551.0194526,0.1561448236886733
Region Midtjylland,2025-10-27 01:00:00,24,30617698.374,3.0667148e+07,49449.6259999983,2445265511.539708,0.1613763562307867
Region Midtjylland,2025-10-28 01:00:00,24,28103660.338,2.8126394e+07,22733.662000000477,516819387.93026567,0.08085947014508638
Region Midtjylland,2025-10-29 01:00:00,24,28398663.584,2.8437096e+07,38432.41600000113,1477050599.597143,0.13524026521788707
Region Midtjylland,2025-10-30 01:00:00,24,27073930.68,2.6977002e+07,96928.6799999997,9395169006.542343,0.3586568267890977
Region Midtjylland,2025-10-31 01:00:00,24,27848486.752,2.778512e+07,63366.75200000033,4015345259.029546,0.22780026570081158
Region Midtjylland,2025-11-01 01:00:00,24,25582741.962,2.5545492e+07,37249.96200000122,1387559669.001535,0.14571190558894126
Region Midtjylland,2025-11-02 01:00:00,24,28566810.0,2.8313672e+07,253138.0,64078847044.0,0.8900698134027767
Region Midtjylland,2025-11-03 01:00:00,24,23139289.599999998,2.331318e+07,173890.40000000224,30237871212.160778,0.748680970021031
Region Midtjylland,2025-11-04 01:00:00,24,29115411.197,2.8662854e+07,452557.1970000006,204808016556.49738,1.566530928046966
Region Midtjylland,2025-11-05 01:00:00,24,29116049.616,2.9534424e+07,418374.3839999996,175037125187.37912,1.4266700955876546
Region Midtjylland,2025-11-06 01:00:00,24,26201025.594,2.624734e+07,46314.40599999949,2145024203.1327891,0.1766095300605431
Region Midtjylland,2025-11-07 01:00:00,24,25670755.328,2.5649276e+07,21479.32800000161,461361531.3316531,0.08370738459889668
Region Midtjylland,2025-11-08 01:00:00,24,24992380.641999997,2.505211e+07,59729.3580000028,3567596207.092499,0.23870502920005643
Region Midtjylland,2025-11-09 01:00:00,24,22248048.413000003,2.2317876e+07,69827.5869999975,4875891906.242219,0.3133676140222892
Region Midtjylland,2025-11-10 01:00:00,24,22887451.944,2.3012178e+07,124726.05600000173,15556589045.315567,0.5434730351951603
Region Midtjylland,2025-11-11 01:00:00,24,25804710.141000003,2.580903e+07,4319.858999997377,18661181.77985834,0.016739182195269143
Region Midtjylland,2025-11-12 01:00:00,24,27013181.601,2.6870248e+07,142933.6009999998,20430014294.82714,0.530528966171623
Region Midtjylland,2025-11-13 01:00:00,24,33054075.32,3.250325e+07,550825.3200000003,303408533153.1027,1.680438661312976
Region Midtjylland,2025-11-14 01:00:00,24,29622935.41,2.9669072e+07,46136.58999999985,2128584936.8280861,0.15562498898365382
Region Midtjylland,2025-11-15 01:00:00,24,26780629.187999997,2.6886892e+07,106262.81200000271,11291785214.14792,0.39600417402457927
Region Midtjylland,2025-11-16 01:00:00,24,24795801.182,2.4840162e+07,44360.81799999997,1967882173.6291213,0.1787446647800198
Region Midtjylland,2025-11-17 01:00:00,24,25026815.912,2.4801258e+07,225557.91200000048,50876371665.79996,0.9053446954355577
Region Midtjylland,2025-11-18 01:00:00,24,29175381.89,2.918276e+07,7378.109999999404,54436507.1720912,0.025285623431625003
Region Midtjylland,2025-11-19 01:00:00,24,28848996.646,2.8831366e+07,17630.64600000158,310839678.37737167,0.06113223007353691
Region Midtjylland,2025-11-20 01:00:00,24,29673538.658999998,2.950609e+07,167448.65899999812,28039053400.89765,0.5658996610636308
Region Midtjylland,2025-11-21 01:00:00,24,30328049.191,3.0395936e+07,67886.80900000036,4608618836.20253,0.22359141543978234
Region Midtjylland,2025-11-22 01:00:00,24,29439506.583,2.9452044e+07,12537.416999999434,157186825.0318748,0.04257798232814254
Region Midtjylland,2025-11-23 01:00:00,24,30504480.387000002,3.0569878e+07,65397.61299999803,4276847786.097512,0.21415734762403418
Region Midtjylland,2025-11-24 01:00:00,24,27669788.406,2.773591e+07,66121.5940000005,4372065193.100903,0.23868156490141837
Region Midtjylland,2025-11-25 01:00:00,24,29815949.143,2.9538044e+07,277905.1429999992,77231268505.85002,0.9364328439720971
Region Midtjylland,2025-11-26 01:00:00,24,28926976.827,2.8715832e+07,211144.82699999958,44582137968.85976,0.7325972876640909
Region Midtjylland,2025-11-27 01:00:00,24,29608567.197,2.9402096e+07,206471.19700000063,42630355190.61307,0.6997758907088415
Region Midtjylland,2025-11-28 01:00:00,24,31597997.595,3.186601e+07,268012.4050000012,71830649233.88466,0.8446122933500863
Region Midtjylland,2025-11-29 01:00:00,24,28085143.945,2.8090982e+07,5838.054999999702,34082886.18302152,0.02078482594444312
Region Midtjylland,2025-11-30 01:00:00,24,23897392.506,2.39985e+07,101107.49399999902,10222725342.959837,0.4221969305085321
Region Midtjylland,2025-12-01 01:00:00,24,25678447.728,2.5952332e+07,273884.2719999999,75012594448.96992,1.060934091806749
Region Midtjylland,2025-12-02 01:00:00,24,29038641.456,2.8792558e+07,246083.45600000024,60557067316.90405,0.8510404705931411
Region Midtjylland,2025-12-03 01:00:00,24,28697481.083,2.8931196e+07,233714.91699999943,54622662428.31663,0.811106306200263
Region Midtjylland,2025-12-04 01:00:00,24,28017849.782,2.8069214e+07,51364.21799999848,2638282890.751368,0.18315887670512276
Region Midtjylland,2025-12-05 01:00:00,24,28437488.388,2.847623e+07,38741.61199999973,1500912500.3585231,0.13614155988152138
Region Midtjylland,2025-12-06 01:00:00,24,27349894.974,2.7376704e+07,26809.026000000536,718723875.0687047,0.09797439089075208
Region Midtjylland,2025-12-07 01:00:00,24,25165604.523,2.5274234e+07,108629.47700000182,11800363273.293924,0.4307288848693201
Region Midtjylland,2025-12-08 01:00:00,24,25974272.09,2.556783e+07,406442.08999999985,165195172523.568,1.5771265568109463
Region Midtjylland,2025-12-09 01:00:00,24,29993732.128,3.0365462e+07,371729.8720000014,138183097737.1374,1.2317257623145097
Region Midtjylland,2025-12-10 01:00:00,24,28424017.358000003,2.8028322e+07,395695.3580000028,156574816342.75037,1.4018740852904188
Region Midtjylland,2025-12-11 01:00:00,24,28981173.993,2.9071656e+07,90482.00699999928,8186993590.74792,0.3117229840850467
Region Midtjylland,2025-12-12 01:00:00,24,29681334.786,2.9775808e+07,94473.21400000155,8925188163.49009,0.3177859196498308
Region Midtjylland,2025-12-13 01:00:00,24,26022880.936,2.6110044e+07,87163.06399999931,7597399725.867976,0.3343877755065667
Region Midtjylland,2025-12-14 01:00:00,24,24284840.777,2.441628e+07,131439.22300000116,17276269342.844036,0.5397790478040734
Region Midtjylland,2025-12-15 01:00:00,24,28668677.495,2.8767888e+07,99210.50499999896,9842724302.354818,0.34546113314743887
Region Midtjylland,2025-12-16 01:00:00,24,28397568.332000002,2.8601116e+07,203547.66799999774,41431653148.237305,0.71421882938348
Region Midtjylland,2025-12-17 01:00:00,24,27037642.961999997,2.7259486e+07,221843.0380000025,49214333509.07056,0.8171446344990358
Region Midtjylland,2025-12-18 01:00:00,24,27525622.926,2.7371604e+07,154018.92599999905,23721829566.193184,0.5611173264092646
Region Midtjylland,2025-12-19 01:00:00,24,31509618.275000002,3.0732896e+07,776722.2750000022,603297492481.1791,2.4957933786809647
Region Midtjylland,2025-12-20 01:00:00,24,28365350.202,2.9095184e+07,729833.7980000004,532657372703.1054,2.540295902694888
Region Midtjylland,2025-12-21 01:00:00,24,22665450.846,2.2737186e+07,71735.15399999917,5145932319.403596,0.31599554115465023
Region Midtjylland,2025-12-22 01:00:00,24,23846508.357,2.3758016e+07,88492.35700000077,7830897247.415586,0.3717812884186014
Region Midtjylland,2025-12-23 01:00:00,24,26675218.744,2.6518692e+07,156526.74399999902,24500621587.24123,0.5885137671238222
Region Midtjylland,2025-12-24 01:00:00,24,26260614.005999997,2.6250254e+07,10360.005999997258,107329724.31997919,0.03945852122959957
Region Midtjylland,2025-12-25 01:00:00,24,25158020.744999997,2.4573792e+07,584228.7449999973,341323226484.2719,2.3495171913223105
Region Midtjylland,2025-12-26 01:00:00,24,24601081.927,2.3888464e+07,712617.9270000011,507824309881.7789,2.93926417901637
Region Midtjylland,2025-12-27 01:00:00,24,22729229.538,2.2994516e+07,265286.4620000012,70376906920.47809,1.1603881479023956
Region Midtjylland,2025-12-28 01:00:00,24,24403762.251000002,2.426707e+07,136692.25100000203,18684771483.447556,0.5617008983740709
Region Midtjylland,2025-12-29 01:00:00,24,24853976.323999997,2.4820072e+07,33904.32399999723,1149503185.8967881,0.13650719095353606
Region Midtjylland,2025-12-30 01:00:00,24,25846357.719,2.5248624e+07,597733.7190000005,357285598829.5716,2.33969638070241
Region Midtjylland,2024-12-25 01:00:00,168,192848915.926,1.8717752e+08,5671395.925999999,32164731749449.387,2.9847375813109758
Region Midtjylland,2024-12-26 01:00:00,168,180368466.419,1.7610691e+08,4261554.419,18160846066098.426,2.3909389971898602
Region Midtjylland,2024-12-27 01:00:00,168,169142936.38,1.6698957e+08,2153368.379999995,4636995379983.804,1.281261616737665
Region Midtjylland,2024-12-28 01:00:00,168,160920308.732,1.5896963e+08,1950676.7319999933,3805139712766.174,1.2195924182775395
Region Midtjylland,2024-12-29 01:00:00,168,154042869.786,1.5757237e+08,3529498.2139999866,12457357642629.096,2.2652924414587514
Region Midtjylland,2024-12-30 01:00:00,168,154396339.402,1.6334946e+08,8953116.59799999,80158296817382.92,5.635395795983921
Region Midtjylland,2024-12-31 01:00:00,168,155503780.178,1.6620475e+08,10700971.821999997,114510797935237.94,6.652588135946108
Region Midtjylland,2025-01-01 01:00:00,168,160914706.59600002,1.6237528e+08,1460573.4039999843,2133274668472.1013,0.9035686006725552
Region Midtjylland,2025-01-02 01:00:00,168,168716265.35099998,1.6993571e+08,1219446.6490000188,1487050129757.3752,0.7201768957847298
Region Midtjylland,2025-01-03 01:00:00,168,175588135.80699998,1.7384974e+08,1738391.8069999814,3022006074644.6606,0.9949647175973724
Region Midtjylland,2025-01-04 01:00:00,168,182959164.036,1.8532533e+08,2366163.9639999866,5598731904532.13,1.2849653000152355
Region Midtjylland,2025-01-05 01:00:00,168,185930436.488,1.8127502e+08,4655412.4880000055,21672865433426.402,2.535590011005373
Region Midtjylland,2025-01-06 01:00:00,168,186697048.155,1.8597632e+08,720728.1550000012,519449073409.70575,0.386788118811989
Region Midtjylland,2025-01-07 01:00:00,168,195226993.687,1.9923315e+08,4006158.3129999936,16049304428818.955,2.031210684680342
Region Midtjylland,2025-01-08 01:00:00,168,203902084.012,2.083664e+08,4464315.9880000055,19930117240712.465,2.1657323618606084
Region Midtjylland,2025-01-09 01:00:00,168,206740655.734,2.1107896e+08,4338304.266000003,18820883904393.82,2.0766398238046984
Region Midtjylland,2025-01-10 01:00:00,168,208140612.97300002,2.1135099e+08,3210379.02699998,10306533497001.34,1.5306046599939045
Region Midtjylland,2025-01-11 01:00:00,168,208088343.248,2.0738246e+08,705879.247999996,498265512757.0398,0.3397972785022401
Region Midtjylland,2025-01-12 01:00:00,168,212729299.98499998,2.0829424e+08,4435059.9849999845,19669757070548.062,2.1067990569638906
Region Midtjylland,2025-01-13 01:00:00,168,210219859.84,2.065332e+08,3686659.8400000036,13591460775868.852,1.769229884678177
Region Midtjylland,2025-01-14 01:00:00,168,207899709.075,2.058847e+08,2015005.074999988,4060245452275.7075,0.9739395740045728
Region Midtjylland,2025-01-15 01:00:00,168,206513410.713,2.0353466e+08,2978754.7129999995,8872979640219.709,1.4528807497511669
Region Midtjylland,2025-01-16 01:00:00,168,203227036.81,2.0250946e+08,717580.8100000024,514922218880.2595,0.35371765799535027
Region Midtjylland,2025-01-17 01:00:00,168,203199854.87699997,2.0332784e+08,127985.12300002575,16380191709.33172,0.06296502039731844
Region Midtjylland,2025-01-18 01:00:00,168,201172810.97100002,2.0246018e+08,1287365.0289999843,1657308717892.1304,0.6378889092592811
Region Midtjylland,2025-01-19 01:00:00,168,195125617.368,1.9412877e+08,996849.3680000007,993708662482.0009,0.512184014090211
Region Midtjylland,2025-01-20 01:00:00,168,193318125.936,1.9306035e+08,257773.9359999895,66447402080.92669,0.1334307942704238
Region Midtjylland,2025-01-21 01:00:00,168,188044429.062,1.879498e+08,94637.06200000644,8956173503.993063,0.05033963646180675
Region Midtjylland,2025-01-22 01:00:00,168,182282892.31399998,1.8229034e+08,7443.686000019312,55408461.2668835,0.004083506643887853
Region Midtjylland,2025-01-23 01:00:00,168,182842635.509,1.8318008e+08,337444.49099999666,113868784506.24683,0.18438445304179454
Region Midtjylland,2025-01-24 01:00:00,168,184768995.148,1.8607538e+08,1306380.851999998,1706630930472.241,0.704543983211025
Region Midtjylland,2025-01-25 01:00:00,168,191143945.62399998,1.933847e+08,2240758.376000017,5020998099614.233,1.1654571789077754
Region Midtjylland,2025-01-26 01:00:00,168,194132237.312,1.9405638e+08,75853.31200000644,5753724941.37032,0.039080646796723406
Region Midtjylland,2025-01-27 01:00:00,168,195068591.597,1.9472198e+08,346607.59700000286,120136826298.1164,0.17784298477157462
Region Midtjylland,2025-01-28 01:00:00,168,200640060.493,1.9959994e+08,1040124.4930000007,1081858960938.5085,0.5197504008164221
Region Midtjylland,2025-01-29 01:00:00,168,200452859.734,1.999291e+08,523755.7339999974,274320068897.876,0.26162803594617595
Region Midtjylland,2025-01-30 01:00:00,168,199943308.342,1.9935333e+08,589980.3420000076,348076803946.446,0.29550979813147527
Region Midtjylland,2025-01-31 01:00:00,168,197037983.87600002,1.9638602e+08,651967.8760000169,425062111335.97345,0.3314326915518652
Region Midtjylland,2025-02-01 01:00:00,168,189883913.894,1.9111221e+08,1228294.1060000062,1508706410834.3545,0.6447803719859069
Region Midtjylland,2025-02-02 01:00:00,168,187206473.482,1.8759178e+08,385302.5180000067,148458030377.14548,0.20560529219788215
Region Midtjylland,2025-02-03 01:00:00,168,185830075.643,1.8626368e+08,433604.3569999933,188012738409.37766,0.23306188315399134
Region Midtjylland,2025-02-04 01:00:00,168,180655576.509,1.8119077e+08,535191.4909999967,286429932038.7995,0.2958114675588136
Region Midtjylland,2025-02-05 01:00:00,168,182309280.94700003,1.8239477e+08,85487.0529999733,7308036230.620243,0.04688023247715385
Region Midtjylland,2025-02-06 01:00:00,168,182634805.13,1.8350083e+08,866026.8700000048,750002539562.0051,0.473063412667756
Region Midtjylland,2025-02-07 01:00:00,168,182264675.22,1.8275078e+08,486108.7800000012,236301745993.08957,0.2663496943602142
Region Midtjylland,2025-02-08 01:00:00,168,186027238.419,1.8684859e+08,821353.5810000002,674621705021.5239,0.44055072171186127
Region Midtjylland,2025-02-09 01:00:00,168,189740388.088,1.9054387e+08,803483.9120000005,645586396842.8245,0.4225701646521313
Region Midtjylland,2025-02-10 01:00:00,168,192411037.331,1.9274565e+08,334610.66899999976,111964299808.6274,0.1737530110440319
Region Midtjylland,2025-02-11 01:00:00,168,195679058.274,1.9642835e+08,749293.726000011,561441087822.9795,0.38218799561906436
Region Midtjylland,2025-02-12 01:00:00,168,198247155.41599998,1.9887624e+08,629084.5840000212,395747413826.47974,0.3168207117795385
Region Midtjylland,2025-02-13 01:00:00,168,199724196.048,1.9912603e+08,598164.0480000079,357800228319.75574,0.2999441925494004
Region Midtjylland,2025-02-14 01:00:00,168,201658947.946,2.0049789e+08,1161059.9460000098,1348060198205.5457,0.5774164913889029
Region Midtjylland,2025-02-15 01:00:00,168,199130898.037,1.9808058e+08,1050322.0370000005,1103176381407.8303,0.5288477829329591
Region Midtjylland,2025-02-16 01:00:00,168,197613126.248,1.9546603e+08,2147094.247999996,4610013709794.668,1.0924487869414634
Region Midtjylland,2025-02-17 01:00:00,168,197402627.207,1.9645018e+08,952451.2069999874,907163301715.7328,0.48365846287979863
Region Midtjylland,2025-02-18 01:00:00,168,196418452.625,1.9489752e+08,1520932.625,2313236049789.3906,0.7773424707391217
Region Midtjylland,2025-02-19 01:00:00,168,193563881.636,1.9291085e+08,653033.6360000074,426452929747.39014,0.33794377014769633
Region Midtjylland,2025-02-20 01:00:00,168,196127830.042,1.9356787e+08,2559958.0419999957,6553385176800.452,1.3138241087011489
Region Midtjylland,2025-02-21 01:00:00,168,200508052.489,1.9694706e+08,3560996.4889999926,12680695994670.275,1.791898714064986
Region Midtjylland,2025-02-22 01:00:00,168,203360391.691,1.9987211e+08,3488279.6910000145,12168095202643.156,1.7301579902760562
Region Midtjylland,2025-02-23 01:00:00,168,203278216.98200002,2.0062267e+08,2655544.982000023,7051919151425.503,1.3149488176137034
Region Midtjylland,2025-02-24 01:00:00,168,202754559.273,1.9863611e+08,4118447.273000002,16961607940481.152,2.0520891828095826
Region Midtjylland,2025-02-25 01:00:00,168,202367850.74600002,1.987712e+08,3596650.7460000217,12935896588702.512,1.793218954530263
Region Midtjylland,2025-02-26 01:00:00,168,198998585.232,1.9467456e+08,4324025.231999993,18697194206972.598,2.1967590547492146
Region Midtjylland,2025-02-27 01:00:00,168,193646350.212,1.9164331e+08,2003038.2120000124,4012162078732.2065,1.0397570495404933
Region Midtjylland,2025-02-28 01:00:00,168,187403816.781,1.8596413e+08,1439688.7809999883,2072703786137.2324,0.7711903504969831
Region Midtjylland,2025-03-01 01:00:00,168,182817502.659,1.8324154e+08,424033.3409999907,179804274279.6144,0.23167483723574778
Region Midtjylland,2025-03-02 01:00:00,168,179987526.517,1.7924122e+08,746310.5169999897,556979387784.792,0.41550712883987656
Region Midtjylland,2025-03-03 01:00:00,168,180354073.639,1.7945942e+08,894649.6389999986,800397976562.8278,0.497285201845095
Region Midtjylland,2025-03-04 01:00:00,168,180421811.38099998,1.803414e+08,80403.38099998236,6464703676.228324,0.04457404562357495
Region Midtjylland,2025-03-05 01:00:00,168,184841500.87,1.8437147e+08,470028.87000000477,220927138633.48138,0.25461124312416944
Region Midtjylland,2025-03-06 01:00:00,168,190165614.697,1.8911776e+08,1047854.6969999969,1097999466024.9553,0.5525444914832356
Region Midtjylland,2025-03-07 01:00:00,168,190662116.76000002,1.8862533e+08,2036788.7600000203,4148508452862.42,1.0740080053474113
Region Midtjylland,2025-03-08 01:00:00,168,190328459.65199998,1.890441e+08,1284363.6519999802,1649589990578.7263,0.6770988743730489
Region Midtjylland,2025-03-09 01:00:00,168,190878862.468,1.8868515e+08,2193710.4679999948,4812365617412.756,1.1559106682306104
Region Midtjylland,2025-03-10 01:00:00,168,187910177.252,1.8687602e+08,1034161.252000004,1069489495138.216,0.5518673156162138
Region Midtjylland,2025-03-11 01:00:00,168,182603546.235,1.840039e+08,1400357.7649999857,1961001869995.7551,0.7639548864063394
Region Midtjylland,2025-03-12 01:00:00,168,178092200.356,1.7896104e+08,868839.6439999938,754882326986.036,0.48667231986676107
Region Midtjylland,2025-03-13 01:00:00,168,172535809.71899998,1.7437078e+08,1834974.2810000181,3367130611931.5337,1.0579068338414905
Region Midtjylland,2025-03-14 01:00:00,168,171896446.771,1.7413696e+08,2240513.229000002,5019899529324.016,1.2949693209723776
Region Midtjylland,2025-03-15 01:00:00,168,172317071.56300002,1.7262776e+08,310688.43699997663,96527304885.48845,0.1801380444473963
Region Midtjylland,2025-03-16 01:00:00,168,172867115.208,1.7336347e+08,496356.7919999957,246370064964.527,0.2867203594012949
Region Midtjylland,2025-03-17 01:00:00,168,175487100.476,1.7549291e+08,5811.523999989033,33773811.202448525,0.0033115982639532354
Region Midtjylland,2025-03-18 01:00:00,168,177827782.64699998,1.7799362e+08,165833.35300001502,27500700967.227592,0.09321156829273973
Region Midtjylland,2025-03-19 01:00:00,168,180542214.37,1.8200027e+08,1458057.6299999952,2125932052401.203,0.8043513159513918
Region Midtjylland,2025-03-20 01:00:00,168,181238806.92900002,1.8012587e+08,1112934.92900002,1238624156188.2795,0.6159622087573681
Region Midtjylland,2025-03-21 01:00:00,168,180481281.861,1.793537e+08,1127585.8610000014,1271449873927.1145,0.6267238764295863
Region Midtjylland,2025-03-22 01:00:00,168,181649430.017,1.7982486e+08,1824566.0169999897,3329041150391.207,1.0095135655284972
Region Midtjylland,2025-03-23 01:00:00,168,184820753.27,1.8270382e+08,2116929.2700000107,4481389534182.778,1.151993309250075
Region Midtjylland,2025-03-24 01:00:00,168,183174843.64499998,1.8097374e+08,2201099.644999981,4844839647219.042,1.2089019261257066
Region Midtjylland,2025-03-25 01:00:00,168,179741568.52,1.782594e+08,1482176.5200000107,2196847236439.3423,0.8280293538023666
Region Midtjylland,2025-03-26 01:00:00,168,176680311.445,1.7647094e+08,209367.44499999285,43834727025.82503,0.11857097590445909
Region Midtjylland,2025-03-27 01:00:00,168,174811833.926,1.7485515e+08,43318.074000000954,1876455535.0695586,0.024776759456020453
Region Midtjylland,2025-03-28 01:00:00,168,174977936.268,1.742823e+08,695632.2680000067,483904252282.8331,0.39834609714877534
Region Midtjylland,2025-03-29 01:00:00,168,174146079.191,1.7341469e+08,731391.1910000145,534933074272.41974,0.42087097281499714
Region Midtjylland,2025-03-30 01:00:00,168,170323371.261,1.6882509e+08,1498283.2610000074,2244852730192.8164,0.8835559885866777
Region Midtjylland,2025-03-31 02:00:00,168,172505776.106,1.7172552e+08,780256.1060000062,608799590950.293,0.4533324626937697
Region Midtjylland,2025-04-01 02:00:00,168,172748799.529,1.717244e+08,1024399.5290000141,1049394395015.4507,0.5947629774395691
Region Midtjylland,2025-04-02 02:00:00,168,172515593.687,1.7161792e+08,897673.6870000064,805818048332.1855,0.5217008232545861
Region Midtjylland,2025-04-03 02:00:00,168,173883283.31599998,1.7237771e+08,1505571.3159999847,2266744987561.926,0.8696164664033215
Region Midtjylland,2025-04-04 02:00:00,168,172865498.806,1.7250354e+08,361962.8059999943,131017072927.3895,0.20960929876259188
Region Midtjylland,2025-04-05 02:00:00,168,170591503.324,1.7047427e+08,117231.32400000095,13743183326.7932,0.0687441147612278
Region Midtjylland,2025-04-06 02:00:00,168,170956299.843,1.7242198e+08,1465684.1570000052,2148230048080.816,0.8536848286364829
Region Midtjylland,2025-04-07 02:00:00,168,168385090.64000002,1.6823762e+08,147474.6400000155,21748769443.13417,0.0876201379711035
Region Midtjylland,2025-04-08 02:00:00,168,169094797.804,1.6980453e+08,709730.1960000098,503716951114.2123,0.41884426551528586
Region Midtjylland,2025-04-09 02:00:00,168,168429150.326,1.6915042e+08,721265.673999995,520224172490.66705,0.4273159550797397
Region Midtjylland,2025-04-10 02:00:00,168,166733377.465,1.6726438e+08,531006.5349999964,281967940212.70245,0.31797011612944065
Region Midtjylland,2025-04-11 02:00:00,168,167987208.222,1.6730194e+08,685272.2220000029,469598018244.8212,0.40876493248243895
Region Midtjylland,2025-04-12 02:00:00,168,170577171.743,1.7021328e+08,363891.7430000007,132417200623.57857,0.21355747565041644
Region Midtjylland,2025-04-13 02:00:00,168,170283750.63799998,1.7063634e+08,352585.36200001836,124316437496.68399,0.2068434074841738
Region Midtjylland,2025-04-14 02:00:00,168,169760128.262,1.699555e+08,195375.73800000548,38171678999.04678,0.11502310723771772
Region Midtjylland,2025-04-15 02:00:00,168,169496438.246,1.7017853e+08,682089.7540000081,465246432511.79156,0.40161320190197586
Region Midtjylland,2025-04-16 02:00:00,168,171647171.73,1.7176062e+08,113452.27000001073,12871417568.155334,0.0660743707106819
Region Midtjylland,2025-04-17 02:00:00,168,169110761.239,1.6941318e+08,302422.7610000074,91459526370.86758,0.17867141468323317
Region Midtjylland,2025-04-18 02:00:00,168,162337029.773,1.614766e+08,860421.7730000019,740325627452.4668,0.5314302256801026
Region Midtjylland,2025-04-19 02:00:00,168,155959663.63599998,1.5561134e+08,348319.6359999776,121326568823.15689,0.2235892476920767
Region Midtjylland,2025-04-20 02:00:00,168,155149485.49400002,1.5547355e+08,324066.50599998236,105019100311.0366,0.2086558090568167
Region Midtjylland,2025-04-21 02:00:00,168,153658651.19,1.5247291e+08,1185739.1899999976,1405977426701.8503,0.7746598734505992
Region Midtjylland,2025-04-22 02:00:00,168,150280578.162,1.4987136e+08,409218.1620000005,167459504110.65863,0.2726740093739688
Region Midtjylland,2025-04-23 02:00:00,168,146785455.475,1.4745022e+08,664768.525000006,441917191830.68353,0.4518612604604184
Region Midtjylland,2025-04-24 02:00:00,168,148570576.335,1.4918898e+08,618399.6649999917,382418145672.1019,0.4153684811456523
Region Midtjylland,2025-04-25 02:00:00,168,152528409.88,1.5242491e+08,103497.87999999523,10711811164.493412,0.06787785052606965
Region Midtjylland,2025-04-26 02:00:00,168,154609698.079,1.5317141e+08,1438290.0789999962,2068678351349.8152,0.9346188252574683
Region Midtjylland,2025-04-27 02:00:00,168,153798812.403,1.5328954e+08,509276.40299999714,259362454652.6155,0.3316807072938245
Region Midtjylland,2025-04-28 02:00:00,168,155119325.831,1.5604243e+08,923106.1689999998,852124999245.8561,0.593328804564321
Region Midtjylland,2025-04-29 02:00:00,168,158001339.533,1.5836472e+08,363380.46700000763,132045363797.14363,0.22972152419662678
Region Midtjylland,2025-04-30 02:00:00,168,158538657.01000002,1.5911672e+08,578062.9899999797,334156820407.7167,0.36395605542152176
Region Midtjylland,2025-05-01 02:00:00,168,158108727.28800002,1.590665e+08,957768.7119999826,917320905686.1056,0.6039366518426402
Region Midtjylland,2025-05-02 02:00:00,168,156970850.245,1.5630334e+08,667506.2450000048,445564587114.0064,0.4261482479325911
Region Midtjylland,2025-05-03 02:00:00,168,157900155.04700002,1.5811349e+08,213332.95299997926,45510948835.69136,0.13501502716340047
Region Midtjylland,2025-05-04 02:00:00,168,158971686.627,1.5821066e+08,761030.627000004,579167615232.0193,0.47986947867079766
Region Midtjylland,2025-05-05 02:00:00,168,158924773.552,1.5773891e+08,1185861.5519999862,1406267620511.816,0.748972241596205
Region Midtjylland,2025-05-06 02:00:00,168,158729018.12800002,1.575021e+08,1226922.128000021,1505337908176.0999,0.7759654715717841
Region Midtjylland,2025-05-07 02:00:00,168,159794901.47,1.587516e+08,1043301.4699999988,1088477957304.1584,0.6550387244471146
Region Midtjylland,2025-05-08 02:00:00,168,159992445.868,1.592951e+08,697341.8680000007,486285680865.7304,0.436811186836628
Region Midtjylland,2025-05-09 02:00:00,168,161238888.59,1.6049293e+08,745960.5900000036,556457201833.1534,0.46371577291071636
Region Midtjylland,2025-05-10 02:00:00,168,162149866.979,1.6056392e+08,1585946.9790000021,2515227820199.2334,0.9828814528480029
Region Midtjylland,2025-05-11 02:00:00,168,162574989.611,1.6013419e+08,2440797.6110000014,5957492977863.314,1.51269176712932
Region Midtjylland,2025-05-12 02:00:00,168,164440048.566,1.611123e+08,3327744.5660000145,11073883896542.625,2.0443683111307718
Region Midtjylland,2025-05-13 02:00:00,168,167200791.13,1.6239149e+08,4809303.129999995,23129396596227.75,2.918334824283355
Region Midtjylland,2025-05-14 02:00:00,168,168201470.496,1.6383165e+08,4369822.495999992,19095348646547.598,2.632160620478969
Region Midtjylland,2025-05-15 02:00:00,168,170094053.71699998,1.6530002e+08,4794037.716999978,22982797632018.36,2.8587492444604687
Region Midtjylland,2025-05-16 02:00:00,168,173271469.42299998,1.6721331e+08,6058157.422999978,36701271361849.734,3.5585481369715897
Region Midtjylland,2025-05-17 02:00:00,168,174455522.273,1.6803218e+08,6423346.273000002,41259377342863.016,3.750993863656905
Region Midtjylland,2025-05-18 02:00:00,168,174455922.428,1.6731558e+08,7140338.428000003,50984432866373.555,4.178428156651636
Region Midtjylland,2025-05-19 02:00:00,168,172417638.472,1.6614512e+08,6272518.472000003,39344487981581.25,3.7053800602931677
Region Midtjylland,2025-05-20 02:00:00,168,170277885.392,1.6499806e+08,5279821.39199999,27876513931420.71,3.1495378070360167
Region Midtjylland,2025-05-21 02:00:00,168,170155766.623,1.6523845e+08,4917318.622999996,24180022440102.58,2.9322620418645617
Region Midtjylland,2025-05-22 02:00:00,168,172161875.94500002,1.6680965e+08,5352227.945000023,28646343975239.164,3.1579218706692607
Region Midtjylland,2025-05-23 02:00:00,168,172264641.652,1.6646998e+08,5794657.65200001,33578057303882.27,3.4213553697655747
Region Midtjylland,2025-05-24 02:00:00,168,172592370.802,1.6595062e+08,6641746.801999986,44112800581877.05,3.923724255989685
Region Midtjylland,2025-05-25 02:00:00,168,173704994.924,1.6660405e+08,7100946.923999995,50423447217464.99,4.173234341930681
Region Midtjylland,2025-05-26 02:00:00,168,175503910.15,1.6900075e+08,6503158.150000006,42291065923911.5,3.7753672820651007
Region Midtjylland,2025-05-27 02:00:00,168,176417693.657,1.7066826e+08,5749437.657000005,33056033371729.71,3.312976317642221
Region Midtjylland,2025-05-28 02:00:00,168,175452883.96,1.6993344e+08,5519443.960000008,30464261627580.574,3.1960987318300575
Region Midtjylland,2025-05-29 02:00:00,168,170203708.18199998,1.6482626e+08,5377452.181999981,28916991969696.36,3.210132081844931
Region Midtjylland,2025-05-30 02:00:00,168,165883358.979,1.611771e+08,4706254.979000002,22148835927362.312,2.877911280460814
Region Midtjylland,2025-05-31 02:00:00,168,163018904.575,1.5884835e+08,4170552.574999988,17393508780839.031,2.5914736524485122
Region Midtjylland,2025-06-01 02:00:00,168,158322224.743,1.5620219e+08,2120032.7430000007,4494538831392.107,1.348087862273849
Region Midtjylland,2025-06-02 02:00:00,168,155402402.85399997,1.5468651e+08,715890.8539999723,512499714840.8097,0.46173263196914816
Region Midtjylland,2025-06-03 02:00:00,168,152712943.696,1.5124077e+08,1472175.6960000098,2167301279893.1133,0.968684137979805
Region Midtjylland,2025-06-04 02:00:00,168,152996468.16099998,1.5274842e+08,248052.16099998355,61529874576.76176,0.16226087424531593
Region Midtjylland,2025-06-05 02:00:00,168,153390091.766,1.5206782e+08,1322267.7660000026,1748392045002.6377,0.8657610084742036
Region Midtjylland,2025-06-06 02:00:00,168,151263065.07299998,1.5083664e+08,426425.072999984,181838342883.04172,0.28230750698478296
Region Midtjylland,2025-06-07 02:00:00,168,153001865.55400002,1.5280358e+08,198281.55400002003,39315574656.66286,0.12967823450445534
Region Midtjylland,2025-06-08 02:00:00,168,153577012.408,1.5192643e+08,1650580.4079999924,2724415683273.4214,1.0805641888578128
Region Midtjylland,2025-06-09 02:00:00,168,153727248.06800002,1.528519e+08,875344.0680000186,766227237382.8212,0.5710395257443109
Region Midtjylland,2025-06-10 02:00:00,168,152528793.66099998,1.512307e+08,1298089.6609999835,1685036767995.0522,0.8546825175808465
Region Midtjylland,2025-06-11 02:00:00,168,151002398.983,1.5157717e+08,574769.0169999897,330359422903.1345,0.3799126442878955
Region Midtjylland,2025-06-12 02:00:00,168,151904053.154,1.5270966e+08,805610.8459999859,649008835192.8131,0.5289393094485647
Region Midtjylland,2025-06-13 02:00:00,168,155523417.972,1.5547173e+08,51689.97200000286,2671853205.3610797,0.03324165837923187
Region Midtjylland,2025-06-14 02:00:00,168,154045962.857,1.5424344e+08,197477.14300000668,38997222007.44508,0.12811153492136507
Region Midtjylland,2025-06-15 02:00:00,168,154114099.342,1.5214986e+08,1964243.3420000076,3858251906591.359,1.2827127108748848
Region Midtjylland,2025-06-16 02:00:00,168,152237758.144,1.5100926e+08,1228494.1439999938,1509197861842.2776,0.8102266827316975
Region Midtjylland,2025-06-17 02:00:00,168,154084315.74400002,1.5395573e+08,128587.74400001764,16534807907.014072,0.08348768065159858
Region Midtjylland,2025-06-18 02:00:00,168,154035901.18400002,1.5420651e+08,170610.81599998474,29108050536.18065,0.11069911777399793
Region Midtjylland,2025-06-19 02:00:00,168,153890426.73799998,1.5401448e+08,124053.26200002432,15389211812.846678,0.08057894452820964
Region Midtjylland,2025-06-20 02:00:00,168,154794122.453,1.5556946e+08,775333.5469999909,601142109103.5872,0.4996292096286703
Region Midtjylland,2025-06-21 02:00:00,168,154369757.638,1.5317634e+08,1193421.6380000114,1424255206046.6304,0.7760928606719613
Region Midtjylland,2025-06-22 02:00:00,168,155291513.61499998,1.5512157e+08,169945.61499997973,28881512057.721336,0.10949642593398197
Region Midtjylland,2025-06-23 02:00:00,168,157098484.676,1.5726408e+08,165595.32400000095,27421811330.66529,0.10535308119188616
Region Midtjylland,2025-06-24 02:00:00,168,157927667.73799998,1.573646e+08,563059.7379999757,317036268556.60126,0.35716684570342233
Region Midtjylland,2025-06-25 02:00:00,168,158098724.373,1.5736414e+08,734580.372999996,539608324396.8132,0.465715902976851
Region Midtjylland,2025-06-26 02:00:00,168,157384460.027,1.572178e+08,166668.02700001,27778231224.076065,0.10595475774642968
Region Midtjylland,2025-06-27 02:00:00,168,155372991.555,1.545149e+08,858095.5550000072,736327981510.7703,0.5538103226752993
Region Midtjylland,2025-06-28 02:00:00,168,157220664.20299998,1.5700125e+08,219416.20299997926,48143470138.92811,0.139656844082998
Region Midtjylland,2025-06-29 02:00:00,168,157481896.8,1.580654e+08,583511.1999999881,340485320525.4261,0.369840712390067
Region Midtjylland,2025-06-30 02:00:00,168,156073803.363,1.5456206e+08,1511739.3630000055,2285355901643.662,0.9733192601570576
Region Midtjylland,2025-07-01 02:00:00,168,154481241.886,1.5348091e+08,1000329.8860000074,1000659880824.7878,0.649644687425004
Region Midtjylland,2025-07-02 02:00:00,168,153559503.58499998,1.5282965e+08,729855.5849999785,532689174955.6609,0.47642390810792035
Region Midtjylland,2025-07-03 02:00:00,168,154419366.689,1.533074e+08,1111974.6890000105,1236487708976.6702,0.7227026299157904
Region Midtjylland,2025-07-04 02:00:00,168,155616971.61699998,1.5464798e+08,968987.6169999838,938937001899.3073,0.6246194418399802
Region Midtjylland,2025-07-05 02:00:00,168,153662943.212,1.5286666e+08,796287.2120000124,634073323994.7527,0.5195499645365663
Region Midtjylland,2025-07-06 02:00:00,168,152469770.863,1.4944075e+08,3029018.8630000055,9174955272409.846,2.0065672665371146
Region Midtjylland,2025-07-07 02:00:00,168,150946328.125,1.487973e+08,2149032.125,4618339074282.016,1.433913486082229
Region Midtjylland,2025-07-08 02:00:00,168,150167047.579,1.493716e+08,795447.5789999962,632736850936.9552,0.5311151568781827
Region Midtjylland,2025-07-09 02:00:00,168,149346083.812,1.4999336e+08,647276.1879999936,418966463551.80304,0.43246969377447964
Region Midtjylland,2025-07-10 02:00:00,168,147115567.15399998,1.4731736e+08,201792.84600001574,40720352696.786064,0.13707220041627352
Region Midtjylland,2025-07-11 02:00:00,168,144622968.25800002,1.443213e+08,301672.2580000162,91006151246.82834,0.20880999923961205
Region Midtjylland,2025-07-12 02:00:00,168,142634419.113,1.4334213e+08,707708.8869999945,500851868738.771,0.4949419063517486
Region Midtjylland,2025-07-13 02:00:00,168,142518811.024,1.4211706e+08,401755.02399998903,161407099309.23175,0.28229402583766
Region Midtjylland,2025-07-14 02:00:00,168,143300051.283,1.4268864e+08,611411.2829999924,373823756979.6968,0.42757724458060514
Region Midtjylland,2025-07-15 02:00:00,168,141253280.992,1.3929936e+08,1953920.9920000136,3817807242978.3174,1.3929086428067026
Region Midtjylland,2025-07-16 02:00:00,168,139044785.176,1.3786544e+08,1179345.175999999,1390855044154.4688,0.8517888245191559
Region Midtjylland,2025-07-17 02:00:00,168,136880535.176,1.3558646e+08,1294071.175999999,1674620208554.0205,0.9498920455787705
Region Midtjylland,2025-07-18 02:00:00,168,134491638.857,1.3432706e+08,164582.85699999332,27087516818.28025,0.12244896664463335
Region Midtjylland,2025-07-19 02:00:00,168,132796566.761,1.3284756e+08,50993.23899999261,2600310423.710367,0.03839214487574289
Region Midtjylland,2025-07-20 02:00:00,168,131438674.316,1.3030743e+08,1131242.3159999996,1279709177509.043,0.8643813899827623
Region Midtjylland,2025-07-21 02:00:00,168,130376380.948,1.30972344e+08,595963.0520000011,355171959349.156,0.4560673116875382
Region Midtjylland,2025-07-22 02:00:00,168,130053266.215,1.30656184e+08,602917.7849999964,363509855469.30194,0.46252085185465003
Region Midtjylland,2025-07-23 02:00:00,168,130523164.09899999,1.3065116e+08,127995.90100000799,16382950672.803846,0.09801568468996227
Region Midtjylland,2025-07-24 02:00:00,168,130354641.189,1.2943921e+08,915433.1889999956,838017923522.7017,0.704738154392576
Region Midtjylland,2025-07-25 02:00:00,168,130242953.066,1.2882342e+08,1419529.0659999996,2015062769218.8313,1.095880586339739
Region Midtjylland,2025-07-26 02:00:00,168,130228244.927,1.2872571e+08,1502532.927000001,2257605196719.1904,1.1604633849434247
Region Midtjylland,2025-07-27 02:00:00,168,129000940.384,1.2819811e+08,802828.3840000033,644533414156.0568,0.6242856469015095
Region Midtjylland,2025-07-28 02:00:00,168,128394314.94600001,1.2739986e+08,994458.9460000098,988948595279.4503,0.7775462140690823
Region Midtjylland,2025-07-29 02:00:00,168,129528701.447,1.2978173e+08,253026.5530000031,64022436523.06338,0.19515339474744786
Region Midtjylland,2025-07-30 02:00:00,168,130466396.253,1.3131091e+08,844515.7469999939,713206846930.9578,0.6452169232207052
Region Midtjylland,2025-07-31 02:00:00,168,132045567.87099999,1.3226699e+08,221424.1290000081,49028644903.41223,0.16754718663999627
Region Midtjylland,2025-08-01 02:00:00,168,133029660.42,1.3217925e+08,850412.4200000018,723201284090.2594,0.6413151240404338
Region Midtjylland,2025-08-02 02:00:00,168,134626100.676,1.3469205e+08,65947.32400000095,4349049542.761102,0.048973546212318655
Region Midtjylland,2025-08-03 02:00:00,168,137096271.18699998,1.3417474e+08,2921535.1869999766,8535367848878.988,2.1539605115160896
Region Midtjylland,2025-08-04 02:00:00,168,139730649.29000002,1.40754e+08,1023350.7099999785,1047246675657.4602,0.7297017591446946
Region Midtjylland,2025-08-05 02:00:00,168,143263181.972,1.4236234e+08,900845.9720000029,811523465268.6299,0.630788158142308
Region Midtjylland,2025-08-06 02:00:00,168,147409589.715,1.4688862e+08,520965.7150000036,271405276205.46497,0.35403933202565036
Region Midtjylland,2025-08-07 02:00:00,168,149944208.763,1.4855416e+08,1390048.7630000114,1932235563517.862,0.9313610447926262
Region Midtjylland,2025-08-08 02:00:00,168,152984982.21,1.5109509e+08,1889894.2100000083,3571700124991.5557,1.2430240552725687
Region Midtjylland,2025-08-09 02:00:00,168,154306657.99,1.5274029e+08,1566369.9900000095,2453514945572.63,1.0202804557782663
Region Midtjylland,2025-08-10 02:00:00,168,154123309.31100002,1.5186342e+08,2259885.3110000193,5107081618873.654,1.4771132634061677
Region Midtjylland,2025-08-11 02:00:00,168,155143109.371,1.5419358e+08,949525.3709999919,901598430172.6722,0.6139105973187524
Region Midtjylland,2025-08-12 02:00:00,168,154189968.95999998,1.5207683e+08,2113136.9599999785,4465347811717.951,1.379932107153831
Region Midtjylland,2025-08-13 02:00:00,168,152393104.486,1.5137638e+08,1016720.4860000014,1033720546652.0791,0.6694026388676357
Region Midtjylland,2025-08-14 02:00:00,168,152479853.37,1.5148459e+08,995261.3700000048,990545194614.2864,0.6548538061999489
Region Midtjylland,2025-08-15 02:00:00,168,153260166.67999998,1.5210435e+08,1155814.6799999774,1335907574503.45,0.7570065343519415
Region Midtjylland,2025-08-16 02:00:00,168,154687505.96899998,1.5284597e+08,1841537.9689999819,3391262091268.578,1.1976179017088804
Region Midtjylland,2025-08-17 02:00:00,168,155022640.697,1.5300411e+08,2018528.696999997,4074458100612.5054,1.3106190805352447
Region Midtjylland,2025-08-18 02:00:00,168,153772402.27899998,1.526654e+08,1106994.2789999843,1225436333738.695,0.7224919653303279
Region Midtjylland,2025-08-19 02:00:00,168,154009274.48400003,1.5236498e+08,1644298.4840000272,2703717504484.7876,1.0733920891866195
Region Midtjylland,2025-08-20 02:00:00,168,154011571.53100002,1.5235114e+08,1660435.5310000181,2757046152607.312,1.0839671344998822
Region Midtjylland,2025-08-21 02:00:00,168,154452335.29299998,1.5303453e+08,1417807.2929999828,2010177520083.9392,0.9221904817761102
Region Midtjylland,2025-08-22 02:00:00,168,154154286.26000002,1.5247027e+08,1684014.2600000203,2835904027883.416,1.0984209937757647
Region Midtjylland,2025-08-23 02:00:00,168,154271829.819,1.524395e+08,1832325.8190000057,3357417906974.0415,1.1948210691694352
Region Midtjylland,2025-08-24 02:00:00,168,155658817.136,1.5566302e+08,4206.863999992609,17697704.714433815,0.0027025819869508304
Region Midtjylland,2025-08-25 02:00:00,168,157250914.14600003,1.5728656e+08,35645.85399997234,1270626907.3873444,0.022665568925772244
Region Midtjylland,2025-08-26 02:00:00,168,157661267.399,1.566566e+08,1004659.398999989,1009340507999.0192,0.6392632921208562
Region Midtjylland,2025-08-27 02:00:00,168,157365322.00599998,1.5688565e+08,479674.00599998236,230087152032.0711,0.3052808435186844
Region Midtjylland,2025-08-28 02:00:00,168,157738928.58200002,1.5707387e+08,665056.5820000172,442300257261.54553,0.42250923772509585
Region Midtjylland,2025-08-29 02:00:00,168,157470089.803,1.5705275e+08,417337.8030000031,174170841812.8694,0.2653783748153979
Region Midtjylland,2025-08-30 02:00:00,168,156787281.807,1.561163e+08,670977.8070000112,450211217486.5443,0.42887191929712976
Region Midtjylland,2025-08-31 02:00:00,168,156530584.55299997,1.5656622e+08,35639.4470000267,1270170182.4677124,0.0227657683032523
Region Midtjylland,2025-09-01 02:00:00,168,157326653.285,1.5571096e+08,1615693.2849999964,2610464791194.0796,1.0322678275271764
Region Midtjylland,2025-09-02 02:00:00,168,157164711.606,1.5548549e+08,1679223.6060000062,2819791918947.664,1.0741868120449976
Region Midtjylland,2025-09-03 02:00:00,168,156740189.79,1.548604e+08,1879789.7899999917,3533609654588.213,1.2065380179587315
Region Midtjylland,2025-09-04 02:00:00,168,158338294.981,1.5692947e+08,1408822.9810000062,1984782191793.744,0.8937310620054036
Region Midtjylland,2025-09-05 02:00:00,168,159017963.431,1.5810966e+08,908299.4309999943,825007856354.9133,0.5728289511437286
Region Midtjylland,2025-09-06 02:00:00,168,158525944.882,1.5731531e+08,1210632.8819999993,1465631974979.6243,0.7666084500495123
Region Midtjylland,2025-09-07 02:00:00,168,158116004.544,1.5751624e+08,599764.5439999998,359717508239.52765,0.380040096895988
Region Midtjylland,2025-09-08 02:00:00,168,158582078.357,1.5688266e+08,1699422.3569999933,2888036347471.4126,1.0774087699304091
Region Midtjylland,2025-09-09 02:00:00,168,158527310.526,1.5716798e+08,1359326.525999993,1847768604287.21,0.8611636280743119
Region Midtjylland,2025-09-10 02:00:00,168,159271350.95700002,1.5789888e+08,1372470.9570000172,1883676527808.543,0.8654475250459986
Region Midtjylland,2025-09-11 02:00:00,168,157230842.456,1.5636394e+08,866906.4560000002,751526803454.4803,0.5528832209951063
Region Midtjylland,2025-09-12 02:00:00,168,159573025.695,1.5782454e+08,1748481.6949999928,3057188237750.048,1.1017612369749263
Region Midtjylland,2025-09-13 02:00:00,168,162437174.54099998,1.5903918e+08,3397990.540999979,11546339716725.328,2.1139909363298393
Region Midtjylland,2025-09-14 02:00:00,168,163605172.629,1.6076547e+08,2839700.629000008,8063899662343.042,1.750898656225766
Region Midtjylland,2025-09-15 02:00:00,168,161330131.849,1.591869e+08,2143235.849000007,4593459904438.78,1.3373616143787002
Region Midtjylland,2025-09-16 02:00:00,168,165777980.318,1.607922e+08,4985788.317999989,24858085151905.156,3.053425413968942
Region Midtjylland,2025-09-17 02:00:00,168,168090246.41,1.6349355e+08,4596694.409999996,21129599498925.215,2.7725687636379814
Region Midtjylland,2025-09-18 02:00:00,168,169918208.46699998,1.6598106e+08,3937152.466999978,15501169548404.012,2.344245959125509
Region Midtjylland,2025-09-19 02:00:00,168,170616152.678,1.6556152e+08,5054632.678000003,25549311509505.484,3.0071197993219894
Region Midtjylland,2025-09-20 02:00:00,168,168953715.74600002,1.6494282e+08,4010899.7460000217,16087316772463.04,2.402480627771942
Region Midtjylland,2025-09-21 02:00:00,168,168297555.016,1.662518e+08,2045747.0160000026,4185080853472.915,1.22298664541302
Region Midtjylland,2025-09-22 02:00:00,168,170254998.421,1.664076e+08,3847398.421000004,14802474609913.322,2.285610839484339
Region Midtjylland,2025-09-23 02:00:00,168,168957012.62100002,1.6528146e+08,3675556.6210000217,13509716474177.098,2.199361812639114
Region Midtjylland,2025-09-24 02:00:00,168,167967018.338,1.6445768e+08,3509338.3379999995,12315455570556.6,2.111358365094644
Region Midtjylland,2025-09-25 02:00:00,168,169489999.21600002,1.6566189e+08,3828111.2160000205,14654435482065.156,2.2844037954247676
Region Midtjylland,2025-09-26 02:00:00,168,167933714.569,1.6415187e+08,3781842.5690000057,14302333216700.562,2.277631262514444
Region Midtjylland,2025-09-27 02:00:00,168,170602712.632,1.6680774e+08,3794968.6319999993,14401786917863.945,2.2494671148493888
Region Midtjylland,2025-09-28 02:00:00,168,171470086.938,1.683778e+08,3092294.9379999936,9562287983580.385,1.8198112329923564
Region Midtjylland,2025-09-29 02:00:00,168,169984826.65199998,1.6713016e+08,2854666.65199998,8149121694040.776,1.693586322192683
Region Midtjylland,2025-09-30 02:00:00,168,168032207.415,1.6580414e+08,2228063.4149999917,4964266581261.425,1.3348237275875525
Region Midtjylland,2025-10-01 02:00:00,168,167701527.827,1.6688584e+08,815687.8269999921,665346631115.9691,0.48757837589478115
Region Midtjylland,2025-10-02 02:00:00,168,167042659.46199998,1.6522283e+08,1819827.4619999826,3311771991449.2983,1.0954056372165326
Region Midtjylland,2025-10-03 02:00:00,168,168793571.319,1.6735102e+08,1442547.3190000057,2080942767554.1042,0.8582897592811412
Region Midtjylland,2025-10-04 02:00:00,168,171876332.322,1.6897213e+08,2904204.321999997,8434402743923.462,1.7041029431415893
Region Midtjylland,2025-10-05 02:00:00,168,176487260.62800002,1.7505507e+08,1432188.628000021,2051164266172.5825,0.8148029384077361
Region Midtjylland,2025-10-06 02:00:00,168,182844077.34100002,1.8029848e+08,2545597.3410000205,6480065822506.375,1.4019823837995613
Region Midtjylland,2025-10-07 02:00:00,168,183295743.261,1.801578e+08,3137951.2610000074,9846738116411.537,1.7267413611737794
Region Midtjylland,2025-10-08 02:00:00,168,183482591.791,1.8016765e+08,3314943.7910000086,10988852337489.508,1.8231495147123786
Region Midtjylland,2025-10-09 02:00:00,168,181692280.629,1.7861408e+08,3078200.629000008,9475319112376.045,1.7086573901311544
Region Midtjylland,2025-10-10 02:00:00,168,180793905.487,1.7858296e+08,2210945.4869999886,4888279946485.616,1.2304328404689515
Region Midtjylland,2025-10-11 02:00:00,168,177554030.356,1.76863e+08,691022.3560000062,477511896491.7993,0.38994872210737086
Region Midtjylland,2025-10-12 02:00:00,168,172497933.854,1.7153933e+08,958605.8540000021,918925183323.0735,0.5572686219127092
Region Midtjylland,2025-10-13 02:00:00,168,166100759.104,1.647448e+08,1355959.1040000021,1838625091720.4885,0.8196930964841889
Region Midtjylland,2025-10-14 02:00:00,168,165282534.862,1.6349794e+08,1784598.8619999886,3184793098251.6543,1.0855869007797871
Region Midtjylland,2025-10-15 02:00:00,168,164844891.59,1.6393723e+08,907659.5900000036,823845931318.9746,0.5521343922772876
Region Midtjylland,2025-10-16 02:00:00,168,165191166.906,1.6489902e+08,292142.9059999883,85347477526.11801,0.17700792937720589
Region Midtjylland,2025-10-17 02:00:00,168,163797269.344,1.657664e+08,1969130.6559999883,3877475540398.9443,1.1949925548040923
Region Midtjylland,2025-10-18 02:00:00,168,162927828.065,1.6417347e+08,1245643.9350000024,1551628812802.2903,0.7616257928369432
Region Midtjylland,2025-10-19 02:00:00,168,164380564.34399998,1.6519469e+08,814123.6560000181,662797327258.8358,0.49404416758225655
Region Midtjylland,2025-10-20 02:00:00,168,168097725.93199998,1.6840283e+08,305106.0680000186,93089712730.43198,0.1813406015580363
Region Midtjylland,2025-10-21 02:00:00,168,171185060.38500002,1.7165538e+08,470315.61499997973,221196777712.80917,0.2743641444160506
Region Midtjylland,2025-10-22 02:00:00,168,174102593.588,1.7411517e+08,12574.412000000477,158115837.145756,0.007222154287970017
Region Midtjylland,2025-10-23 02:00:00,168,175086526.18100002,1.742634e+08,823134.1810000241,677549879930.5804,0.47123765494832837
Region Midtjylland,2025-10-24 02:00:00,168,179245679.153,1.7953686e+08,291184.84700000286,84788615122.41507,0.16231829143138068
Region Midtjylland,2025-10-25 02:00:00,168,186114222.41099998,1.8557875e+08,535470.4109999835,286728561056.49133,0.2881251182369061
Region Midtjylland,2025-10-26 02:00:00,168,193108369.03100002,1.9087414e+08,2234225.031000018,4991761489147.032,1.1637118645658964
Region Midtjylland,2025-10-27 01:00:00,168,199279054.794,1.9434352e+08,4935534.794,24359503702784.62,2.5077498649984604
Region Midtjylland,2025-10-28 01:00:00,168,200432038.79799998,1.9732328e+08,3108758.797999978,9664381264142.268,1.563151340072343
Region Midtjylland,2025-10-29 01:00:00,168,201953491.735,1.9879293e+08,3160563.7350000143,9989163122997.24,1.5773384760817015
Region Midtjylland,2025-10-30 01:00:00,168,203501033.12899998,1.9873837e+08,4762665.128999978,22682979130992.38,2.368074890541402
Region Midtjylland,2025-10-31 01:00:00,168,202511833.524,1.9908717e+08,3424665.523999989,11728333951274.12,1.7055149594515748
Region Midtjylland,2025-11-01 01:00:00,168,196926526.53100002,1.9403618e+08,2890350.531000018,8354126192052.087,1.478581211091786
Region Midtjylland,2025-11-02 01:00:00,168,196191991.69,1.9293186e+08,3260135.6899999976,10628484717211.76,1.6756288309511282
Region Midtjylland,2025-11-03 01:00:00,168,188713582.916,1.8716947e+08,1544110.9160000086,2384278520910.3857,0.8215911283072215
Region Midtjylland,2025-11-04 01:00:00,168,189725333.775,1.8848842e+08,1236917.775000006,1529965582110.9653,0.6540839806780427
Region Midtjylland,2025-11-05 01:00:00,168,190442719.80699998,1.8838934e+08,2053375.8069999814,4216352204772.8247,1.0840559726465475
Region Midtjylland,2025-11-06 01:00:00,168,189569814.72100002,1.87395e+08,2174806.7210000157,4729784273706.84,1.1538512826220064
Region Midtjylland,2025-11-07 01:00:00,168,187392083.29700002,1.8688109e+08,510995.29700002074,261116193556.1394,0.27306007279614836
Region Midtjylland,2025-11-08 01:00:00,168,186801721.977,1.876101e+08,808374.0230000019,653468561061.2076,0.43181010010194715
Region Midtjylland,2025-11-09 01:00:00,168,180482960.39,1.8103522e+08,552255.6100000143,304986258776.4879,0.3055202454906444
Region Midtjylland,2025-11-10 01:00:00,168,180231122.734,1.8012755e+08,103570.73399999738,10726896941.298212,0.057482026248680415
Region Midtjylland,2025-11-11 01:00:00,168,176920421.678,1.7722322e+08,302794.3219999969,91684401435.4378,0.17100085376957036
Region Midtjylland,2025-11-12 01:00:00,168,174817553.66300002,1.7372376e+08,1093793.6630000174,1196384577218.9956,0.6276407531174868
Region Midtjylland,2025-11-13 01:00:00,168,181670603.389,1.8121805e+08,452555.38899999857,204806380112.94003,0.2494183200647297
Region Midtjylland,2025-11-14 01:00:00,168,185622783.471,1.8447283e+08,1149951.470999986,1322388385655.0315,0.6214347984298637
Region Midtjylland,2025-11-15 01:00:00,168,187411032.017,1.8448286e+08,2928168.0169999897,8574167935781.652,1.5747330345352792
Region Midtjylland,2025-11-16 01:00:00,168,189958784.786,1.9037843e+08,419647.21399998665,176103784217.9506,0.22067112839819972
Region Midtjylland,2025-11-17 01:00:00,168,192098148.754,1.913388e+08,759348.7540000081,576610530201.3649,0.39607489912881616
Region Midtjylland,2025-11-18 01:00:00,168,195468820.503,1.913677e+08,4101124.502999991,16819222189106.924,2.120339899694131
Region Midtjylland,2025-11-19 01:00:00,168,197304635.54799998,1.946183e+08,2686331.547999978,7216377185779.958,1.370846805291924
Region Midtjylland,2025-11-20 01:00:00,168,193924098.887,1.936852e+08,238898.88699999452,57072678209.83615,0.12326788221334231
Region Midtjylland,2025-11-21 01:00:00,168,194629212.668,1.9519242e+08,563203.3319999874,317197993175.888,0.2889543784034886
Region Midtjylland,2025-11-22 01:00:00,168,197288090.063,1.9787602e+08,587925.9370000064,345656907397.3355,0.29756039477243157
Region Midtjylland,2025-11-23 01:00:00,168,202996769.268,2.0331984e+08,323070.7319999933,104374697875.0115,0.1590241327235043
Region Midtjylland,2025-11-24 01:00:00,168,205639741.762,2.047144e+08,925341.7619999945,856257376501.2545,0.45099667230198476
Region Midtjylland,2025-11-25 01:00:00,168,206280309.01500002,2.0577192e+08,508389.0150000155,258459390572.68597,0.24675950241322855
Region Midtjylland,2025-11-26 01:00:00,168,206358289.196,2.0549757e+08,860721.1960000098,740840977243.6873,0.41797205549532696
Region Midtjylland,2025-11-27 01:00:00,168,206293317.734,2.050918e+08,1201509.7339999974,1443625640896.7444,0.5841289141683206
Region Midtjylland,2025-11-28 01:00:00,168,207563266.13799998,2.053702e+08,2193058.1379999816,4809503996647.946,1.0621847224074035
Region Midtjylland,2025-11-29 01:00:00,168,206208903.5,2.0538618e+08,822727.5,676880539256.25,0.39977518730274325
Region Midtjylland,2025-11-30 01:00:00,168,199601815.619,1.9910245e+08,499367.61899998784,249368018905.717,0.2504952490185464
Region Midtjylland,2025-12-01 01:00:00,168,197610474.941,1.9690768e+08,702794.9410000145,493920729095.2139,0.3562801519768424
Region Midtjylland,2025-12-02 01:00:00,168,196833167.254,1.9604648e+08,786687.2540000081,618876835606.0732,0.4004723886811109
Region Midtjylland,2025-12-03 01:00:00,168,196603671.51,1.9680285e+08,199176.49000000954,39671274168.7239,0.10125734075179538
Region Midtjylland,2025-12-04 01:00:00,168,195012954.095,1.9479976e+08,213194.0949999988,45451722142.868515,0.10938283298170821
Region Midtjylland,2025-12-05 01:00:00,168,191852444.888,1.9189886e+08,46419.111999988556,2154733958.8674817,0.024192288560264553
Region Midtjylland,2025-12-06 01:00:00,168,191117195.91700003,1.9105706e+08,60139.91700002551,3616809616.7699575,0.03147251113771348
Region Midtjylland,2025-12-07 01:00:00,168,192385407.93400002,1.935434e+08,1157984.0659999847,1340927097109.857,0.6001024366142245
Region Midtjylland,2025-12-08 01:00:00,168,192681232.29599997,1.9186973e+08,811504.295999974,658539222426.4135,0.42205292914901876
Region Midtjylland,2025-12-09 01:00:00,168,193636322.968,1.9443523e+08,798909.0320000052,638255641411.1854,0.41173284760120205
Region Midtjylland,2025-12-10 01:00:00,168,193362859.243,1.9244075e+08,922107.2430000007,850281767593.0624,0.4780189796716069
Region Midtjylland,2025-12-11 01:00:00,168,194326183.454,1.9472666e+08,400472.5460000038,160378260099.72516,0.20587051700331005
Region Midtjylland,2025-12-12 01:00:00,168,195570029.852,1.9597149e+08,401458.1480000019,161168644595.59143,0.20506542969052408
Region Midtjylland,2025-12-13 01:00:00,168,194243015.81399998,1.9377806e+08,464951.8139999807,216180189341.87265,0.23965286330467295
Region Midtjylland,2025-12-14 01:00:00,168,193362252.068,1.9299832e+08,363932.0679999888,132446550118.74847,0.18838985875398087
Region Midtjylland,2025-12-15 01:00:00,168,196056657.47300002,1.9651696e+08,460302.5269999802,211878416362.5675,0.23450507446881008
Region Midtjylland,2025-12-16 01:00:00,168,194460493.677,1.9411846e+08,342029.6769999862,116984299948.71487,0.17604127564946162
Region Midtjylland,2025-12-17 01:00:00,168,193074119.28100002,1.9284699e+08,227127.28100001812,51586801774.46119,0.11770658528946884
Region Midtjylland,2025-12-18 01:00:00,168,191618568.21400002,1.9206358e+08,445015.78599998355,198039049789.18317,0.23197106429478873
Region Midtjylland,2025-12-19 01:00:00,168,193446851.703,1.9363216e+08,185308.29699999094,34339164937.03685,0.09574701360567452
Region Midtjylland,2025-12-20 01:00:00,168,195789320.969,1.9616515e+08,375831.0309999883,141248963862.5142,0.19177279858710178
Region Midtjylland,2025-12-21 01:00:00,168,194169931.038,1.936856e+08,484331.0379999876,234576554370.14545,0.2497481661296899
Region Midtjylland,2025-12-22 01:00:00,168,189347761.9,1.8921187e+08,135889.90000000596,18466064922.01162,0.07179312733375187
Region Midtjylland,2025-12-23 01:00:00,168,187625412.312,1.909218e+08,3296379.6879999936,10866119047458.936,1.7415950510008813
Region Midtjylland,2025-12-24 01:00:00,168,186848383.356,1.9004274e+08,3194352.643999994,10203888814229.752,1.695106347667855
Region Nordjylland,2024-12-31 01:00:00,24,13360937.827,1.3322522e+07,38415.82699999958,1475775764.0938969,0.28793737580557704
Region Nordjylland,2025-01-01 01:00:00,24,13314803.774,1.3254433e+07,60370.77400000021,3644630353.3591013,0.45444116075684615
Region Nordjylland,2025-01-02 01:00:00,24,13575579.145,1.3526669e+07,48910.14499999955,2392202283.9209814,0.36093053785298485
Region Nordjylland,2025-01-03 01:00:00,24,13571990.923,1.3562215e+07,9775.923000000417,95568670.50193715,0.07205608321645386
Region Nordjylland,2025-01-04 01:00:00,24,14724383.309,1.4743706e+07,19322.690999999642,373366387.4814672,0.13114315487090775
Region Nordjylland,2025-01-05 01:00:00,24,12556732.177,1.2438747e+07,117985.17699999921,13920501991.721142,0.9440521317036018
Region Nordjylland,2025-01-06 01:00:00,24,13512536.969,1.3430962e+07,81574.9690000005,6654475567.351044,0.6055261723346107
Region Nordjylland,2025-01-07 01:00:00,24,16695423.592,1.5661077e+07,1034346.5920000002,1069872872382.0149,6.393439173429884
Region Nordjylland,2025-01-08 01:00:00,24,16763153.197,1.556625e+07,1196903.1970000006,1432577262988.8223,7.404424942252365
Region Nordjylland,2025-01-09 01:00:00,24,14533788.059999999,1.47131e+07,179311.94000000134,32152771826.56408,1.2261950032573916
Region Nordjylland,2025-01-10 01:00:00,24,14028563.61,1.3995035e+07,33528.609999999404,1124167688.5320601,0.23928839737259858
Region Nordjylland,2025-01-11 01:00:00,24,14429944.393,1.4339987e+07,89957.39299999923,8092332555.35631,0.6253570213371222
Region Nordjylland,2025-01-12 01:00:00,24,14093515.329,1.3826074e+07,267441.3289999999,71524864457.2862,1.9157970115427834
Region Nordjylland,2025-01-13 01:00:00,24,12641611.713000001,1.2701661e+07,60049.286999998614,3605916869.2082024,0.47388739157745746
Region Nordjylland,2025-01-14 01:00:00,24,15059597.022,1.4982515e+07,77082.02199999988,5941638115.608465,0.5131598067642668
Region Nordjylland,2025-01-15 01:00:00,24,14702655.972000001,1.4820048e+07,117392.027999999,13780888237.952549,0.7952660983312114
Region Nordjylland,2025-01-16 01:00:00,24,12628352.498,1.2719177e+07,90824.50200000033,8249090163.548063,0.7166339584073995
Region Nordjylland,2025-01-17 01:00:00,24,13728474.736,1.3796426e+07,67951.26400000043,4617374279.197755,0.4937439350044705
Region Nordjylland,2025-01-18 01:00:00,24,13527654.756,1.3606898e+07,79243.24400000088,6279491719.643676,0.5840762861475843
Region Nordjylland,2025-01-19 01:00:00,24,11304749.22,1.1239448e+07,65301.22000000067,4264249333.4884877,0.5793173237685212
Region Nordjylland,2025-01-20 01:00:00,24,11533953.429,1.1586949e+07,52995.57100000046,2808530545.61609,0.45842130221984223
Region Nordjylland,2025-01-21 01:00:00,24,12879569.106,1.2906501e+07,26931.89399999939,725326914.427203,0.20888715410521413
Region Nordjylland,2025-01-22 01:00:00,24,13125734.588,1.3109772e+07,15962.587999999523,254804215.6577288,0.12168690508382056
Region Nordjylland,2025-01-23 01:00:00,24,13153323.756000001,1.3131027e+07,22296.756000000983,497145328.12357986,0.1696580311759174
Region Nordjylland,2025-01-24 01:00:00,24,14707873.663,1.4502896e+07,204977.66300000064,42015842328.94183,1.4034389738086006
Region Nordjylland,2025-01-25 01:00:00,24,16229117.234,1.532781e+07,901307.2339999992,812354730060.7294,5.712262333507014
Region Nordjylland,2025-01-26 01:00:00,24,12770849.609,1.2654856e+07,115993.60899999924,13454517328.844706,0.9124121138171339
Region Nordjylland,2025-01-27 01:00:00,24,12238447.597000001,1.2263913e+07,25465.402999999,648486749.9523581,0.20786081324031214
Region Nordjylland,2025-01-28 01:00:00,24,15688381.397,1.5985576e+07,297194.6030000001,88324632052.32768,1.8765864920191433
Region Nordjylland,2025-01-29 01:00:00,24,13332777.985,1.3415119e+07,82341.0150000006,6780042751.230323,0.6156821603296645
Region Nordjylland,2025-01-30 01:00:00,24,13152940.124,1.3225966e+07,73025.87600000016,5332778565.5674,0.5536687204293125
Region Nordjylland,2025-01-31 01:00:00,24,13042471.792000001,1.3089545e+07,47073.2079999987,2215886911.411142,0.3602722926032222
Region Nordjylland,2025-02-01 01:00:00,24,12451875.367999999,1.2533149e+07,81273.63200000115,6605403258.47161,0.650578769129349
Region Nordjylland,2025-02-02 01:00:00,24,11247128.057,1.1404427e+07,157298.94299999997,24742957468.91724,1.3888577857385553
Region Nordjylland,2025-02-03 01:00:00,24,11159327.773,1.1315337e+07,156009.22699999996,24338878909.137516,1.388311937692811
Region Nordjylland,2025-02-04 01:00:00,24,12929944.13,1.2983269e+07,53324.86999999918,2843541760.516813,0.4115650940891186
Region Nordjylland,2025-02-05 01:00:00,24,13749278.418,1.3729383e+07,19895.417999999598,395827657.394708,0.14480631132175187
Region Nordjylland,2025-02-06 01:00:00,24,13249545.354,1.3458964e+07,209418.64599999972,43856169292.4732,1.568179213780316
Region Nordjylland,2025-02-07 01:00:00,24,12799763.827,1.2718865e+07,80898.82699999958,6544620209.975862,0.6340374128127491
Region Nordjylland,2025-02-08 01:00:00,24,14257111.633,1.4115568e+07,141543.63299999945,20034600042.83853,0.9977459642928569
Region Nordjylland,2025-02-09 01:00:00,24,12626344.934,1.2647033e+07,20688.065999999642,427996074.8203412,0.16371429299261347
Region Nordjylland,2025-02-10 01:00:00,24,12059662.408,1.2074985e+07,15322.592000000179,234781825.59846947,0.1269758927153097
Region Nordjylland,2025-02-11 01:00:00,24,14605471.565,1.4528604e+07,76867.56499999948,5908622549.029145,0.5276815104601689
Region Nordjylland,2025-02-12 01:00:00,24,15087585.666000001,1.503236e+07,55225.66600000113,3049874185.143681,0.36670495101417777
Region Nordjylland,2025-02-13 01:00:00,24,14005360.669,1.4058286e+07,52925.33100000024,2801090661.459586,0.3771807108622362
Region Nordjylland,2025-02-14 01:00:00,24,14095199.463,1.3999312e+07,95887.46299999952,9194405560.576277,0.6826063740334599
Region Nordjylland,2025-02-15 01:00:00,24,13250643.447,1.3244608e+07,6035.447000000626,36426620.489816554,0.04555870709190048
Region Nordjylland,2025-02-16 01:00:00,24,12087628.882,1.2092033e+07,4404.118000000715,19396255.3579303,0.03642828441103439
Region Nordjylland,2025-02-17 01:00:00,24,12070577.313,1.2186981e+07,116403.68700000085,13549818347.194166,0.9597312763141401
Region Nordjylland,2025-02-18 01:00:00,24,13504593.251,1.3553699e+07,49105.748999999836,2411374584.850985,0.36296266256925375
Region Nordjylland,2025-02-19 01:00:00,24,13569764.749,1.3574039e+07,4274.251000000164,18269221.6110024,0.03149338272207064
Region Nordjylland,2025-02-20 01:00:00,24,14652388.959,1.4585477e+07,66911.95900000073,4477210257.217779,0.45770754331954855
Region Nordjylland,2025-02-21 01:00:00,24,16029879.399,1.5533678e+07,496201.3990000002,246215828369.5574,3.144141154480394
Region Nordjylland,2025-02-22 01:00:00,24,14391731.952,1.4305198e+07,86533.95199999958,7488124848.738232,0.6030885683224013
Region Nordjylland,2025-02-23 01:00:00,24,12316906.820999999,1.2285143e+07,31763.8209999986,1008940324.519952,0.2582209306224996
Region Nordjylland,2025-02-24 01:00:00,24,12063765.097000001,1.213717e+07,73404.902999999,5388279784.439262,0.6066286505524195
Region Nordjylland,2025-02-25 01:00:00,24,14444012.261,1.457576e+07,131747.73900000006,17357466731.612137,0.907986029766728
Region Nordjylland,2025-02-26 01:00:00,24,12464058.512,1.2615021e+07,150962.4879999999,22789672783.150112,1.2038917770308626
Region Nordjylland,2025-02-27 01:00:00,24,12645941.205999998,1.2771759e+07,125817.79400000162,15830117287.026844,0.9900014004437867
Region Nordjylland,2025-02-28 01:00:00,24,12684275.914,1.2671385e+07,12890.914000000805,166175663.75541675,0.1016807571589124
Region Nordjylland,2025-03-01 01:00:00,24,12361469.955,1.2365716e+07,4246.0449999999255,18028898.142024368,0.03434313154539405
Region Nordjylland,2025-03-02 01:00:00,24,10875593.635,1.0965139e+07,89545.36500000022,8018372392.983265,0.8199849931453569
Region Nordjylland,2025-03-03 01:00:00,24,12459354.01,1.2459084e+07,270.0099999997765,72905.40009987929,0.0021671502835885537
Region Nordjylland,2025-03-04 01:00:00,24,14363165.985000001,1.4332149e+07,31016.985000001267,962053358.4903035,0.21618152660958684
Region Nordjylland,2025-03-05 01:00:00,24,14883843.04,1.4688651e+07,195192.0399999991,38099932479.36125,1.3200918376108606
Region Nordjylland,2025-03-06 01:00:00,24,15104567.706,1.5097879e+07,6688.706000000238,44738787.95443919,0.04429247779234696
Region Nordjylland,2025-03-07 01:00:00,24,13013444.449000001,1.3148871e+07,135426.55099999905,18340350715.755344,1.0352795513378417
Region Nordjylland,2025-03-08 01:00:00,24,11738194.774999999,1.1858114e+07,119919.22500000149,14380620524.600983,1.0164235952621068
Region Nordjylland,2025-03-09 01:00:00,24,10852715.908000002,1.0915176e+07,62460.091999998316,3901263092.6482534,0.5738735956975547
Region Nordjylland,2025-03-10 01:00:00,24,11026139.912999999,1.1028732e+07,2592.087000001222,6718915.015575334,0.023505799627640052
Region Nordjylland,2025-03-11 01:00:00,24,11573248.068,1.1703957e+07,130708.93200000003,17084824904.580631,1.1230638009860576
Region Nordjylland,2025-03-12 01:00:00,24,12471006.274,1.2509434e+07,38427.72599999979,1476690125.53106,0.30766251978349574
Region Nordjylland,2025-03-13 01:00:00,24,12521960.666000001,1.2476517e+07,45443.66600000113,2065126779.519659,0.3635714670882402
Region Nordjylland,2025-03-14 01:00:00,24,13034015.908,1.2988526e+07,45489.90799999982,2069331729.8484478,0.3496192505776313
Region Nordjylland,2025-03-15 01:00:00,24,12409778.881,1.2469908e+07,60129.11900000088,3615510951.7162666,0.4833591297800456
Region Nordjylland,2025-03-16 01:00:00,24,10831469.004,1.0784433e+07,47036.004000000656,2212385672.288078,0.4351981609770131
Region Nordjylland,2025-03-17 01:00:00,24,11581027.285,1.163705e+07,56022.71499999985,3138544595.971208,0.48257841777616295
Region Nordjylland,2025-03-18 01:00:00,24,12586022.006000001,1.2568554e+07,17468.006000000983,305131233.61607033,0.13888531451163735
Region Nordjylland,2025-03-19 01:00:00,24,13015472.108000001,1.2991414e+07,24058.10800000094,578792560.5397092,0.18501336838323293
Region Nordjylland,2025-03-20 01:00:00,24,12420234.503999999,1.2393423e+07,26811.503999998793,718856746.7419512,0.21610279738629212
Region Nordjylland,2025-03-21 01:00:00,24,12458937.455,1.2486718e+07,27780.544999999925,771758680.4970208,0.22272852321009443
Region Nordjylland,2025-03-22 01:00:00,24,12916214.069,1.284433e+07,71884.06900000013,5167319375.99678,0.558094338438331
Region Nordjylland,2025-03-23 01:00:00,24,12453784.102,1.2475294e+07,21509.898000000045,462675711.97040594,0.17256874010334428
Region Nordjylland,2025-03-24 01:00:00,24,11419755.087000001,1.1459927e+07,40171.91299999878,1613782594.0794709,0.35115796493364776
Region Nordjylland,2025-03-25 01:00:00,24,11747958.622,1.1799051e+07,51092.37800000049,2610431089.6949344,0.4339606499524663
Region Nordjylland,2025-03-26 01:00:00,24,12632862.977,1.2663616e+07,30753.023000000045,945748423.6385318,0.24314073929388538
Region Nordjylland,2025-03-27 01:00:00,24,12356117.92,1.2469191e+07,113073.08000000007,12785521420.686417,0.9109500338092877
Region Nordjylland,2025-03-28 01:00:00,24,12866256.342,1.2812838e+07,53418.34200000018,2853519262.028983,0.41604537363010224
Region Nordjylland,2025-03-29 01:00:00,24,12621660.54,1.2629493e+07,7832.460000000894,61347429.651614,0.06203645300871981
Region Nordjylland,2025-03-30 01:00:00,24,11283753.122,1.1156074e+07,127679.12199999951,16301958194.690758,1.137968856050793
Region Nordjylland,2025-03-31 02:00:00,24,12923243.641,1.2932709e+07,9465.35899999924,89593020.99886662,0.07321609171723141
Region Nordjylland,2025-04-01 02:00:00,24,12193777.912,1.2237536e+07,43758.08799999952,1914770265.4157023,0.35821313710440056
Region Nordjylland,2025-04-02 02:00:00,24,12319339.2,1.2359795e+07,40455.800000000745,1636671753.6400602,0.3278542891508791
Region Nordjylland,2025-04-03 02:00:00,24,12673499.672,1.2728557e+07,55057.32799999975,3031309366.499556,0.4334871676803079
Region Nordjylland,2025-04-04 02:00:00,24,11870702.84,1.1918716e+07,48013.16000000015,2305263533.185614,0.4036513907541942
Region Nordjylland,2025-04-05 02:00:00,24,11755066.15,1.169213e+07,62936.15000000037,3960958976.822547,0.5368330575423652
Region Nordjylland,2025-04-06 02:00:00,24,11154930.793,1.1147239e+07,7691.792999999598,59163679.55484281,0.0689779790163182
Region Nordjylland,2025-04-07 02:00:00,24,11052495.603,1.1042068e+07,10427.60300000012,108734904.32561149,0.09439066720090601
Region Nordjylland,2025-04-08 02:00:00,24,11890755.128,1.1942633e+07,51877.87199999951,2691313603.248333,0.4353377851389263
Region Nordjylland,2025-04-09 02:00:00,24,11590154.205,1.1611773e+07,21618.794999999925,467372297.2520218,0.18635344218596714
Region Nordjylland,2025-04-10 02:00:00,24,11822613.382,1.1854809e+07,32195.618000000715,1036557818.40197,0.2719520518794005
Region Nordjylland,2025-04-11 02:00:00,24,12963665.039,1.288612e+07,77545.0390000008,6013233073.511646,0.5999666061671871
Region Nordjylland,2025-04-12 02:00:00,24,12353398.449,1.2475432e+07,122033.55100000091,14892187569.669823,0.9829987864363213
Region Nordjylland,2025-04-13 02:00:00,24,10909908.764,1.0931999e+07,22090.235999999568,487978526.5356769,0.20227386946857148
Region Nordjylland,2025-04-14 02:00:00,24,11335386.466,1.1296837e+07,38549.466000000015,1486061328.885157,0.3406599979707007
Region Nordjylland,2025-04-15 02:00:00,24,11891673.766999999,1.1845451e+07,46222.76699999906,2136544189.136202,0.38945548337226776
Region Nordjylland,2025-04-16 02:00:00,24,13405319.872,1.3387421e+07,17898.87199999951,320369618.87236637,0.13360986160773786
Region Nordjylland,2025-04-17 02:00:00,24,11686813.427000001,1.1697119e+07,10305.572999998927,106204834.85830688,0.08814234331347716
Region Nordjylland,2025-04-18 02:00:00,24,10376044.336000001,1.0417308e+07,41263.66399999894,1702689966.7048087,0.3968928466484764
Region Nordjylland,2025-04-19 02:00:00,24,10009475.944999998,1.0100745e+07,91269.05500000156,8330040400.59331,0.9076882372363368
Region Nordjylland,2025-04-20 02:00:00,24,11386934.332,1.1288866e+07,98068.3320000004,9617397741.262302,0.8649602709863937
Region Nordjylland,2025-04-21 02:00:00,24,11008057.561999999,1.0955506e+07,52551.56199999899,2761666668.6397376,0.4785340216003969
Region Nordjylland,2025-04-22 02:00:00,24,10781541.925,1.0878989e+07,97447.07499999925,9495932426.05548,0.8997662646166117
Region Nordjylland,2025-04-23 02:00:00,24,11397898.064,1.1399876e+07,1977.9360000006855,3912230.8200987116,0.01735200984489137
Region Nordjylland,2025-04-24 02:00:00,24,11427692.744,1.1410384e+07,17308.74400000088,299592618.8575664,0.1515779476005852
Region Nordjylland,2025-04-25 02:00:00,24,11310165.733,1.136029e+07,50124.267000000924,2512442142.2873816,0.4421990240543606
Region Nordjylland,2025-04-26 02:00:00,24,10369975.639,1.048095e+07,110974.36099999957,12315308799.358225,1.0644550071430003
Region Nordjylland,2025-04-27 02:00:00,24,10214325.608000001,1.0200905e+07,13420.608000000939,180112719.0896892,0.13147642814029128
Region Nordjylland,2025-04-28 02:00:00,24,10460750.649999999,1.0360813e+07,99937.64999999851,9987533887.522202,0.9599437552327971
Region Nordjylland,2025-04-29 02:00:00,24,11313599.299999999,1.1323931e+07,10331.700000001118,106744024.8900231,0.09127939190434672
Region Nordjylland,2025-04-30 02:00:00,24,10964316.58,1.0987743e+07,23426.419999999925,548797154.0163965,0.21343254754413277
Region Nordjylland,2025-05-01 02:00:00,24,10979855.625,1.0960044e+07,19811.625,392500485.140625,0.18059904866132676
Region Nordjylland,2025-05-02 02:00:00,24,10715734.138,1.0717467e+07,1732.8619999997318,3002810.7110430705,0.01616988511275111
Region Nordjylland,2025-05-03 02:00:00,24,11021833.773,1.0972745e+07,49088.773000000045,2409707634.6455336,0.4463715673451333
Region Nordjylland,2025-05-04 02:00:00,24,10241790.417,1.0072161e+07,169629.41699999943,28774139111.759697,1.6700780022348858
Region Nordjylland,2025-05-05 02:00:00,24,10079283.432,1.009831e+07,19026.56799999997,362010289.85862285,0.1885910533792935
Region Nordjylland,2025-05-06 02:00:00,24,10969979.729,1.1056045e+07,86065.27099999972,7407230872.303392,0.7814871004542556
Region Nordjylland,2025-05-07 02:00:00,24,11132035.411,1.1184201e+07,52165.58899999969,2721248675.7168884,0.46751242493816303
Region Nordjylland,2025-05-08 02:00:00,24,10912261.549999999,1.0895865e+07,16396.549999998882,268846851.9024634,0.1503710092878096
Region Nordjylland,2025-05-09 02:00:00,24,10985740.132000001,1.0933572e+07,52168.13200000115,2721513996.3695436,0.47600154316741444
Region Nordjylland,2025-05-10 02:00:00,24,11120345.366999999,1.1062637e+07,57708.36699999869,3330255621.8065376,0.5202940348169524
Region Nordjylland,2025-05-11 02:00:00,24,10162724.461000001,1.0073231e+07,89493.46100000106,8009079561.75871,0.8844994858036572
Region Nordjylland,2025-05-12 02:00:00,24,10424105.609,1.0345667e+07,78438.60899999924,6152615381.854762,0.7553150482351461
Region Nordjylland,2025-05-13 02:00:00,24,11374284.153,1.1412381e+07,38096.846999999136,1451369751.3413432,0.3343784335636622
Region Nordjylland,2025-05-14 02:00:00,24,11345934.904,1.1319109e+07,26825.903999999166,719629125.4171712,0.23671610003159838
Region Nordjylland,2025-05-15 02:00:00,24,11832844.927000001,1.1802536e+07,30308.927000001073,918631055.891394,0.2564708146114752
Region Nordjylland,2025-05-16 02:00:00,24,12021960.230999999,1.1991548e+07,30412.23099999875,924903794.3972849,0.2532926943239254
Region Nordjylland,2025-05-17 02:00:00,24,10741741.89,1.0756077e+07,14335.109999999404,205495378.71208292,0.13336338977781204
Region Nordjylland,2025-05-18 02:00:00,24,9210797.014999999,9.283249e+06,72451.98500000127,5249290130.440409,0.7835168674419595
Region Nordjylland,2025-05-19 02:00:00,24,9318363.773,9.300046e+06,18317.773000000045,335540807.6795306,0.19677054295543614
Region Nordjylland,2025-05-20 02:00:00,24,10467058.82,1.0490968e+07,23909.179999999702,571648888.2723857,0.22816250981398165
Region Nordjylland,2025-05-21 02:00:00,24,10929474.08,1.0903384e+07,26090.080000000075,680692274.4064039,0.23899830159112245
Region Nordjylland,2025-05-22 02:00:00,24,12145614.411,1.2121887e+07,23727.411000000313,562990032.7629359,0.19554885851779638
Region Nordjylland,2025-05-23 02:00:00,24,11909187.445,1.1941282e+07,32094.554999999702,1030060460.6480058,0.2691314321842666
Region Nordjylland,2025-05-24 02:00:00,24,10990347.355,1.0956386e+07,33961.35500000045,1153373633.4360554,0.30948892895045105
Region Nordjylland,2025-05-25 02:00:00,24,9821640.756,9.762888e+06,58752.75599999912,3451886337.5954328,0.5999915211847963
Region Nordjylland,2025-05-26 02:00:00,24,10455682.478,1.041074e+07,44942.47800000012,2019826328.7804947,0.4307636160188371
Region Nordjylland,2025-05-27 02:00:00,24,11421316.995,1.1537276e+07,115959.00500000082,13446490840.590216,1.01015776554996
Region Nordjylland,2025-05-28 02:00:00,24,11809513.872000001,1.1819038e+07,9524.12799999863,90709014.16035789,0.08061541859689494
Region Nordjylland,2025-05-29 02:00:00,24,11011010.056,1.0978374e+07,32636.055999999866,1065112151.2351272,0.29683465363910294
Region Nordjylland,2025-05-30 02:00:00,24,10913132.605,1.0854749e+07,58383.60500000045,3408645332.7960773,0.5364197220421297
Region Nordjylland,2025-05-31 02:00:00,24,10687708.526,1.0708996e+07,21287.473999999464,453156549.30065316,0.19897899673412037
Region Nordjylland,2025-06-01 02:00:00,24,8935481.702,8.920362e+06,15119.701999999583,228605388.5687914,0.1693529832847501
Region Nordjylland,2025-06-02 02:00:00,24,9702035.991,9.706691e+06,4655.008999999613,21669108.790077392,0.047968205252803875
Region Nordjylland,2025-06-03 02:00:00,24,10521761.967,1.0536126e+07,14364.032999999821,206325444.02508387,0.13642425130677704
Region Nordjylland,2025-06-04 02:00:00,24,11376043.703,1.1318401e+07,57642.70299999975,3322681209.1461797,0.5079895432945305
Region Nordjylland,2025-06-05 02:00:00,24,10964032.775,1.0986646e+07,22613.224999999627,511357944.9006081,0.20603668097730274
Region Nordjylland,2025-06-06 02:00:00,24,9876014.412,9.859732e+06,16282.412000000477,265116940.53775954,0.16500426849931776
Region Nordjylland,2025-06-07 02:00:00,24,11132188.964,1.1031974e+07,100214.96399999969,10043039009.521233,0.9042973033790918
Region Nordjylland,2025-06-08 02:00:00,24,9174571.947999999,9.155055e+06,19516.947999998927,380911259.2346621,0.21295521240412893
Region Nordjylland,2025-06-09 02:00:00,24,9543544.345,9.586819e+06,43274.65499999933,1872695765.368967,0.4524185371660471
Region Nordjylland,2025-06-10 02:00:00,24,9777718.344,9.791456e+06,13737.655999999493,188723192.3743221,0.14040097715427144
Region Nordjylland,2025-06-11 02:00:00,24,11205691.24,1.1192678e+07,13013.240000000224,169344415.2976058,0.11619810228648791
Region Nordjylland,2025-06-12 02:00:00,24,11230856.293,1.1221641e+07,9215.292999999598,84921625.07584159,0.08208702025206474
Region Nordjylland,2025-06-13 02:00:00,24,11219315.958999999,1.1180214e+07,39101.95899999887,1528963197.6375926,0.3491319601042604
Region Nordjylland,2025-06-14 02:00:00,24,10627638.191000002,1.0627004e+07,634.191000001505,402198.22448290896,0.00596755282260216
Region Nordjylland,2025-06-15 02:00:00,24,9228823.513,9.250631e+06,21807.48699999973,475566489.2551573,0.2360187307981252
Region Nordjylland,2025-06-16 02:00:00,24,9566248.294,9.50378e+06,62468.29399999976,3902287755.2704062,0.6551463169003703
Region Nordjylland,2025-06-17 02:00:00,24,11057225.715,1.104995e+07,7275.714999999851,52936028.76122283,0.06582220265307961
Region Nordjylland,2025-06-18 02:00:00,24,10998801.288999999,1.0986723e+07,12078.288999998942,145885065.16749543,0.10987492352904282
Region Nordjylland,2025-06-19 02:00:00,24,10764537.867,1.0780269e+07,15731.132999999449,247468545.46367165,0.1460317848018837
Region Nordjylland,2025-06-20 02:00:00,24,10797056.656,1.0804076e+07,7019.344000000507,49271190.19034311,0.06499051796759177
Region Nordjylland,2025-06-21 02:00:00,24,10179572.753,1.0178491e+07,1081.7530000004917,1170189.553010064,0.010627268026322816
Region Nordjylland,2025-06-22 02:00:00,24,9380818.732,9.401547e+06,20728.267999999225,429661094.2797919,0.22072052366315006
Region Nordjylland,2025-06-23 02:00:00,24,9830692.144,9.670116e+06,160576.1439999994,25784698021.90854,1.6468665587011106
Region Nordjylland,2025-06-24 02:00:00,24,11238091.861,1.1227314e+07,10777.860999999568,116162287.73531169,0.09595073480252551
Region Nordjylland,2025-06-25 02:00:00,24,11315886.375,1.1258971e+07,56915.375,3239359911.390625,0.5042368512416793
Region Nordjylland,2025-06-26 02:00:00,24,11174328.361000001,1.1131774e+07,42554.36100000143,1810873640.1184428,0.3815490515671935
Region Nordjylland,2025-06-27 02:00:00,24,10830987.384,1.0788078e+07,42909.38399999961,1841215235.2594228,0.3969587328391755
Region Nordjylland,2025-06-28 02:00:00,24,11001088.165,1.0939716e+07,61372.164999999106,3766542636.787115,0.5594340529951958
Region Nordjylland,2025-06-29 02:00:00,24,10233448.31,1.025458e+07,21131.68999999948,446548322.25607795,0.20628329559350825
Region Nordjylland,2025-06-30 02:00:00,24,9608414.235,9.641982e+06,33567.765000000596,1126794847.095265,0.34874882148108255
Region Nordjylland,2025-07-01 02:00:00,24,10334423.010000002,1.0330718e+07,3705.010000001639,13727099.100112146,0.03585758256581709
Region Nordjylland,2025-07-02 02:00:00,24,10495858.287,1.0478074e+07,17784.287000000477,316280864.098386,0.1695846706916612
Region Nordjylland,2025-07-03 02:00:00,24,10809508.022,1.0784555e+07,24953.02199999988,622653306.9324781,0.23111002292229837
Region Nordjylland,2025-07-04 02:00:00,24,11609832.237,1.1660639e+07,50806.76300000027,2581327166.538196,0.43666294921623783
Region Nordjylland,2025-07-05 02:00:00,24,11013584.787,1.0965723e+07,47861.78700000048,2290750654.8334146,0.43551678209182787
Region Nordjylland,2025-07-06 02:00:00,24,10025616.715,1.0035495e+07,9878.285000000149,97580514.54122794,0.09848193001800597
Region Nordjylland,2025-07-07 02:00:00,24,9513655.231,9.523602e+06,9946.768999999389,98938213.53934884,0.1044979208853911
Region Nordjylland,2025-07-08 02:00:00,24,11138781.98,1.1121162e+07,17619.980000000447,310463695.20041573,0.15831109023303525
Region Nordjylland,2025-07-09 02:00:00,24,11338002.540000001,1.1329992e+07,8010.540000000969,64168751.09161552,0.07067709484282388
Region Nordjylland,2025-07-10 02:00:00,24,10721752.16,1.0712737e+07,9015.160000000149,81273109.82560268,0.08411826316648406
Region Nordjylland,2025-07-11 02:00:00,24,10775974.322,1.0784136e+07,8161.677999999374,66612987.775673784,0.07571091129038587
Region Nordjylland,2025-07-12 02:00:00,24,10102056.262,1.012772e+07,25663.737999999896,658627448.1326387,0.25372241064481915
Region Nordjylland,2025-07-13 02:00:00,24,9509433.285,9.487176e+06,22257.28500000015,495386735.5712316,0.23432902857642943
Region Nordjylland,2025-07-14 02:00:00,24,9337105.02,9.301777e+06,35328.01999999955,1248068997.1203685,0.37907874476689835
Region Nordjylland,2025-07-15 02:00:00,24,9627305.334,9.743696e+06,116390.66599999927,13546787131.923386,1.2017000463028236
Region Nordjylland,2025-07-16 02:00:00,24,9846103.911999999,9.872346e+06,26242.088000001386,688647182.5998167,0.2661678592091695
Region Nordjylland,2025-07-17 02:00:00,24,9933199.602,9.891782e+06,41417.601999999955,1715417755.4304004,0.4178324381982946
Region Nordjylland,2025-07-18 02:00:00,24,9896405.462000001,9.813719e+06,82686.46200000122,6837050998.077646,0.83902526500445
Region Nordjylland,2025-07-19 02:00:00,24,9586352.757,9.638575e+06,52222.243000000715,2727162663.9511237,0.5432763509968046
Region Nordjylland,2025-07-20 02:00:00,24,9539621.733000001,9.486103e+06,53518.73300000094,2864254781.9253893,0.5625933703032403
Region Nordjylland,2025-07-21 02:00:00,24,9451206.94,9.405542e+06,45664.93999999948,2085286745.2035525,0.484335238755101
Region Nordjylland,2025-07-22 02:00:00,24,10006062.914,9.957906e+06,48156.914000000805,2319088366.0034733,0.4824382787555847
Region Nordjylland,2025-07-23 02:00:00,24,10719637.011,1.0694126e+07,25511.01099999994,650811682.242118,0.2382674262986401
Region Nordjylland,2025-07-24 02:00:00,24,10289880.161999999,1.0279789e+07,10091.161999998614,101831550.51021603,0.09811691107449434
Region Nordjylland,2025-07-25 02:00:00,24,9951130.757000001,9.885836e+06,65294.75700000115,4263405291.689199,0.6583139226863922
Region Nordjylland,2025-07-26 02:00:00,24,10013231.215,1.0025126e+07,11894.785000000149,141485910.19622853,0.11872016126248251
Region Nordjylland,2025-07-27 02:00:00,24,9294475.572999999,9.26403e+06,30445.572999998927,926932915.2982637,0.328103713741832
Region Nordjylland,2025-07-28 02:00:00,24,9221740.128,9.250262e+06,28521.87199999951,813497182.3843559,0.3088119176509388
Region Nordjylland,2025-07-29 02:00:00,24,10296088.198,1.0295348e+07,740.1980000007898,547893.0792051691,0.0071893771069031455
Region Nordjylland,2025-07-30 02:00:00,24,10613593.248,1.0609513e+07,4080.247999999672,16648423.741501324,0.03845099725101911
Region Nordjylland,2025-07-31 02:00:00,24,10225190.612,1.0216249e+07,8941.611999999732,79952425.1585392,0.08748514947793229
Region Nordjylland,2025-08-01 02:00:00,24,9871233.722000001,9.857296e+06,13937.722000000998,194260094.54931182,0.1412950908800724
Region Nordjylland,2025-08-02 02:00:00,24,9752771.526999999,9.772621e+06,19849.473000001162,394001578.37777513,0.20331957959414154
Region Nordjylland,2025-08-03 02:00:00,24,9518087.949000001,9.497494e+06,20593.949000000954,424110735.4146403,0.21660077567159552
Region Nordjylland,2025-08-04 02:00:00,24,9857416.044,9.759745e+06,97671.04399999976,9539632836.049889,0.9957714450213264
Region Nordjylland,2025-08-05 02:00:00,24,11274749.753,1.1210989e+07,63760.75300000049,4065433623.127072,0.5671217094567877
Region Nordjylland,2025-08-06 02:00:00,24,12003553.934999999,1.2033361e+07,29807.06500000134,888461123.914305,0.24801073748943933
Region Nordjylland,2025-08-07 02:00:00,24,11608477.426,1.1647689e+07,39211.57399999909,1537547535.5574048,0.33721442547092556
Region Nordjylland,2025-08-08 02:00:00,24,11661708.272,1.1665691e+07,3982.728000000119,15862122.32198495,0.0341463525664484
Region Nordjylland,2025-08-09 02:00:00,24,10766969.393,1.0779253e+07,12283.607000000775,150887000.93046802,0.11402098034587733
Region Nordjylland,2025-08-10 02:00:00,24,9711217.959,9.679835e+06,31382.95900000073,984890115.5957268,0.32368493930016223
Region Nordjylland,2025-08-11 02:00:00,24,10042660.463,9.992695e+06,49965.46299999952,2496547492.8043213,0.4987729126370881
Region Nordjylland,2025-08-12 02:00:00,24,11439897.969,1.1416678e+07,23219.969000000507,539166960.3609846,0.2031797678838105
Region Nordjylland,2025-08-13 02:00:00,24,11453406.158,1.1458165e+07,4758.842000000179,22646577.180965703,0.041540948607870054
Region Nordjylland,2025-08-14 02:00:00,24,11168708.888,1.1142638e+07,26070.88800000027,679691201.1085579,0.2337007096063959
Region Nordjylland,2025-08-15 02:00:00,24,11514338.52,1.1485651e+07,28687.519999999553,822973803.7503743,0.2494568093177075
Region Nordjylland,2025-08-16 02:00:00,24,11208566.76,1.1185246e+07,23320.759999999776,543857846.9775896,0.20827860132559026
Region Nordjylland,2025-08-17 02:00:00,24,9536755.479,9.522572e+06,14183.479000000283,201171076.54344904,0.14883504169418318
Region Nordjylland,2025-08-18 02:00:00,24,9797870.987,9.835213e+06,37342.01300000027,1394425934.892189,0.38039885149705666
Region Nordjylland,2025-08-19 02:00:00,24,11118262.862,1.1100977e+07,17285.86199999973,298801025.08303475,0.15559363963267278
Region Nordjylland,2025-08-20 02:00:00,24,11395161.951000001,1.1379271e+07,15890.951000001281,252522323.68444172,0.1395507939468019
Region Nordjylland,2025-08-21 02:00:00,24,11041692.087,1.1061164e+07,19471.91300000064,379155395.87959397,0.1761936369069808
Region Nordjylland,2025-08-22 02:00:00,24,11097110.384,1.1053704e+07,43406.38399999961,1884114171.9554224,0.39191682298916247
Region Nordjylland,2025-08-23 02:00:00,24,10932619.366,1.0918411e+07,14208.366000000387,201877664.38996702,0.13004756079702742
Region Nordjylland,2025-08-24 02:00:00,24,9979578.393,9.889164e+06,90414.39299999923,8174762461.558309,0.9101169184402261
Region Nordjylland,2025-08-25 02:00:00,24,10064465.617,1.0054585e+07,9880.617000000551,97626592.30069989,0.0982215034704642
Region Nordjylland,2025-08-26 02:00:00,24,11136818.394,1.1115636e+07,21182.39399999939,448693815.57121015,0.19038254050493292
Region Nordjylland,2025-08-27 02:00:00,24,11146647.442,1.1134006e+07,12641.441999999806,159806055.8393591,0.11347460731263956
Region Nordjylland,2025-08-28 02:00:00,24,11507124.521,1.1444946e+07,62178.52099999972,3866168473.747406,0.541811867849652
Region Nordjylland,2025-08-29 02:00:00,24,11146217.102,1.115683e+07,10612.898000000045,112633603.95840494,0.09516993755573736
Region Nordjylland,2025-08-30 02:00:00,24,10720704.918000001,1.0673798e+07,46906.91800000146,2200258956.258861,0.4384950487495262
Region Nordjylland,2025-08-31 02:00:00,24,9822901.589,9.796322e+06,26579.588999999687,706474551.4089043,0.27095454495867194
Region Nordjylland,2025-09-01 02:00:00,24,9915577.374,9.950306e+06,34728.626000000164,1206077463.8478873,0.34963082533195755
Region Nordjylland,2025-09-02 02:00:00,24,11419509.595999999,1.1425538e+07,6028.404000001028,36341654.7872284,0.052776462598016716
Region Nordjylland,2025-09-03 02:00:00,24,11281494.865,1.1268697e+07,12797.865000000224,163785348.55823073,0.11350559743896194
Region Nordjylland,2025-09-04 02:00:00,24,12479690.275,1.2362685e+07,117005.27500000037,13690234377.825712,0.941981382253315
Region Nordjylland,2025-09-05 02:00:00,24,11568844.003,1.1560358e+07,8486.003000000492,72012246.91601734,0.07337912478692353
Region Nordjylland,2025-09-06 02:00:00,24,10598074.419,1.0611683e+07,13608.581000000238,185193476.8335675,0.12832377788356486
Region Nordjylland,2025-09-07 02:00:00,24,9772475.532,9.805564e+06,33088.46800000034,1094846714.5870466,0.3380161526992298
Region Nordjylland,2025-09-08 02:00:00,24,10182894.419,1.0134523e+07,48371.41899999976,2339794176.073538,0.47615716114356965
Region Nordjylland,2025-09-09 02:00:00,24,11224524.162,1.1272833e+07,48308.83799999952,2333743828.9101977,0.4294623377504747
Region Nordjylland,2025-09-10 02:00:00,24,11369134.344,1.1368498e+07,636.3440000005066,404933.6863366448,0.005597275832181576
Region Nordjylland,2025-09-11 02:00:00,24,11536006.827,1.1511003e+07,25003.826999999583,625191364.6459081,0.21698109375305719
Region Nordjylland,2025-09-12 02:00:00,24,11809425.686,1.1753192e+07,56233.686000000685,3162227441.146673,0.4773127226302414
Region Nordjylland,2025-09-13 02:00:00,24,11760741.019000001,1.172458e+07,36161.01900000125,1307619295.1184516,0.3079457076251707
Region Nordjylland,2025-09-14 02:00:00,24,10359706.376,1.0372772e+07,13065.623999999836,170710530.50937173,0.12604015557662082
Region Nordjylland,2025-09-15 02:00:00,24,10251085.863,1.0243868e+07,7217.862999999896,52097546.2867675,0.07043551352443361
Region Nordjylland,2025-09-16 02:00:00,24,13676612.394,1.3538236e+07,138376.3939999994,19148026416.443066,1.0169183527805867
Region Nordjylland,2025-09-17 02:00:00,24,13427567.483000001,1.33709e+07,56667.48300000094,3211203629.5553956,0.42291584797487974
Region Nordjylland,2025-09-18 02:00:00,24,12565960.294,1.2416992e+07,148968.29399999976,22191552617.270367,1.192559568196242
Region Nordjylland,2025-09-19 02:00:00,24,12773295.779,1.266129e+07,112005.77899999917,12545294529.396654,0.8807360180599163
Region Nordjylland,2025-09-20 02:00:00,24,11488587.336000001,1.1507141e+07,18553.663999998942,344238447.82485676,0.16136617835194225
Region Nordjylland,2025-09-21 02:00:00,24,9865069.367,9.939824e+06,74754.63299999945,5588255154.964606,0.754910734581987
Region Nordjylland,2025-09-22 02:00:00,24,10689973.491,1.0732331e+07,42357.50899999961,1794158568.685048,0.39545240352451316
Region Nordjylland,2025-09-23 02:00:00,24,11927702.186999999,1.1952078e+07,24375.813000001013,594180259.4110184,0.2041544169093403
Region Nordjylland,2025-09-24 02:00:00,24,11509897.807,1.1532738e+07,22840.19299999997,521674416.27724767,0.1982428849833357
Region Nordjylland,2025-09-25 02:00:00,24,12265118.586,1.2269161e+07,4042.4140000008047,16341110.947402505,0.032953190949266985
Region Nordjylland,2025-09-26 02:00:00,24,11881032.319,1.1943456e+07,62423.680999999866,3896715949.589744,0.5240295628948897
Region Nordjylland,2025-09-27 02:00:00,24,12474411.672,1.238414e+07,90271.67200000025,8148974765.67563,0.7262826345726314
Region Nordjylland,2025-09-28 02:00:00,24,10797983.532,1.0758414e+07,39569.53199999966,1565747862.6989968,0.36712564742099935
Region Nordjylland,2025-09-29 02:00:00,24,10146981.429,1.0184761e+07,37779.57100000046,1427295984.9440758,0.3716314145915395
Region Nordjylland,2025-09-30 02:00:00,24,11605597.916000001,1.1636812e+07,31214.083999998868,974319039.9589853,0.26859593400864334
Region Nordjylland,2025-10-01 02:00:00,24,11754952.841,1.1769553e+07,14600.158999999985,213164642.82528058,0.1241272322460768
Region Nordjylland,2025-10-02 02:00:00,24,12024574.067,1.2062047e+07,37472.933000000194,1404220707.6225035,0.31115143046228416
Region Nordjylland,2025-10-03 02:00:00,24,12352873.134,1.2331733e+07,21140.133999999613,446905265.5379396,0.1712819227111887
Region Nordjylland,2025-10-04 02:00:00,24,13426392.107,1.341131e+07,15082.107000000775,227469951.55947238,0.11239492069678315
Region Nordjylland,2025-10-05 02:00:00,24,13003217.52,1.2953805e+07,49412.51999999955,2441597132.7503557,0.3807256395599841
Region Nordjylland,2025-10-06 02:00:00,24,13045778.65,1.3059817e+07,14038.349999999627,197075270.72248954,0.10755050517301358
Region Nordjylland,2025-10-07 02:00:00,24,11940890.995,1.2009876e+07,68985.00500000082,4758930914.850138,0.5760567502026323
Region Nordjylland,2025-10-08 02:00:00,24,11842424.141,1.1993499e+07,151074.85899999924,22823613021.86965,1.2676233104656764
Region Nordjylland,2025-10-09 02:00:00,24,11595315.641999999,1.1717917e+07,122601.35800000094,15031092983.444395,1.0517748429201383
Region Nordjylland,2025-10-10 02:00:00,24,12858293.626,1.2871573e+07,13279.373999999836,176341773.83187166,0.1032214755950662
Region Nordjylland,2025-10-11 02:00:00,24,12599413.556,1.2602906e+07,3492.444000000134,12197165.093136936,0.02771525844865082
Region Nordjylland,2025-10-12 02:00:00,24,10795291.958,1.0751265e+07,44026.958000000566,1938373030.7338138,0.4086681513507785
Region Nordjylland,2025-10-13 02:00:00,24,10230203.217,1.0361322e+07,131118.78299999982,17192135255.401043,1.27352181655539
Region Nordjylland,2025-10-14 02:00:00,24,11471706.196,1.1574073e+07,102366.80399999954,10478962561.174322,0.8883778945323497
Region Nordjylland,2025-10-15 02:00:00,24,11623498.724,1.164786e+07,24361.276000000536,593471768.3482021,0.2093670274170669
Region Nordjylland,2025-10-16 02:00:00,24,11792980.4,1.1851821e+07,58840.59999999963,3462216208.3599563,0.4977043283603103
Region Nordjylland,2025-10-17 02:00:00,24,11915441.56,1.1977964e+07,62522.43999999948,3909055503.553535,0.5233447349562292
Region Nordjylland,2025-10-18 02:00:00,24,12072696.332999999,1.2013781e+07,58915.3329999987,3471016462.500736,0.48919841773027534
Region Nordjylland,2025-10-19 02:00:00,24,10874342.332,1.0810986e+07,63356.3320000004,4014024804.494275,0.5843243969380763
Region Nordjylland,2025-10-20 02:00:00,24,11876312.517,1.1875824e+07,488.5170000009239,238648.85928990264,0.004113457327523189
Region Nordjylland,2025-10-21 02:00:00,24,12973816.688,1.2948718e+07,25098.68799999915,629944139.3213013,0.19364377983930542
Region Nordjylland,2025-10-22 02:00:00,24,13143206.303,1.3251505e+07,108298.69700000063,11728607771.897945,0.820609066390444
Region Nordjylland,2025-10-23 02:00:00,24,12283020.245000001,1.2272332e+07,10688.245000001043,114238581.1800473,0.08705429996165011
Region Nordjylland,2025-10-24 02:00:00,24,13599339.439,1.3532533e+07,66806.43899999931,4463100291.860629,0.4924572688464372
Region Nordjylland,2025-10-25 02:00:00,24,13825040.265999999,1.3791743e+07,33297.2659999989,1108707923.0746825,0.24113790284180084
Region Nordjylland,2025-10-26 02:00:00,24,12356877.477,1.2435826e+07,78948.52300000004,6232869283.8815365,0.6368690132823956
Region Nordjylland,2025-10-27 01:00:00,24,12265574.209,1.2413438e+07,147863.79099999927,21863700688.891464,1.198295861663993
Region Nordjylland,2025-10-28 01:00:00,24,13350794.604,1.337483e+07,24035.395999999717,577700260.8768024,0.17986779621533977
Region Nordjylland,2025-10-29 01:00:00,24,13636316.929,1.3605179e+07,31137.928999999538,969570622.4090122,0.22860660134931565
Region Nordjylland,2025-10-30 01:00:00,24,13220785.827,1.3194585e+07,26200.826999999583,686483335.4839071,0.19837561374091237
Region Nordjylland,2025-10-31 01:00:00,24,13480521.163,1.3479043e+07,1478.1630000006407,2184965.854570894,0.010965778163649319
Region Nordjylland,2025-11-01 01:00:00,24,13008641.746,1.2852846e+07,155795.74599999934,24272314471.696312,1.2048475132610752
Region Nordjylland,2025-11-02 01:00:00,24,13008415.095999999,1.294847e+07,59945.09599999897,3593414534.449093,0.46188204615689127
Region Nordjylland,2025-11-03 01:00:00,24,11453913.5,1.1495321e+07,41407.5,1714581056.25,0.3608617097881849
Region Nordjylland,2025-11-04 01:00:00,24,14212523.065,1.3971847e+07,240676.06499999948,57924968263.88397,1.7078690383708561
Region Nordjylland,2025-11-05 01:00:00,24,14082848.029000001,1.4179431e+07,96582.97099999897,9328270287.186642,0.6834761690725291
Region Nordjylland,2025-11-06 01:00:00,24,13261400.257,1.3360774e+07,99373.74300000072,9875140797.83019,0.7465486630857847
Region Nordjylland,2025-11-07 01:00:00,24,12488289.233000001,1.2553924e+07,65634.76699999906,4307922639.144166,0.5241930207151755
Region Nordjylland,2025-11-08 01:00:00,24,12211327.025,1.2106301e+07,105026.02500000037,11030465927.300703,0.8637851100611231
Region Nordjylland,2025-11-09 01:00:00,24,11028110.752,1.1011147e+07,16963.752000000328,287768881.9175151,0.15394122788423684
Region Nordjylland,2025-11-10 01:00:00,24,11025831.814,1.1136118e+07,110286.18600000069,12163042822.426746,0.995275117267267
Region Nordjylland,2025-11-11 01:00:00,24,12761016.77,1.2772417e+07,11400.230000000447,129965244.0529102,0.08929648947878621
Region Nordjylland,2025-11-12 01:00:00,24,13352007.374,1.3375033e+07,23025.626000000164,530179452.69188356,0.17230210062764328
Region Nordjylland,2025-11-13 01:00:00,24,14629574.393000001,1.4587529e+07,42045.39300000109,1767815072.5245404,0.2878135620389704
Region Nordjylland,2025-11-14 01:00:00,24,14023019.093,1.4133472e+07,110452.90699999966,12199844664.750574,0.7845644305263549
Region Nordjylland,2025-11-15 01:00:00,24,12967133.777999999,1.2919041e+07,48092.777999999,2312915295.757188,0.3715711449253741
Region Nordjylland,2025-11-16 01:00:00,24,12189961.657,1.2171663e+07,18298.656999999657,334840848.0036365,0.15022526007715806
Region Nordjylland,2025-11-17 01:00:00,24,11896272.792000001,1.1960748e+07,64475.2079999987,4157052446.643097,0.5405134912873886
Region Nordjylland,2025-11-18 01:00:00,24,13917846.274,1.3889184e+07,28662.27400000021,821525950.8510879,0.20615127697976346
Region Nordjylland,2025-11-19 01:00:00,24,13886257.805,1.381595e+07,70307.8049999997,4943187443.917983,0.5075971236293287
Region Nordjylland,2025-11-20 01:00:00,24,14132954.456,1.4087003e+07,45951.45600000024,2111536308.519958,0.3256663733221203
Region Nordjylland,2025-11-21 01:00:00,24,14400930.226,1.4348538e+07,52392.22599999979,2744945345.235054,0.3644744006264305
Region Nordjylland,2025-11-22 01:00:00,24,13792843.765999999,1.3834743e+07,41899.2340000011,1755545809.7868483,0.3033144686496076
Region Nordjylland,2025-11-23 01:00:00,24,13809610.764,1.3824779e+07,15168.235999999568,230075383.3516829,0.10977796962073397
Region Nordjylland,2025-11-24 01:00:00,24,13092918.624,1.3159527e+07,66608.37600000016,4436675753.357398,0.5074451116211951
Region Nordjylland,2025-11-25 01:00:00,24,14226372.032,1.4151112e+07,75260.03199999966,5664072416.640972,0.5304207512909344
Region Nordjylland,2025-11-26 01:00:00,24,13950852.641,1.3859689e+07,91163.64100000076,8310809440.37702,0.6556049297910957
Region Nordjylland,2025-11-27 01:00:00,24,14458606.317,1.4373892e+07,84714.3169999998,7176515504.776456,0.5876307773860248
Region Nordjylland,2025-11-28 01:00:00,24,15520851.742,1.5853995e+07,333143.25799999945,110984430350.8542,2.123632735098187
Region Nordjylland,2025-11-29 01:00:00,24,13851317.694,1.385045e+07,867.6940000001341,752892.8776362328,0.0062645388524290475
Region Nordjylland,2025-11-30 01:00:00,24,11811117.035,1.186585e+07,54732.96499999985,2995697457.691209,0.4623308797878711
Region Nordjylland,2025-12-01 01:00:00,24,12520766.065000001,1.2716407e+07,195640.93499999866,38275375447.6737,1.5504187770643927
Region Nordjylland,2025-12-02 01:00:00,24,14240730.923,1.4124014e+07,116716.92300000042,13622840114.588026,0.8229717793468233
Region Nordjylland,2025-12-03 01:00:00,24,13969302.444000002,1.4017452e+07,48149.555999998,2318379742.996944,0.34408817282720433
Region Nordjylland,2025-12-04 01:00:00,24,13369090.151999999,1.3345514e+07,23576.151999998838,555834943.1270492,0.17650384685362297
Region Nordjylland,2025-12-05 01:00:00,24,13285679.41,1.3275034e+07,10645.410000000149,113324754.06810318,0.08015906678163393
Region Nordjylland,2025-12-06 01:00:00,24,12942187.484000001,1.2908863e+07,33324.4840000011,1110521233.8663294,0.2578191862696383
Region Nordjylland,2025-12-07 01:00:00,24,12570010.467,1.2617111e+07,47100.53299999982,2218460208.8840723,0.3740048902508421
Region Nordjylland,2025-12-08 01:00:00,24,12861989.706999999,1.2806542e+07,55447.70699999854,3074448211.5576873,0.4320286616540481
Region Nordjylland,2025-12-09 01:00:00,24,15179126.666000001,1.5266497e+07,87370.33399999887,7633575263.2713585,0.5739434669395146
Region Nordjylland,2025-12-10 01:00:00,24,14022014.94,1.3832985e+07,189029.93999999948,35732318216.403404,1.3572424369568998
Region Nordjylland,2025-12-11 01:00:00,24,14902002.241,1.5103239e+07,201236.7589999996,40496233172.82393,1.3413440497523752
Region Nordjylland,2025-12-12 01:00:00,24,14724939.852,1.4868926e+07,143986.14800000004,20732010815.87792,0.9730810345635816
Region Nordjylland,2025-12-13 01:00:00,24,12464995.596,1.2542879e+07,77883.40399999917,6065824618.627086,0.6228710376887173
Region Nordjylland,2025-12-14 01:00:00,24,12059767.504999999,1.2389438e+07,329670.49500000104,108682635273.54572,2.6967787966163694
Region Nordjylland,2025-12-15 01:00:00,24,14033783.977,1.3958606e+07,75177.97699999996,5651728225.812522,0.5371315351191526
Region Nordjylland,2025-12-16 01:00:00,24,13626609.08,1.3739127e+07,112517.91999999993,12660282321.126383,0.8223270126633476
Region Nordjylland,2025-12-17 01:00:00,24,12605772.42,1.2539861e+07,65911.41999999993,4344315286.41639,0.5242374999993133
Region Nordjylland,2025-12-18 01:00:00,24,12868210.376,1.2844251e+07,23959.376000000164,574051698.3093839,0.1863639240882931
Region Nordjylland,2025-12-19 01:00:00,24,15328860.141999999,1.4988141e+07,340719.14199999906,116089533725.21553,2.247710058155983
Region Nordjylland,2025-12-20 01:00:00,24,13765664.239,1.401016e+07,244495.76099999994,59778177146.96909,1.7604932901087684
Region Nordjylland,2025-12-21 01:00:00,24,11218854.467,1.1282549e+07,63694.53299999982,4056993534.088066,0.5661383130471185
Region Nordjylland,2025-12-22 01:00:00,24,12669228.066,1.2725939e+07,56710.93400000036,3216130035.1523967,0.4466277686034764
Region Nordjylland,2025-12-23 01:00:00,24,13471609.867,1.3393762e+07,77847.86700000055,6060290396.449775,0.5795405876784065
Region Nordjylland,2025-12-24 01:00:00,24,13716960.673,1.3650501e+07,66459.67300000042,4416888135.266984,0.48568386644032635
Region Nordjylland,2025-12-25 01:00:00,24,12711422.183,1.2810719e+07,99296.8169999998,9859857866.331451,0.7781229348119135
Region Nordjylland,2025-12-26 01:00:00,24,11904031.623,1.1990412e+07,86380.37700000033,7461569530.662186,0.7230164331330439
Region Nordjylland,2025-12-27 01:00:00,24,11329830.536999999,1.1368145e+07,38314.463000001386,1467998074.978475,0.33760246976691755
Region Nordjylland,2025-12-28 01:00:00,24,12476836.537,1.2389645e+07,87191.53700000048,7602364124.422452,0.7012776364864013
Region Nordjylland,2025-12-29 01:00:00,24,12710480.265,1.2784234e+07,73753.7349999994,5439613426.450137,0.5785805970083062
Region Nordjylland,2025-12-30 01:00:00,24,12964252.211,1.295852e+07,5732.210999999195,32858242.948511776,0.04422529313872383
Region Nordjylland,2024-12-25 01:00:00,168,96476688.999,9.502983e+07,1446856.998999998,2093395175555.28,1.5110263519512768
Region Nordjylland,2024-12-26 01:00:00,168,91055765.53299999,8.930567e+07,1750093.5329999924,3062827374248.3955,1.9406515682486563
Region Nordjylland,2024-12-27 01:00:00,168,85784910.432,8.550095e+07,283958.4319999963,80632391103.89653,0.3315608515124557
Region Nordjylland,2024-12-28 01:00:00,168,81911807.233,8.13231e+07,588703.2329999954,346571496544.6468,0.7212957431142727
Region Nordjylland,2024-12-29 01:00:00,168,78676583.08999999,7.9039304e+07,362720.9100000113,131566458551.23631,0.4599674981291213
Region Nordjylland,2024-12-30 01:00:00,168,78398649.214,8.027586e+07,1877206.7859999985,3523905317404.444,2.3661101491613423
Region Nordjylland,2024-12-31 01:00:00,168,78986792.318,8.141525e+07,2428455.6819999963,5897396999438.067,3.02796108725991
Region Nordjylland,2025-01-01 01:00:00,168,81438152.201,8.1671304e+07,233151.798999995,54359761376.93407,0.28588385300320257
Region Nordjylland,2025-01-02 01:00:00,168,84860562.72,8.454903e+07,311530.7199999988,97051389503.71765,0.367784033147469
Region Nordjylland,2025-01-03 01:00:00,168,88373821.207,8.796519e+07,408629.20700000226,166977828813.4507,0.46345865224993915
Region Nordjylland,2025-01-04 01:00:00,168,92320398.76200001,9.225924e+07,61158.76200000942,3740394169.373796,0.06626815656397346
Region Nordjylland,2025-01-05 01:00:00,168,94415803.12400001,9.3864856e+07,550947.1240000129,303542733443.88556,0.5852402754094501
Region Nordjylland,2025-01-06 01:00:00,168,94616964.124,9.442297e+07,193996.12399999797,37634496127.02259,0.20524353962711644
Region Nordjylland,2025-01-07 01:00:00,168,97951449.889,9.786806e+07,83385.88899999857,6953206484.320083,0.08516606679686248
Region Nordjylland,2025-01-08 01:00:00,168,101399799.312,9.97988e+07,1600999.3120000064,2563198797024.494,1.591461687580962
Region Nordjylland,2025-01-09 01:00:00,168,102358008.227,9.9498136e+07,2859872.226999998,8178869154765.929,2.8335746112180673
Region Nordjylland,2025-01-10 01:00:00,168,102814580.91399999,9.945428e+07,3360300.9139999896,11291622232629.166,3.3226082342241616
Region Nordjylland,2025-01-11 01:00:00,168,102520141.998,9.9409256e+07,3110885.997999996,9677611692552.432,3.081162058464422
Region Nordjylland,2025-01-12 01:00:00,168,104056925.14999999,9.953527e+07,4521653.149999991,20445347208904.84,4.441872737066232
Region Nordjylland,2025-01-13 01:00:00,168,103185999.894,9.923812e+07,3947879.893999994,15585755657449.402,3.90060225635889
Region Nordjylland,2025-01-14 01:00:00,168,101550173.324,9.8945e+07,2605173.324000001,6786928048081.214,2.5987391923795027
Region Nordjylland,2025-01-15 01:00:00,168,99489676.09899999,9.87224e+07,767276.098999992,588712612096.6455,0.7741971267348661
Region Nordjylland,2025-01-16 01:00:00,168,97584240.537,9.718381e+07,400432.5370000005,160346216688.25674,0.4111891452503109
Region Nordjylland,2025-01-17 01:00:00,168,97284151.663,9.6974904e+07,309247.6630000025,95634117070.96312,0.3183868694764834
Region Nordjylland,2025-01-18 01:00:00,168,96381862.026,9.5876264e+07,505598.0259999931,255629363895.0897,0.5259575097820507
Region Nordjylland,2025-01-19 01:00:00,168,93593095.91700001,9.3785944e+07,192848.0829999894,37190383116.7708,0.20583741178886594
Region Nordjylland,2025-01-20 01:00:00,168,92485437.633,9.238429e+07,101149.63300000131,10231248256.034954,0.109428012243391
Region Nordjylland,2025-01-21 01:00:00,168,90305409.71700001,9.029362e+07,11793.71700000763,139091760.67626897,0.013060665142777093
Region Nordjylland,2025-01-22 01:00:00,168,88728488.333,8.87011e+07,27384.33300000429,749901693.855124,0.03086783060247284
Region Nordjylland,2025-01-23 01:00:00,168,89253459.591,8.921423e+07,39227.5910000056,1538803895.6637206,0.04396043973035153
Region Nordjylland,2025-01-24 01:00:00,168,90232858.518,9.032653e+07,93669.48199999332,8773971858.147074,0.1037547632458924
Region Nordjylland,2025-01-25 01:00:00,168,92934320.996,9.312837e+07,194047.0039999932,37654239761.37338,0.2085823923614958
Region Nordjylland,2025-01-26 01:00:00,168,94400421.38499999,9.440742e+07,7002.615000009537,49036616.838358566,0.007417716129041602
Region Nordjylland,2025-01-27 01:00:00,168,95104915.553,9.501649e+07,88427.5530000031,7819432129.568357,0.09302219670953799
Region Nordjylland,2025-01-28 01:00:00,168,97913727.844,9.757649e+07,337239.8439999968,113730712381.14217,0.34501966509578375
Region Nordjylland,2025-01-29 01:00:00,168,98120771.241,9.707941e+07,1041363.2409999967,1084437399706.0171,1.0669695540743314
Region Nordjylland,2025-01-30 01:00:00,168,98120387.609,9.720872e+07,911667.6089999974,831137829299.7721,0.9334682579156894
Region Nordjylland,2025-01-31 01:00:00,168,96454985.738,9.621144e+07,243545.73800000548,59314526497.967316,0.25281596112775184
Region Nordjylland,2025-02-01 01:00:00,168,92677743.872,9.272388e+07,46136.12800000608,2128542306.8329449,0.04976884995555179
Region Nordjylland,2025-02-02 01:00:00,168,91154022.32000001,9.093887e+07,215150.32000000775,46289660196.105736,0.2363083093422794
Region Nordjylland,2025-02-03 01:00:00,168,90074902.496,9.004818e+07,26726.496000006795,714305588.4383792,0.029675815251625638
Region Nordjylland,2025-02-04 01:00:00,168,87316465.229,8.7499784e+07,183318.77099999785,33605771800.949654,0.20972738153174764
Region Nordjylland,2025-02-05 01:00:00,168,87732965.662,8.792704e+07,194074.33799999952,37664848670.13806,0.2209658792490669
Region Nordjylland,2025-02-06 01:00:00,168,87829570.892,8.811071e+07,281141.10799999535,79040322607.46506,0.3195869682357761
Region Nordjylland,2025-02-07 01:00:00,168,87586862.92699999,8.736694e+07,219918.92699998617,48364334452.82525,0.2514022768212732
Region Nordjylland,2025-02-08 01:00:00,168,89392099.192,8.985792e+07,465820.80799999833,216989025165.7713,0.5197442210603547
Region Nordjylland,2025-02-09 01:00:00,168,90771316.06899999,9.055202e+07,219300.06899999082,48092520263.400734,0.24188841722425364
Region Nordjylland,2025-02-10 01:00:00,168,91671650.704,9.135694e+07,314706.7039999962,99040309542.54121,0.3438880187098092
Region Nordjylland,2025-02-11 01:00:00,168,93347178.139,9.4439064e+07,1091885.8610000014,1192214733451.7144,1.162902935340475
Region Nordjylland,2025-02-12 01:00:00,168,94685485.387,9.6006536e+07,1321050.6130000055,1745174722107.6902,1.3855331789881222
Region Nordjylland,2025-02-13 01:00:00,168,95441300.70199999,9.640528e+07,963979.2980000079,929256086972.588,1.004948114761952
Region Nordjylland,2025-02-14 01:00:00,168,96736736.338,9.703608e+07,299343.6620000005,89606627979.57053,0.30896352507758584
Region Nordjylland,2025-02-15 01:00:00,168,95730268.15200001,9.508126e+07,649004.15200001,421206389313.2521,0.6802567378191952
Region Nordjylland,2025-02-16 01:00:00,168,95191552.10000001,9.449843e+07,693120.1000000089,480415473024.0224,0.7307925120965929
Region Nordjylland,2025-02-17 01:00:00,168,95202467.005,9.460779e+07,594675.0049999952,353638361571.7443,0.6265994347379614
Region Nordjylland,2025-02-18 01:00:00,168,94101588.691,9.3516984e+07,584604.6909999996,341762644739.2051,0.6231842430256831
Region Nordjylland,2025-02-19 01:00:00,168,92583767.774,9.250156e+07,82207.77400000393,6758118106.035723,0.08883229696130687
Region Nordjylland,2025-02-20 01:00:00,168,93230796.06400001,9.3159816e+07,70980.06400001049,5038169485.445585,0.07616270284646999
Region Nordjylland,2025-02-21 01:00:00,168,95165476.0,9.467968e+07,485796.0,235997753616.0,0.5117812961211399
Region Nordjylland,2025-02-22 01:00:00,168,96306564.505,9.582148e+07,485084.50499999523,235306976991.0904,0.5049596025918759
Region Nordjylland,2025-02-23 01:00:00,168,96535842.44399999,9.527034e+07,1265506.4439999908,1601506559805.502,1.3195679662315674
Region Nordjylland,2025-02-24 01:00:00,168,96529030.228,9.516125e+07,1367782.2280000001,1870828223232.6443,1.4270752180484965
Region Nordjylland,2025-02-25 01:00:00,168,97468449.238,9.7471144e+07,2694.7619999945164,7261742.236614446,0.0027647149101255237
Region Nordjylland,2025-02-26 01:00:00,168,96362743.001,9.483766e+07,1525079.001000002,2325865959291.164,1.5952675257558693
Region Nordjylland,2025-02-27 01:00:00,168,94356295.248,9.334173e+07,1014567.247999996,1029346700714.2853,1.0810633276190422
Region Nordjylland,2025-02-28 01:00:00,168,91010691.76300001,9.042543e+07,585259.7630000114,342528990186.8296,0.6451413873507394
Region Nordjylland,2025-03-01 01:00:00,168,88980429.766,8.833013e+07,650301.7660000026,422892386862.72217,0.733517252659278
Region Nordjylland,2025-03-02 01:00:00,168,87539116.58,8.636101e+07,1178108.5799999982,1387939826269.6123,1.3549255158331162
Region Nordjylland,2025-03-03 01:00:00,168,87934705.493,8.6910984e+07,1023721.4930000007,1048005695230.1505,1.1709999782876954
Region Nordjylland,2025-03-04 01:00:00,168,87853859.217,8.65081e+07,1345763.2169999927,1811078636230.1694,1.5436431821668204
Region Nordjylland,2025-03-05 01:00:00,168,90273643.745,8.799523e+07,2278411.745000005,5191160079753.967,2.5561520321237663
Region Nordjylland,2025-03-06 01:00:00,168,92732270.245,8.996478e+07,2767486.245000005,7658980116264.227,3.029590440236389
Region Nordjylland,2025-03-07 01:00:00,168,93061438.78,9.110834e+07,1953102.7800000012,3814610469243.733,2.120980798649594
Region Nordjylland,2025-03-08 01:00:00,168,92438163.6,9.0933144e+07,1505019.599999994,2265083996384.142,1.6414995559534244
Region Nordjylland,2025-03-09 01:00:00,168,92415285.87300001,9.085142e+07,1563861.8730000108,2445663957823.102,1.706651332458289
Region Nordjylland,2025-03-10 01:00:00,168,90982071.77600001,8.978578e+07,1196295.776000008,1431123583675.4612,1.3235714102016725
Region Nordjylland,2025-03-11 01:00:00,168,88192153.859,8.728308e+07,909073.8589999974,826415281117.1471,1.036127821582466
Region Nordjylland,2025-03-12 01:00:00,168,85779317.093,8.596808e+07,188762.90700000525,35631435059.09263,0.21981457675051863
Region Nordjylland,2025-03-13 01:00:00,168,83196710.053,8.401543e+07,818721.9469999969,670305626499.4657,0.9792613585925987
Region Nordjylland,2025-03-14 01:00:00,168,83217281.512,8.38768e+07,659518.4880000055,434964636013.81335,0.7893977836104765
Region Nordjylland,2025-03-15 01:00:00,168,83888865.618,8.437377e+07,484902.3819999993,235130320069.27322,0.5763637137652963
Region Nordjylland,2025-03-16 01:00:00,168,83867618.714,8.439822e+07,530605.2859999985,281541969531.14014,0.6306749812579178
Region Nordjylland,2025-03-17 01:00:00,168,84422506.086,8.496683e+07,544325.9140000045,296290700651.9403,0.6426920609650731
Region Nordjylland,2025-03-18 01:00:00,168,85435280.024,8.5694376e+07,259095.97599999607,67130724779.39054,0.3028066344779648
Region Nordjylland,2025-03-19 01:00:00,168,85979745.858,8.51657e+07,814049.8579999954,662677171309.8126,0.9512959844708171
Region Nordjylland,2025-03-20 01:00:00,168,85878019.696,8.586728e+07,10739.695999994874,115341070.1723059,0.012506538483445908
Region Nordjylland,2025-03-21 01:00:00,168,85302941.243,8.500579e+07,297149.2430000007,88297672615.47348,0.34895361775255773
Region Nordjylland,2025-03-22 01:00:00,168,85809376.43100001,8.4596136e+07,1213240.4310000092,1471952343413.0881,1.4239450516499814
Region Nordjylland,2025-03-23 01:00:00,168,87431691.529,8.655833e+07,873363.5289999992,762763853787.3324,1.0039237093762499
Region Nordjylland,2025-03-24 01:00:00,168,87270419.331,8.6260376e+07,1010043.3310000002,1020187530497.576,1.1641084558777026
Region Nordjylland,2025-03-25 01:00:00,168,86432355.947,8.61552e+07,277155.9469999969,76815418957.46509,0.321177208263044
Region Nordjylland,2025-03-26 01:00:00,168,86049746.816,8.576803e+07,281714.81599999964,79363237553.91365,0.32792277719023316
Region Nordjylland,2025-03-27 01:00:00,168,85985630.232,8.579466e+07,190974.23199999332,36471157287.987274,0.2223470878865235
Region Nordjylland,2025-03-28 01:00:00,168,86392949.119,8.565391e+07,739037.1190000027,546175863259.8242,0.8591114237054652
Region Nordjylland,2025-03-29 01:00:00,168,86098395.58999999,8.535817e+07,740227.5899999887,547936884997.19135,0.863457863030636
Region Nordjylland,2025-03-30 01:00:00,168,84928364.61,8.4703976e+07,224388.6099999994,50350248297.731834,0.2645587618411621
Region Nordjylland,2025-03-31 02:00:00,168,86431853.164,8.620959e+07,222261.16400000453,49400025022.63691,0.25748297436790857
Region Nordjylland,2025-04-01 02:00:00,168,86877672.454,8.617115e+07,706520.4539999962,499171151920.3607,0.8165562016722097
Region Nordjylland,2025-04-02 02:00:00,168,86564148.677,8.586787e+07,696276.6770000011,484801210934.1638,0.8075955663760015
Region Nordjylland,2025-04-03 02:00:00,168,86881530.429,8.604302e+07,838506.4290000051,703093031474.3407,0.969794523130354
Region Nordjylland,2025-04-04 02:00:00,168,85885976.927,8.573534e+07,150632.92700000107,22690278696.587654,0.1755410413885272
Region Nordjylland,2025-04-05 02:00:00,168,85019382.537,8.553225e+07,512865.4629999995,263030983138.2039,0.601419595210187
Region Nordjylland,2025-04-06 02:00:00,168,84890560.20799999,8.5537336e+07,646775.7920000106,418318925117.24097,0.7590022600650403
Region Nordjylland,2025-04-07 02:00:00,168,83019812.16999999,8.257844e+07,441372.1699999869,194809392450.4973,0.533063802565842
Region Nordjylland,2025-04-08 02:00:00,168,82716789.38599999,8.309476e+07,377970.6140000075,142861785047.54266,0.45590384433368164
Region Nordjylland,2025-04-09 02:00:00,168,81987604.391,8.225448e+07,266875.6089999974,71222590679.11948,0.3249783513032685
Region Nordjylland,2025-04-10 02:00:00,168,81136718.101,8.224051e+07,1103793.899000004,1218360971469.6309,1.3512212176906624
Region Nordjylland,2025-04-11 02:00:00,168,82229680.3,8.2839384e+07,609703.700000003,371738601793.69366,0.7387255783941618
Region Nordjylland,2025-04-12 02:00:00,168,82828012.599,8.348096e+07,652947.4009999931,426340308472.64575,0.7852220969151956
Region Nordjylland,2025-04-13 02:00:00,168,82582990.57000001,8.2545256e+07,37734.57000000775,1423897773.0854847,0.04570334971008316
Region Nordjylland,2025-04-14 02:00:00,168,82865881.43300001,8.362045e+07,754566.5669999868,569370704034.1455,0.9064606920818097
Region Nordjylland,2025-04-15 02:00:00,168,82866800.072,8.268443e+07,182368.0719999969,33258113684.99605,0.2203161761075666
Region Nordjylland,2025-04-16 02:00:00,168,84681965.73900001,8.493662e+07,254658.2609999925,64850829895.5403,0.30027164049865873
Region Nordjylland,2025-04-17 02:00:00,168,84546165.78400001,8.456921e+07,23042.2159999907,530943718.1902275,0.027250291306361082
Region Nordjylland,2025-04-18 02:00:00,168,81958545.081,8.2211896e+07,253350.91899999976,64186688158.14444,0.30864376964791007
Region Nordjylland,2025-04-19 02:00:00,168,79614622.57699999,7.95305e+07,84126.57699999213,7077280957.735605,0.10572310071739807
Region Nordjylland,2025-04-20 02:00:00,168,80091648.145,7.9768344e+07,323304.1449999958,104525570174.17833,0.40448412471676454
Region Nordjylland,2025-04-21 02:00:00,168,79764319.241,7.980426e+07,39936.75900000334,1594944719.4243476,0.05005591976952349
Region Nordjylland,2025-04-22 02:00:00,168,78654187.399,7.778441e+07,869779.3990000039,756516202924.808,1.11197546459889
Region Nordjylland,2025-04-23 02:00:00,168,76646765.59099999,7.652946e+07,117309.5909999907,13761540140.5851,0.15316945382452668
Region Nordjylland,2025-04-24 02:00:00,168,76387644.90799999,7.632368e+07,63964.90799999237,4091509455.447488,0.08377231752593024
Region Nordjylland,2025-04-25 02:00:00,168,77321766.30499999,7.701901e+07,302758.30499999225,91662591246.46834,0.39232446041989844
Region Nordjylland,2025-04-26 02:00:00,168,77682265.999,7.73628e+07,319465.998999998,102058524517.06671,0.41209437648542574
Region Nordjylland,2025-04-27 02:00:00,168,76509657.275,7.71809e+07,671238.724999994,450561425939.6176,0.8734937973694975
Region Nordjylland,2025-04-28 02:00:00,168,75962350.36299999,7.6015144e+07,52793.63700000942,2787168107.688763,0.06947559863556009
Region Nordjylland,2025-04-29 02:00:00,168,76494407.738,7.66186e+07,124192.26199999452,15423717940.675282,0.1622230061765969
Region Nordjylland,2025-04-30 02:00:00,168,76060826.25400001,7.60012e+07,59626.254000008106,3555290166.0734825,0.07842359525107226
Region Nordjylland,2025-05-01 02:00:00,168,75612989.135,7.559162e+07,21373.135000005364,456810899.7284543,0.028270481551699818
Region Nordjylland,2025-05-02 02:00:00,168,75018557.54,7.526537e+07,246810.45999999344,60915403165.40836,0.3284588942072872
Region Nordjylland,2025-05-03 02:00:00,168,75670415.67400001,7.588005e+07,209632.3259999901,43945712104.16613,0.27665019415701675
Region Nordjylland,2025-05-04 02:00:00,168,75697880.483,7.568699e+07,10888.48299999535,118559062.04118775,0.01438516652477029
Region Nordjylland,2025-05-05 02:00:00,168,75316413.265,7.538555e+07,69138.7349999994,4780164677.400143,0.09175558510922305
Region Nordjylland,2025-05-06 02:00:00,168,74972793.69399999,7.480617e+07,166625.69399999082,27764121900.978577,0.2224954587953532
Region Nordjylland,2025-05-07 02:00:00,168,75140512.52499999,7.529361e+07,153095.47500000894,23438224465.478363,0.20353823250432962
Region Nordjylland,2025-05-08 02:00:00,168,75072918.44999999,7.534859e+07,275673.5500000119,75995906169.60907,0.366534745164184
Region Nordjylland,2025-05-09 02:00:00,168,75342924.444,7.566268e+07,319755.5559999943,102243615592.86548,0.4235015742327295
Region Nordjylland,2025-05-10 02:00:00,168,75441436.038,7.597496e+07,533523.9619999975,284647818028.17474,0.7047109506768375
Region Nordjylland,2025-05-11 02:00:00,168,75362370.082,7.5647544e+07,285173.91799999774,81324163507.46944,0.3776890010614074
Region Nordjylland,2025-05-12 02:00:00,168,75707192.259,7.6032376e+07,325183.74099999666,105744465410.75291,0.4286077055985156
Region Nordjylland,2025-05-13 02:00:00,168,76111496.683,7.672795e+07,616455.3170000017,380017157857.5726,0.806670427447791
Region Nordjylland,2025-05-14 02:00:00,168,76325396.176,7.572488e+07,600516.175999999,360619677637.6618,0.7898915952048576
Region Nordjylland,2025-05-15 02:00:00,168,77245979.553,7.6585304e+07,660675.5530000031,436492186331.8599,0.858961243435739
Region Nordjylland,2025-05-16 02:00:00,168,78282199.652,7.7314744e+07,967455.6519999951,935970438586.7356,1.2435406882589621
Region Nordjylland,2025-05-17 02:00:00,168,77903596.175,7.7121176e+07,782420.174999997,612181330247.026,1.0094130944656516
Region Nordjylland,2025-05-18 02:00:00,168,76951668.729,7.65449e+07,406772.72900000215,165464053058.1092,0.5300089024378679
Region Nordjylland,2025-05-19 02:00:00,168,75845926.893,7.551059e+07,335334.8930000067,112449490463.32593,0.4431059797788668
Region Nordjylland,2025-05-20 02:00:00,168,74938701.56,7.44745e+07,464205.5600000024,215486801934.9158,0.6213715623261338
Region Nordjylland,2025-05-21 02:00:00,168,74522240.736,7.4334184e+07,188056.73600000143,35365335954.974236,0.25266861854773687
Region Nordjylland,2025-05-22 02:00:00,168,74835010.22,7.492925e+07,94237.78000000119,8880759179.328625,0.12584815779151823
Region Nordjylland,2025-05-23 02:00:00,168,74722237.434,7.471356e+07,8677.434000000358,75297860.8243622,0.011613594799911102
Region Nordjylland,2025-05-24 02:00:00,168,74970842.899,7.501255e+07,41709.100999996066,1739649106.2278728,0.05561829164899662
Region Nordjylland,2025-05-25 02:00:00,168,75581686.64,7.537862e+07,203062.6400000006,41234435763.769844,0.2690278512797324
Region Nordjylland,2025-05-26 02:00:00,168,76719005.345,7.6119144e+07,599861.3449999988,359833633225.2076,0.7849628480464493
Region Nordjylland,2025-05-27 02:00:00,168,77673263.52,7.72714e+07,401863.5199999958,161494288706.78705,0.5187187617444133
Region Nordjylland,2025-05-28 02:00:00,168,78553303.312,7.798408e+07,569223.3120000064,324015178924.25665,0.7272682089817075
Region Nordjylland,2025-05-29 02:00:00,168,77418698.957,7.7009e+07,409698.95700000226,167853235366.8897,0.530602942046144
Region Nordjylland,2025-05-30 02:00:00,168,76422644.117,7.585123e+07,571412.1169999987,326511807454.42017,0.7505057749511188
Region Nordjylland,2025-05-31 02:00:00,168,76120005.28799999,7.611943e+07,573.2879999876022,328659.130929785,0.0007531399356174455
Region Nordjylland,2025-06-01 02:00:00,168,75233846.234,7.510468e+07,129166.23399999738,16683916005.742079,0.1718338435737381
Region Nordjylland,2025-06-02 02:00:00,168,74480199.747,7.445587e+07,24327.74699999392,591839274.0957131,0.03266871042673912
Region Nordjylland,2025-06-03 02:00:00,168,73580644.71900001,7.345609e+07,124556.71900001168,15514376248.04787,0.16942258807947047
Region Nordjylland,2025-06-04 02:00:00,168,73147174.55,7.3140136e+07,7038.54999999702,49541186.102458045,0.009622912573256025
Region Nordjylland,2025-06-05 02:00:00,168,73100197.26900001,7.29708e+07,129397.2690000087,16743653224.660614,0.17717037799326385
Region Nordjylland,2025-06-06 02:00:00,168,72063079.076,7.1878536e+07,184543.076000005,34056146899.543625,0.2564137909701343
Region Nordjylland,2025-06-07 02:00:00,168,72507559.514,7.2373256e+07,134303.51399999857,18037433872.74781,0.18539861681965847
Region Nordjylland,2025-06-08 02:00:00,168,72746649.75999999,7.22713e+07,475353.75999999046,225961197146.12854,0.6555792216043186
Region Nordjylland,2025-06-09 02:00:00,168,72588158.11400001,7.238138e+07,206782.1140000075,42758842670.3121,0.2852766483161901
Region Nordjylland,2025-06-10 02:00:00,168,71844114.491,7.136166e+07,482450.49099999666,232758476266.13785,0.6737863458915061
Region Nordjylland,2025-06-11 02:00:00,168,71673762.028,7.197154e+07,297773.97200000286,88669338400.6585,0.4145961978399869
Region Nordjylland,2025-06-12 02:00:00,168,71940585.54599999,7.220213e+07,261542.4540000111,68404455244.347916,0.3628937565637621
Region Nordjylland,2025-06-13 02:00:00,168,73283887.093,7.3263304e+07,20583.092999994755,423663717.44643307,0.02809073697896067
Region Nordjylland,2025-06-14 02:00:00,168,72779336.32000001,7.288962e+07,110279.67999999225,12161607820.90069,0.15141137249032183
Region Nordjylland,2025-06-15 02:00:00,168,72833587.885,7.2534664e+07,298923.88500000536,89355489023.49643,0.41126433196222567
Region Nordjylland,2025-06-16 02:00:00,168,72856291.83399999,7.265162e+07,204675.83399999142,41892197023.59204,0.2813260626817507
Region Nordjylland,2025-06-17 02:00:00,168,74135799.205,7.403701e+07,98791.20499999821,9759702185.351671,0.133345931501883
Region Nordjylland,2025-06-18 02:00:00,168,73928909.25400001,7.389339e+07,35517.254000008106,1261475331.7010918,0.04805398603419053
Region Nordjylland,2025-06-19 02:00:00,168,73462590.82800001,7.358559e+07,123001.17199999094,15129288313.371355,0.16729369875160377
Region Nordjylland,2025-06-20 02:00:00,168,73040331.52499999,7.322232e+07,181988.47500000894,33119805032.82888,0.24885160101025863
Region Nordjylland,2025-06-21 02:00:00,168,72592266.087,7.268601e+07,93741.9130000025,8787546252.900038,0.12905152348363538
Region Nordjylland,2025-06-22 02:00:00,168,72744261.30600001,7.264438e+07,99877.30600000918,9975476253.81947,0.13739354375274226
Region Nordjylland,2025-06-23 02:00:00,168,73008705.156,7.297268e+07,36025.15600000322,1297811864.8245678,0.04935582158164299
Region Nordjylland,2025-06-24 02:00:00,168,73189571.302,7.311138e+07,78195.30200000107,6114505254.871372,0.10689650811158093
Region Nordjylland,2025-06-25 02:00:00,168,73506656.388,7.3280696e+07,225960.38799999654,51058096945.10898,0.3078744651006717
Region Nordjylland,2025-06-26 02:00:00,168,73916446.882,7.365889e+07,257558.88199999928,66336577697.089554,0.34905410474716686
Region Nordjylland,2025-06-27 02:00:00,168,73950377.61000001,7.394675e+07,3625.610000014305,13145047.87220373,0.004902880819357242
Region Nordjylland,2025-06-28 02:00:00,168,74771893.022,7.449046e+07,281429.0219999999,79202294423.87642,0.3770930964978928
Region Nordjylland,2025-06-29 02:00:00,168,75624522.6,7.5382824e+07,241698.59999999404,58418213241.957115,0.3201150214767022
Region Nordjylland,2025-06-30 02:00:00,168,75402244.691,7.531403e+07,88212.69099999964,7781478853.461418,0.11705794879852849
Region Nordjylland,2025-07-01 02:00:00,168,74498575.84,7.424249e+07,256087.84000000358,65580981795.86743,0.3443404711364388
Region Nordjylland,2025-07-02 02:00:00,168,73678547.752,7.344126e+07,237283.75200000405,56303578963.199425,0.322572125635932
Region Nordjylland,2025-07-03 02:00:00,168,73313727.413,7.330026e+07,13471.413000002503,181478968.21663645,0.0183767096240126
Region Nordjylland,2025-07-04 02:00:00,168,74092572.26599999,7.38636e+07,228972.26599998772,52428298597.169136,0.3095136383879067
Region Nordjylland,2025-07-05 02:00:00,168,74105068.888,7.3903384e+07,201684.88799999654,40676794047.57115,0.272531580547787
Region Nordjylland,2025-07-06 02:00:00,168,73897237.293,7.360541e+07,291829.29299999774,85164336252.87852,0.39569363982633204
Region Nordjylland,2025-07-07 02:00:00,168,73802478.289,7.358174e+07,220734.28900000453,48723626340.337524,0.2995358466080246
Region Nordjylland,2025-07-08 02:00:00,168,74606837.25899999,7.443e+07,176837.25899998844,31271416170.62899,0.23730677898468303
Region Nordjylland,2025-07-09 02:00:00,168,75448981.512,7.518176e+07,267221.5119999945,71407336475.56322,0.3548034210250586
Region Nordjylland,2025-07-10 02:00:00,168,75361225.64999999,7.534163e+07,19593.64999999106,383911120.32214963,0.026003023838468087
Region Nordjylland,2025-07-11 02:00:00,168,74527367.735,7.457869e+07,51320.265000000596,2633769599.670286,0.06883726451890052
Region Nordjylland,2025-07-12 02:00:00,168,73615839.21000001,7.333861e+07,277231.21000000834,76857143798.06873,0.3773022392494743
Region Nordjylland,2025-07-13 02:00:00,168,73099655.78,7.279297e+07,306687.7800000012,94057394401.32913,0.4204294529139096
Region Nordjylland,2025-07-14 02:00:00,168,72923105.56899999,7.262898e+07,294129.5689999908,86512203360.12036,0.40415714544151893
Region Nordjylland,2025-07-15 02:00:00,168,71411628.92300001,7.081458e+07,597052.9230000079,356472192862.85333,0.8395821618431667
Region Nordjylland,2025-07-16 02:00:00,168,69919730.295,6.9583496e+07,336234.2950000018,113053501134.14822,0.48204518838723504
Region Nordjylland,2025-07-17 02:00:00,168,69131177.737,6.875675e+07,374425.73700000346,140194632527.99576,0.5430870384582073
Region Nordjylland,2025-07-18 02:00:00,168,68251608.877,6.785195e+07,399656.87700000405,159725619333.39636,0.5872834985723605
Region Nordjylland,2025-07-19 02:00:00,168,67735905.372,6.832353e+07,587622.6280000061,345300352937.63354,0.8637734458196479
Region Nordjylland,2025-07-20 02:00:00,168,67766093.82000001,6.741572e+07,350373.82000000775,122761813741.39783,0.5183741956096913
Region Nordjylland,2025-07-21 02:00:00,168,67880195.74000001,6.708814e+07,792055.7400000095,627352295266.9626,1.1736912004691353
Region Nordjylland,2025-07-22 02:00:00,168,68258953.32,6.837217e+07,113214.68000000715,12817563767.504019,0.165723122091416
Region Nordjylland,2025-07-23 02:00:00,168,69132486.419,6.861601e+07,516478.41899999976,266749957292.73932,0.7498861184340619
Region Nordjylland,2025-07-24 02:00:00,168,69489166.979,6.899424e+07,494926.97900000215,244952714542.06857,0.7147816331166003
Region Nordjylland,2025-07-25 02:00:00,168,69543892.274,6.877447e+07,769420.2740000039,592007558042.2411,1.1125352414894536
Region Nordjylland,2025-07-26 02:00:00,168,69970770.73200001,6.920447e+07,766298.7320000082,587213746664.8204,1.1011997780030691
Region Nordjylland,2025-07-27 02:00:00,168,69725624.572,6.8416824e+07,1308800.571999997,1712958937267.519,1.894856484055802
Region Nordjylland,2025-07-28 02:00:00,168,69496157.75999999,6.82643e+07,1231853.7599999905,1517463686026.114,1.7883995803470376
Region Nordjylland,2025-07-29 02:00:00,168,69786183.044,6.92132e+07,572983.0439999998,328309568711.5057,0.8244396938346453
Region Nordjylland,2025-07-30 02:00:00,168,69680139.281,6.906136e+07,618779.2810000032,382887798594.8809,0.8919887477167288
Region Nordjylland,2025-07-31 02:00:00,168,69615449.73099999,6.913447e+07,480977.7309999913,231339577717.9,0.6933016249659325
Region Nordjylland,2025-08-01 02:00:00,168,69535552.696,6.896988e+07,565672.6959999949,319985598999.9026,0.816823838587714
Region Nordjylland,2025-08-02 02:00:00,168,69275093.008,6.898476e+07,290333.0080000013,84293255534.32883,0.4199816529288542
Region Nordjylland,2025-08-03 02:00:00,168,69498705.384,6.859722e+07,901489.3840000033,812683109464.7054,1.3055988547167205
Region Nordjylland,2025-08-04 02:00:00,168,70134381.30000001,6.937637e+07,758013.3000000119,574584162976.9081,1.086673684720883
Region Nordjylland,2025-08-05 02:00:00,168,71113042.855,7.006593e+07,1047114.8550000042,1096449519561.6798,1.4833864401454793
Region Nordjylland,2025-08-06 02:00:00,168,72503003.542,7.125224e+07,1250763.5419999957,1564409437996.375,1.7401292797150298
Region Nordjylland,2025-08-07 02:00:00,168,73886290.356,7.235929e+07,1527002.3560000062,2331736195229.57,2.088271485764695
Region Nordjylland,2025-08-08 02:00:00,168,75676764.906,7.438636e+07,1290404.9060000032,1665144821428.8772,1.7198161197940087
Region Nordjylland,2025-08-09 02:00:00,168,76690962.772,7.591709e+07,773874.7719999999,598882162738.0518,1.0141991436037496
Region Nordjylland,2025-08-10 02:00:00,168,76884092.78199999,7.642937e+07,454724.78199999034,206774627364.93875,0.5931961612249744
Region Nordjylland,2025-08-11 02:00:00,168,77069337.20099999,7.665837e+07,410969.2009999901,168895684170.57028,0.5346716136335284
Region Nordjylland,2025-08-12 02:00:00,168,77234485.417,7.656362e+07,670869.4169999957,450065774665.9141,0.8724027290571501
Region Nordjylland,2025-08-13 02:00:00,168,76684337.64,7.613173e+07,552609.6400000006,305377414220.93024,0.7232350050181552
Region Nordjylland,2025-08-14 02:00:00,168,76244569.102,7.601547e+07,229097.1019999981,52485482144.79753,0.3009287273822873
Region Nordjylland,2025-08-15 02:00:00,168,76097199.35,7.596724e+07,129959.34999999404,16889432652.42095,0.17092668155093427
Region Nordjylland,2025-08-16 02:00:00,168,76538796.717,7.602735e+07,511444.7169999927,261575698547.20264,0.6704563512954482
Region Nordjylland,2025-08-17 02:00:00,168,76364334.237,7.5978456e+07,385878.23700000346,148902013790.23083,0.5065920565058469
Region Nordjylland,2025-08-18 02:00:00,168,76119544.761,7.590725e+07,212296.7610000074,45069914731.09426,0.27928861372976177
Region Nordjylland,2025-08-19 02:00:00,168,75797909.654,7.586511e+07,67202.34600000083,4516155307.903829,0.0886206080653127
Region Nordjylland,2025-08-20 02:00:00,168,75739665.447,7.564955e+07,90113.4469999969,8120433330.221251,0.1190486991341306
Region Nordjylland,2025-08-21 02:00:00,168,75612648.646,7.540289e+07,209760.64599999785,43999528610.33642,0.27780008687676155
Region Nordjylland,2025-08-22 02:00:00,168,75195420.51,7.52485e+07,53075.489999994636,2817007638.7395306,0.07055850609481669
Region Nordjylland,2025-08-23 02:00:00,168,74919473.116,7.499926e+07,79790.88400000334,6366585169.501988,0.1064455124622147
Region Nordjylland,2025-08-24 02:00:00,168,75362296.03,7.527013e+07,92168.03000000119,8494945754.08112,0.12237475509475301
Region Nordjylland,2025-08-25 02:00:00,168,75628890.66,7.549057e+07,138322.65999999642,19133158269.47461,0.1830639961610837
Region Nordjylland,2025-08-26 02:00:00,168,75647446.192,7.553246e+07,114982.19200000167,13220904477.125248,0.15211305768600222
Region Nordjylland,2025-08-27 02:00:00,168,75398931.683,7.541686e+07,17932.31700000167,321567992.9885489,0.023780422891105702
Region Nordjylland,2025-08-28 02:00:00,168,75864364.117,7.561126e+07,253100.1169999987,64059669225.413025,0.3341793265970204
Region Nordjylland,2025-08-29 02:00:00,168,75913470.835,7.5882904e+07,30566.834999993443,934331401.9168242,0.04027347165993794
Region Nordjylland,2025-08-30 02:00:00,168,75701556.38700001,7.5592584e+07,108972.38700000942,11874981128.479822,0.14405367811504866
Region Nordjylland,2025-08-31 02:00:00,168,75544879.583,7.546017e+07,84711.58300000429,7176052294.366616,0.11219702169683106
Region Nordjylland,2025-09-01 02:00:00,168,75395991.34,7.533604e+07,59951.340000003576,3594163167.7960286,0.07954691443754755
Region Nordjylland,2025-09-02 02:00:00,168,75678682.54200001,7.5692744e+07,14061.45799998939,197724601.08546564,0.01857874807843983
Region Nordjylland,2025-09-03 02:00:00,168,75813529.965,7.587444e+07,60910.034999996424,3710032363.7007895,0.08030964487698083
Region Nordjylland,2025-09-04 02:00:00,168,76786095.71900001,7.6291e+07,495095.7190000117,245119770972.13852,0.6468579988071463
Region Nordjylland,2025-09-05 02:00:00,168,77208722.62,7.669152e+07,517202.62000000477,267498550134.86932,0.6721271015498608
Region Nordjylland,2025-09-06 02:00:00,168,77086092.12099999,7.65391e+07,546988.1209999919,299196004515.10175,0.7121073037643734
Region Nordjylland,2025-09-07 02:00:00,168,77035666.064,7.6501096e+07,534570.0639999956,285765153324.95935,0.6963414583110281
Region Nordjylland,2025-09-08 02:00:00,168,77302983.109,7.6759704e+07,543279.1089999974,295152190275.83105,0.7052701977288311
Region Nordjylland,2025-09-09 02:00:00,168,77107997.675,7.639902e+07,708973.674999997,502643671843.0014,0.9237019483069806
Region Nordjylland,2025-09-10 02:00:00,168,77195637.154,7.646709e+07,728549.1539999992,530783869794.1145,0.9482444792904082
Region Nordjylland,2025-09-11 02:00:00,168,76251953.706,7.602543e+07,226521.70600000024,51312083289.15054,0.2975119449940424
Region Nordjylland,2025-09-12 02:00:00,168,76492535.389,7.60956e+07,396935.38899999857,157557703040.5802,0.5202703185120819
Region Nordjylland,2025-09-13 02:00:00,168,77655201.98900001,7.6843704e+07,811497.9890000075,658528986151.0563,1.050490272154787
Region Nordjylland,2025-09-14 02:00:00,168,78242432.833,7.726352e+07,978912.8330000043,958270334612.0942,1.2590036782080907
Region Nordjylland,2025-09-15 02:00:00,168,78310624.277,7.706653e+07,1244096.276999995,1547775546445.2485,1.6013889542550908
Region Nordjylland,2025-09-16 02:00:00,168,80762712.509,7.878158e+07,1981128.5090000033,3924870169172.576,2.4834839631992067
Region Nordjylland,2025-09-17 02:00:00,168,82821145.648,8.0383976e+07,2437169.648000002,5939795893132.453,2.9866337813300703
Region Nordjylland,2025-09-18 02:00:00,168,83851099.115,8.1387144e+07,2463955.1149999946,6071074808734.637,2.9823061157642163
Region Nordjylland,2025-09-19 02:00:00,168,84814969.208,8.212515e+07,2689817.2080000043,7235116612452.938,3.222493416844488
Region Nordjylland,2025-09-20 02:00:00,168,84542815.52499999,8.239895e+07,2143863.524999991,4596150813825.388,2.5683968209800363
Region Nordjylland,2025-09-21 02:00:00,168,84048178.51599999,8.204439e+07,2003786.5159999877,4015160401703.369,2.4128550840953595
Region Nordjylland,2025-09-22 02:00:00,168,84487066.14400001,8.268543e+07,1801634.1440000087,3245885588826.644,2.155419299229598
Region Nordjylland,2025-09-23 02:00:00,168,82738155.93699999,8.141337e+07,1324787.9369999915,1755063078020.6936,1.6141037319987772
Region Nordjylland,2025-09-24 02:00:00,168,80820486.26099999,7.9964344e+07,856142.2609999925,732979571070.1793,1.064954025339614
Region Nordjylland,2025-09-25 02:00:00,168,80519644.553,7.986427e+07,655372.5530000031,429513183225.7419,0.8172547061892339
Region Nordjylland,2025-09-26 02:00:00,168,79627381.093,7.874702e+07,880357.0929999948,775028611195.4014,1.1117416257797905
Region Nordjylland,2025-09-27 02:00:00,168,80613205.429,7.99012e+07,712005.4290000051,506951730925.4813,0.8871545542558109
Region Nordjylland,2025-09-28 02:00:00,168,81546119.59400001,8.044068e+07,1105439.5940000117,1221996695982.9106,1.364851453045137
Region Nordjylland,2025-09-29 02:00:00,168,81003127.53199999,7.988691e+07,1116215.5319999903,1245937113878.0215,1.3875508207305551
Region Nordjylland,2025-09-30 02:00:00,168,80681023.261,8.118542e+07,504400.7389999926,254420105503.73868,0.6232307529264252
Region Nordjylland,2025-10-01 02:00:00,168,80926078.295,8.10696e+07,143521.7049999982,20598479806.10651,0.17719201710880209
Region Nordjylland,2025-10-02 02:00:00,168,80685533.776,8.090274e+07,217202.2240000069,47176806110.54918,0.268834147801819
Region Nordjylland,2025-10-03 02:00:00,168,81157374.591,8.125834e+07,100961.4089999944,10193206107.264149,0.12432468340976983
Region Nordjylland,2025-10-04 02:00:00,168,82109355.026,8.149747e+07,611883.0259999931,374400837506.9082,0.7479920454697825
Region Nordjylland,2025-10-05 02:00:00,168,84314589.014,8.309478e+07,1219805.0139999986,1487924272179.5366,1.457272065522866
Region Nordjylland,2025-10-06 02:00:00,168,87213386.235,8.60882e+07,1125186.2349999994,1266044063433.4739,1.2985296435477827
Region Nordjylland,2025-10-07 02:00:00,168,87548679.314,8.6138136e+07,1410543.3139999956,1989632440670.09,1.6242376388212802
Region Nordjylland,2025-10-08 02:00:00,168,87636150.61400001,8.625716e+07,1378990.6140000075,1901615113500.1177,1.5860191621298467
Region Nordjylland,2025-10-09 02:00:00,168,87206892.189,8.598373e+07,1223164.1889999956,1496130633252.0168,1.412506275068681
Region Nordjylland,2025-10-10 02:00:00,168,87712312.681,8.614663e+07,1565680.6809999943,2451355994856.606,1.8010930457132794
Region Nordjylland,2025-10-11 02:00:00,168,86885334.13000001,8.598593e+07,899406.1300000101,808931386681.5951,1.040550197780881
Region Nordjylland,2025-10-12 02:00:00,168,84677408.56799999,8.4259416e+07,417992.5679999888,174717786903.22525,0.49485074561909925
Region Nordjylland,2025-10-13 02:00:00,168,81861833.135,8.133469e+07,527145.1350000054,277881993354.1739,0.6460249658924268
Region Nordjylland,2025-10-14 02:00:00,168,81392648.336,8.136599e+07,26656.33599999547,710560248.9446545,0.03275566316475237
Region Nordjylland,2025-10-15 02:00:00,168,81173722.919,8.127966e+07,105941.08100000024,11223512643.448612,0.1304264355569551
Region Nordjylland,2025-10-16 02:00:00,168,81371387.677,8.144555e+07,74164.32299999893,5500346806.04817,0.09110148261861184
Region Nordjylland,2025-10-17 02:00:00,168,80428535.611,8.069699e+07,268456.38899999857,72068832794.91855,0.33322638936286236
Region Nordjylland,2025-10-18 02:00:00,168,79901818.388,8.024954e+07,347717.61200000346,120907537694.98495,0.43423624274520356
Region Nordjylland,2025-10-19 02:00:00,168,79980868.76200001,8.046188e+07,481011.2379999906,231371811082.28357,0.5996048331402253
Region Nordjylland,2025-10-20 02:00:00,168,81626978.062,8.157921e+07,47770.06200000644,2281978823.484459,0.05853952371861589
Region Nordjylland,2025-10-21 02:00:00,168,83129088.554,8.327033e+07,141239.44599999487,19948581106.385468,0.1697595447447495
Region Nordjylland,2025-10-22 02:00:00,168,84648796.133,8.4748776e+07,99979.86699999869,9995973805.337427,0.1180416764432739
Region Nordjylland,2025-10-23 02:00:00,168,85138835.978,8.522165e+07,82812.02199999988,6857830987.728464,0.09721975433069803
Region Nordjylland,2025-10-24 02:00:00,168,86822733.85700001,8.64159e+07,406829.8570000082,165510532546.64716,0.4696756590014594
Region Nordjylland,2025-10-25 02:00:00,168,88575077.78999999,8.739853e+07,1176549.7899999917,1384269408349.0244,1.337188932076598
Region Nordjylland,2025-10-26 02:00:00,168,90057612.935,8.901582e+07,1041788.9350000024,1085324185088.4392,1.1635326297759623
Region Nordjylland,2025-10-27 01:00:00,168,90446874.62699999,8.9071e+07,1375874.6269999892,1893030989222.3594,1.532855299071209
Region Nordjylland,2025-10-28 01:00:00,168,90823852.543,8.958247e+07,1241380.5429999977,1541025652538.9692,1.3762051260061159
Region Nordjylland,2025-10-29 01:00:00,168,91316963.169,8.9512824e+07,1804139.1689999998,3254918141120.01,1.9954004229556344
Region Nordjylland,2025-10-30 01:00:00,168,92254728.751,9.057347e+07,1681256.751000002,2826624262783.083,1.8391656692938345
Region Nordjylland,2025-10-31 01:00:00,168,92135910.475,9.0397304e+07,1738606.474999994,3022752474911.905,1.9049754643291137
Region Nordjylland,2025-11-01 01:00:00,168,91319511.95500001,8.953073e+07,1788783.955000013,3199748037665.489,1.9781936208048234
Region Nordjylland,2025-11-02 01:00:00,168,91971049.574,9.001653e+07,1954521.574000001,3820154583231.4414,2.1479725155473877
Region Nordjylland,2025-11-03 01:00:00,168,91159388.86500001,8.956493e+07,1594460.8650000095,2542305450016.5786,1.7645227744211778
Region Nordjylland,2025-11-04 01:00:00,168,92021117.326,8.996275e+07,2058365.326000005,4236867815279.107,2.2621404123600826
Region Nordjylland,2025-11-05 01:00:00,168,92467648.426,9.033916e+07,2128488.425999999,4530462979615.953,2.3286752220299376
Region Nordjylland,2025-11-06 01:00:00,168,92508262.856,9.1057016e+07,1451246.8560000062,2106117437049.9028,1.5811779493860103
Region Nordjylland,2025-11-07 01:00:00,168,91516030.926,9.0234104e+07,1281926.925999999,1643336643603.8071,1.4106475646050427
Region Nordjylland,2025-11-08 01:00:00,168,90718716.205,8.956756e+07,1151156.2049999982,1325160608309.9978,1.2770314293818361
Region Nordjylland,2025-11-09 01:00:00,168,88738411.861,8.8394056e+07,344355.86100000143,118580959005.0523,0.3888116788055203
Region Nordjylland,2025-11-10 01:00:00,168,88310330.175,8.792388e+07,386450.174999997,149343737757.52832,0.438564311226808
Region Nordjylland,2025-11-11 01:00:00,168,86858823.88,8.6680856e+07,177967.87999999523,31672566311.692703,0.20510338629535016
Region Nordjylland,2025-11-12 01:00:00,168,86127983.225,8.536571e+07,762271.224999994,581057420462.9916,0.8889787160978636
Region Nordjylland,2025-11-13 01:00:00,168,87496157.361,8.6881064e+07,615093.3610000014,378339842746.2781,0.7054744377726034
Region Nordjylland,2025-11-14 01:00:00,168,89030887.221,8.76872e+07,1343687.2210000008,1805495347878.705,1.5207127262752829
Region Nordjylland,2025-11-15 01:00:00,168,89786693.97399999,8.8212344e+07,1574349.973999992,2478577840633.7754,1.7689421155522813
Region Nordjylland,2025-11-16 01:00:00,168,90948544.879,8.962981e+07,1318736.8789999932,1739066956034.6428,1.4605702820687907
Region Nordjylland,2025-11-17 01:00:00,168,91818985.857,9.0644504e+07,1174481.8569999933,1379407632422.1528,1.2873609486702864
Region Nordjylland,2025-11-18 01:00:00,168,92975815.361,9.110594e+07,1869879.3610000014,3496448824693.7734,2.031574935782753
Region Nordjylland,2025-11-19 01:00:00,168,93510065.79200001,9.246562e+07,1044449.7920000106,1090875368008.8655,1.1232111445281865
Region Nordjylland,2025-11-20 01:00:00,168,93013445.855,9.2494216e+07,519229.8550000042,269599642323.32535,0.5597934336597421
Region Nordjylland,2025-11-21 01:00:00,168,93391356.988,9.3139624e+07,251732.98800000548,63369497247.410904,0.2699101100167377
Region Nordjylland,2025-11-22 01:00:00,168,94217066.97600001,9.385173e+07,365338.97600001097,133472567384.73659,0.388516315050174
Region Nordjylland,2025-11-23 01:00:00,168,95836716.083,9.567068e+07,166036.0830000043,27567980857.984314,0.1733991338152221
Region Nordjylland,2025-11-24 01:00:00,168,97033361.915,9.6802824e+07,230537.91500000656,53147730252.55025,0.23786881062661927
Region Nordjylland,2025-11-25 01:00:00,168,97341887.673,9.755004e+07,208152.32700000703,43327391235.51786,0.21360795132495794
Region Nordjylland,2025-11-26 01:00:00,168,97406482.50899999,9.7363944e+07,42538.50899998844,1809524747.9420972,0.04368066524516524
Region Nordjylland,2025-11-27 01:00:00,168,97732134.36999999,9.758165e+07,150486.36999998987,22646147555.77385,0.15409703111981146
Region Nordjylland,2025-11-28 01:00:00,168,98852055.88599999,9.8671896e+07,180159.8859999925,32457584523.53029,0.18241826804272418
Region Nordjylland,2025-11-29 01:00:00,168,98910529.814,9.820168e+07,708849.8139999956,502468058807.82837,0.7192348101306195
Region Nordjylland,2025-11-30 01:00:00,168,96912036.085,9.6042024e+07,870012.0849999934,756921028046.0358,0.9017815791144652
Region Nordjylland,2025-12-01 01:00:00,168,96339883.526,9.548625e+07,853635.5259999931,728693611249.2849,0.8900096344634796
Region Nordjylland,2025-12-02 01:00:00,168,96354242.41700001,9.5910856e+07,443386.4170000106,196591514780.1073,0.4612240293746486
Region Nordjylland,2025-12-03 01:00:00,168,96372692.22000001,9.5813784e+07,558908.2200000137,312378398383.58374,0.5816311646821802
Region Nordjylland,2025-12-04 01:00:00,168,95283176.055,9.530084e+07,17663.944999992847,312014952.9627723,0.01853664894425907
Region Nordjylland,2025-12-05 01:00:00,168,93048003.723,9.35222e+07,474196.2769999951,224862109120.6561,0.5083301272522941
Region Nordjylland,2025-12-06 01:00:00,168,92138873.513,9.2429416e+07,290542.48700000346,84414936752.14717,0.3148346747608984
Region Nordjylland,2025-12-07 01:00:00,168,92897766.94500001,9.3021224e+07,123457.05499999225,15241644429.271112,0.13280736343552368
Region Nordjylland,2025-12-08 01:00:00,168,93238990.58700001,9.290272e+07,336270.5870000124,113077907681.3329,0.3613060027648604
Region Nordjylland,2025-12-09 01:00:00,168,94177386.33,9.480258e+07,625189.6700000018,390862123474.7111,0.6616465177490988
Region Nordjylland,2025-12-10 01:00:00,168,94230098.82599999,9.458037e+07,350269.1740000099,122688494254.6492,0.3710272845443507
Region Nordjylland,2025-12-11 01:00:00,168,95763010.91499999,9.5999384e+07,236373.08500000834,55872235312.42117,0.24652704729181377
Region Nordjylland,2025-12-12 01:00:00,168,97202271.35700001,9.713293e+07,69343.35700000823,4808501160.03059,0.07136469072967297
Region Nordjylland,2025-12-13 01:00:00,168,96725079.46900001,9.7476984e+07,751904.5309999883,565360423738.3124,0.7743527721269686
Region Nordjylland,2025-12-14 01:00:00,168,96214836.507,9.662539e+07,410555.4930000007,168555812832.47363,0.42579859625617256
Region Nordjylland,2025-12-15 01:00:00,168,97386630.777,9.760198e+07,215353.2230000049,46377010656.48984,0.2208879972261919
Region Nordjylland,2025-12-16 01:00:00,168,95834113.191,9.565945e+07,174665.19099999964,30507928947.066357,0.18242408769638438
Region Nordjylland,2025-12-17 01:00:00,168,94417870.671,9.4232e+07,185870.67100000381,34547906337.99166,0.19705358963553912
Region Nordjylland,2025-12-18 01:00:00,168,92384078.80600001,9.204805e+07,336030.8060000092,112916702581.01581,0.3643950886642135
Region Nordjylland,2025-12-19 01:00:00,168,92987999.09599999,9.3047896e+07,59896.90400001407,3587639108.786901,0.06439284630431724
Region Nordjylland,2025-12-20 01:00:00,168,94288667.739,9.469863e+07,409964.2610000074,168070695297.2822,0.43385376855078256
Region Nordjylland,2025-12-21 01:00:00,168,93447754.70099999,9.1857576e+07,1590178.70099999,2528668301114.016,1.716279499337046
Region Nordjylland,2025-12-22 01:00:00,168,92083198.78999999,9.190316e+07,180038.78999999166,32413965904.661095,0.19570884622537255
Region Nordjylland,2025-12-23 01:00:00,168,91928199.577,9.191636e+07,11839.577000007033,140175583.53909555,0.012879986252786814
Region Nordjylland,2025-12-24 01:00:00,168,93039387.83,9.351036e+07,470972.1700000018,221814784914.5106,0.5049293022140043
Region Sjælland,2024-12-31 01:00:00,24,15269650.152,1.5311754e+07,42103.8479999993,1772734016.4070451,0.27535588484249335
Region Sjælland,2025-01-01 01:00:00,24,14839954.521,1.4786273e+07,53681.52099999972,2881705696.8734107,0.36239187700795567
Region Sjælland,2025-01-02 01:00:00,24,14000424.928,1.4089646e+07,89221.07200000063,7960399688.829296,0.6352498876111107
Region Sjælland,2025-01-03 01:00:00,24,16179921.615000002,1.6012004e+07,167917.6150000021,28196325427.288925,1.0432281498672447
Region Sjælland,2025-01-04 01:00:00,24,17143054.688,1.7435014e+07,291959.311999999,85240239863.51276,1.688696466158162
Region Sjælland,2025-01-05 01:00:00,24,16309061.621,1.6392515e+07,83453.37900000066,6964466466.517751,0.5103936117037814
Region Sjælland,2025-01-06 01:00:00,24,16305794.902,1.6447228e+07,141433.0979999993,20003321209.877407,0.8636338601366956
Region Sjælland,2025-01-07 01:00:00,24,16904705.501,1.7154888e+07,250182.4990000017,62591282805.88585,1.4690868168620759
Region Sjælland,2025-01-08 01:00:00,24,17811989.012000002,1.7972964e+07,160974.98799999803,25912946761.59951,0.8996797505701195
Region Sjælland,2025-01-09 01:00:00,24,16971656.809,1.7432762e+07,461105.19099999964,212617997167.14615,2.680499813468014
Region Sjælland,2025-01-10 01:00:00,24,16807513.424,1.6889102e+07,81588.57600000128,6656695733.707985,0.484253833646989
Region Sjælland,2025-01-11 01:00:00,24,17327237.127,1.7273872e+07,53365.12700000033,2847836779.726164,0.30845905432758713
Region Sjælland,2025-01-12 01:00:00,24,16958476.079,1.7093838e+07,135361.9210000001,18322849656.810265,0.7950233319589729
Region Sjælland,2025-01-13 01:00:00,24,16325849.936999999,1.6562642e+07,236792.063000001,56070481099.79645,1.439969114142365
Region Sjælland,2025-01-14 01:00:00,24,18495800.687,1.8409824e+07,85976.68699999899,7391990707.495794,0.46592728197490324
Region Sjælland,2025-01-15 01:00:00,24,17363394.023000002,1.76566e+07,293205.9769999981,85969744948.5234,1.67450615101436
Region Sjælland,2025-01-16 01:00:00,24,16152510.213,1.6028785e+07,123725.21299999952,15307928331.89525,0.7689262484999008
Region Sjælland,2025-01-17 01:00:00,24,16637210.917,1.6991344e+07,354133.08300000057,125410240475.0853,2.106145113128119
Region Sjælland,2025-01-18 01:00:00,24,16550372.801,1.6565359e+07,14986.198999999091,224586160.46757376,0.0905080346105868
Region Sjælland,2025-01-19 01:00:00,24,15429399.27,1.5511479e+07,82079.73000000045,6737082076.872973,0.5305585011759942
Region Sjælland,2025-01-20 01:00:00,24,16424273.956,1.6382515e+07,41758.95600000024,1743810406.209956,0.2545750884428632
Region Sjælland,2025-01-21 01:00:00,24,16837666.109,1.6748638e+07,89028.1090000011,7926004192.116077,0.5301453158470305
Region Sjælland,2025-01-22 01:00:00,24,17330105.899,1.7245446e+07,84659.89900000021,7167298498.690236,0.4897096031745411
Region Sjælland,2025-01-23 01:00:00,24,17294584.057,1.7182982e+07,111602.05700000003,12455019126.631256,0.647389417312661
Region Sjælland,2025-01-24 01:00:00,24,17332662.327,1.745416e+07,121497.67300000042,14761684544.41503,0.6985269988612859
Region Sjælland,2025-01-25 01:00:00,24,17087715.43,1.7113452e+07,25736.570000000298,662371035.3649154,0.15050111989700757
Region Sjælland,2025-01-26 01:00:00,24,15225484.551,1.5404499e+07,179014.4489999991,32046172950.773277,1.168883742310431
Region Sjælland,2025-01-27 01:00:00,24,15516958.269,1.5583449e+07,66490.73100000061,4421017308.914442,0.4275875259439234
Region Sjælland,2025-01-28 01:00:00,24,16586100.199,1.6574165e+07,11935.198999999091,142448975.1695793,0.0719849429935139
Region Sjælland,2025-01-29 01:00:00,24,15973571.177000001,1.5987328e+07,13756.822999998927,189250179.0532995,0.08608533147840058
Region Sjælland,2025-01-30 01:00:00,24,16275423.055,1.6351087e+07,75663.9450000003,5725032572.96307,0.46381880791080704
Region Sjælland,2025-01-31 01:00:00,24,16302818.938000001,1.6275032e+07,27786.938000001013,772113923.4159003,0.1705879129527805
Region Sjælland,2025-02-01 01:00:00,24,16635839.537999999,1.6638038e+07,2198.462000001222,4833235.1654493725,0.013214342076546367
Region Sjælland,2025-02-02 01:00:00,24,15367158.357,1.539247e+07,25311.642999999225,640679271.3594098,0.16457704043904045
Region Sjælland,2025-02-03 01:00:00,24,15723677.377,1.5679729e+07,43948.37700000033,1931459840.9341578,0.2798956041417744
Region Sjælland,2025-02-04 01:00:00,24,17127151.509,1.7032436e+07,94715.50899999961,8971027645.129007,0.5545471471225757
Region Sjælland,2025-02-05 01:00:00,24,17218563.456,1.725135e+07,32786.54399999976,1074957467.4639204,0.19023281878471196
Region Sjælland,2025-02-06 01:00:00,24,16293203.656000001,1.6293111e+07,92.656000001356,8585.134336251283,0.0005686804474791725
Region Sjælland,2025-02-07 01:00:00,24,16468302.977,1.6437859e+07,30443.976999999955,926835735.5765263,0.1850351130057586
Region Sjælland,2025-02-08 01:00:00,24,17026167.884999998,1.6999532e+07,26635.884999997914,709470369.7331139,0.15656333353918853
Region Sjælland,2025-02-09 01:00:00,24,16323679.213,1.630074e+07,22939.212999999523,526207493.05934715,0.14062603137994764
Region Sjælland,2025-02-10 01:00:00,24,15824935.792,1.5716366e+07,108569.79199999943,11787399734.923141,0.6884293661432618
Region Sjælland,2025-02-11 01:00:00,24,17666044.771,1.7447424e+07,218620.77100000158,47795041512.63513,1.2452245742269652
Region Sjælland,2025-02-12 01:00:00,24,17675290.112,1.7834492e+07,159201.88800000027,25345241142.76463,0.8966649668413502
Region Sjælland,2025-02-13 01:00:00,24,18241588.739,1.7988468e+07,253120.73900000006,64070108511.90615,1.397296950559435
Region Sjælland,2025-02-14 01:00:00,24,18449022.32,1.799149e+07,457532.3200000003,209335823844.58267,2.511119031380294
Region Sjælland,2025-02-15 01:00:00,24,17641073.428999998,1.775923e+07,118156.57100000232,13960975270.47859,0.6675455267607013
Region Sjælland,2025-02-16 01:00:00,24,17110380.741,1.6917882e+07,192498.7410000004,37055765286.58523,1.131405046829278
Region Sjælland,2025-02-17 01:00:00,24,17869865.386,1.7635266e+07,234599.38599999994,55036871911.576965,1.32149566466612
Region Sjælland,2025-02-18 01:00:00,24,18693330.576,1.8584286e+07,109044.57600000128,11890719555.020056,0.5850404935502562
Region Sjælland,2025-02-19 01:00:00,24,18001369.21,1.778379e+07,217579.2100000009,47340712624.22449,1.2160304148609147
Region Sjælland,2025-02-20 01:00:00,24,17929428.709999997,1.771876e+07,210668.70999999717,44381305373.062904,1.181932196969663
Region Sjælland,2025-02-21 01:00:00,24,17768309.738,1.7752698e+07,15611.738000001758,243726363.3806989,0.08790143632834202
Region Sjælland,2025-02-22 01:00:00,24,16914182.929,1.6992352e+07,78169.0709999986,6110403661.002822,0.4610855763567936
Region Sjælland,2025-02-23 01:00:00,24,14526536.145,1.4763289e+07,236752.85500000045,56051914350.65124,1.6166218393448895
Region Sjælland,2025-02-24 01:00:00,24,14147206.651,1.4361796e+07,214589.34899999946,46048588704.24357,1.5054146342960362
Region Sjælland,2025-02-25 01:00:00,24,15471553.193,1.5424244e+07,47309.19299999997,2238159742.3112464,0.30625002296894105
Region Sjælland,2025-02-26 01:00:00,24,15199617.272,1.5078777e+07,120840.27199999988,14602371337.033955,0.798194718745354
Region Sjælland,2025-02-27 01:00:00,24,15650826.554000001,1.5422938e+07,227888.5540000014,51933193044.211555,1.4667585808856636
Region Sjælland,2025-02-28 01:00:00,24,15929777.151999999,1.5737918e+07,191859.15199999884,36809934206.15866,1.211702658365914
Region Sjælland,2025-03-01 01:00:00,24,15984398.256000001,1.5940653e+07,43745.25600000098,1913647422.5056221,0.2740497150605482
Region Sjælland,2025-03-02 01:00:00,24,14959267.966,1.4886068e+07,73199.96600000001,5358235022.401158,0.4905286781384528
Region Sjælland,2025-03-03 01:00:00,24,14938950.186999999,1.4921556e+07,17394.186999998987,302557741.39093375,0.11650296141042431
Region Sjælland,2025-03-04 01:00:00,24,15839683.278,1.5660521e+07,179162.27800000086,32099121858.149593,1.1375308961099613
Region Sjælland,2025-03-05 01:00:00,24,16113353.253999999,1.5881894e+07,231459.2539999988,53573386262.235954,1.4468352262604383
Region Sjælland,2025-03-06 01:00:00,24,16154618.993,1.6012275e+07,142343.99300000072,20261812343.184254,0.8850341163245472
Region Sjælland,2025-03-07 01:00:00,24,14725487.188,1.4666069e+07,59418.18799999915,3530521065.2032433,0.40432148348959107
Region Sjælland,2025-03-08 01:00:00,24,13974256.408,1.4015907e+07,41650.59200000018,1734771813.9504788,0.2976087805767924
Region Sjælland,2025-03-09 01:00:00,24,12850531.999,1.3006385e+07,155853.00100000016,24290157920.70605,1.2055033552996879
Region Sjælland,2025-03-10 01:00:00,24,12913672.297,1.3043614e+07,129941.70299999975,16884846178.540144,1.00119636169377
Region Sjælland,2025-03-11 01:00:00,24,14197074.270000001,1.4162797e+07,34277.270000001416,1174931238.652997,0.2417307869536138
Region Sjælland,2025-03-12 01:00:00,24,15586390.981999999,1.5527493e+07,58897.98199999891,3468972283.672196,0.3785961407715769
Region Sjælland,2025-03-13 01:00:00,24,15321886.497000001,1.5321659e+07,227.4970000013709,51754.88500962375,0.0014847955503297936
Region Sjælland,2025-03-14 01:00:00,24,15625491.293,1.5569915e+07,55576.2929999996,3088724343.621804,0.3563107495892463
Region Sjælland,2025-03-15 01:00:00,24,15828125.147,1.57914e+07,36725.14699999988,1348736422.1716003,0.2322941083350475
Region Sjælland,2025-03-16 01:00:00,24,14331604.083999999,1.4451401e+07,119796.91600000113,14351301083.111328,0.8324142364592381
Region Sjælland,2025-03-17 01:00:00,24,14537827.751,1.456103e+07,23202.248999999836,538344358.6579934,0.15947188854313346
Region Sjælland,2025-03-18 01:00:00,24,15238531.551,1.5173345e+07,65186.55100000091,4249286431.2757196,0.42869140870465267
Region Sjælland,2025-03-19 01:00:00,24,15554988.042,1.544966e+07,105328.04199999943,11093996431.553644,0.6794338826702262
Region Sjælland,2025-03-20 01:00:00,24,14899975.51,1.4827514e+07,72461.50999999978,5250670431.480067,0.48750507489456535
Region Sjælland,2025-03-21 01:00:00,24,14572065.058,1.460442e+07,32354.941999999806,1046842271.8233515,0.22178779887763278
Region Sjælland,2025-03-22 01:00:00,24,14559792.767,1.4368265e+07,191527.76700000092,36682885532.006645,1.3241660988280266
Region Sjælland,2025-03-23 01:00:00,24,14365274.667,1.4435853e+07,70578.33300000057,4981301089.058969,0.49010812226542366
Region Sjælland,2025-03-24 01:00:00,24,13460260.478,1.3553812e+07,93551.52199999988,8751887268.516462,0.6926132450128527
Region Sjælland,2025-03-25 01:00:00,24,13853936.360000001,1.3875721e+07,21784.639999998733,474570539.9295448,0.15712159524497443
Region Sjælland,2025-03-26 01:00:00,24,14768808.127,1.4678276e+07,90532.12700000033,8196066019.144188,0.6148800785133868
Region Sjælland,2025-03-27 01:00:00,24,13844210.233,1.3866995e+07,22784.767000000924,519145607.2443311,0.16444443183487087
Region Sjælland,2025-03-28 01:00:00,24,14370492.178,1.4379714e+07,9221.822000000626,85042000.99969554,0.06415134516188113
Region Sjælland,2025-03-29 01:00:00,24,13707606.563000001,1.3655918e+07,51688.56300000101,2671707545.0050735,0.3777917050195535
Region Sjælland,2025-03-30 01:00:00,24,12649230.568,1.2518376e+07,130854.56799999997,17122917966.466616,1.0398650157411344
Region Sjælland,2025-03-31 02:00:00,24,13615886.537,1.3493212e+07,122674.53700000048,15049042028.164486,0.9050432778689964
Region Sjælland,2025-04-01 02:00:00,24,13995691.114,1.3966665e+07,29026.11400000006,842515293.9409995,0.20760849966764755
Region Sjælland,2025-04-02 02:00:00,24,13763771.674999999,1.3816867e+07,53095.32500000112,2819113536.855744,0.38501882154113043
Region Sjælland,2025-04-03 02:00:00,24,13614716.085,1.3639549e+07,24832.914999999106,616673667.3971806,0.18223140431452295
Region Sjælland,2025-04-04 02:00:00,24,13171905.708,1.3203958e+07,32052.291999999434,1027349422.4532278,0.24304259648018828
Region Sjælland,2025-04-05 02:00:00,24,13066849.863,1.3067573e+07,723.1370000001043,522927.12076915085,0.005533981016461556
Region Sjælland,2025-04-06 02:00:00,24,13113349.882,1.3026826e+07,86523.88199999928,7486382156.3498,0.6619992335979592
Region Sjælland,2025-04-07 02:00:00,24,13097071.44,1.3107622e+07,10550.560000000522,111314316.313611,0.08052420093490338
Region Sjælland,2025-04-08 02:00:00,24,13451627.357,1.346038e+07,8752.642999999225,76608759.48543544,0.0650463778780337
Region Sjælland,2025-04-09 02:00:00,24,13548700.838,1.3488041e+07,60659.83799999952,3679615946.1861863,0.4487215091482838
Region Sjælland,2025-04-10 02:00:00,24,13760714.422,1.3733946e+07,26768.422000000253,716548416.3700975,0.1947172402870003
Region Sjælland,2025-04-11 02:00:00,24,14039734.050999999,1.3992428e+07,47306.050999999046,2237862461.214511,0.33751268213941765
Region Sjælland,2025-04-12 02:00:00,24,13823041.178,1.3875937e+07,52895.822000000626,2797967985.0557504,0.3819333815137867
Region Sjælland,2025-04-13 02:00:00,24,12773873.700000001,1.2715033e+07,58840.70000000112,3462227976.4901314,0.4616965387534736
Region Sjælland,2025-04-14 02:00:00,24,12610512.578,1.2650706e+07,40193.42200000025,1615511172.0701044,0.31822235238489016
Region Sjælland,2025-04-15 02:00:00,24,13356722.966,1.3385345e+07,28622.033999999985,819220830.2971551,0.21405998994834793
Region Sjælland,2025-04-16 02:00:00,24,13687109.673,1.3730686e+07,43576.32699999958,1898896274.8108926,0.3178689309652408
Region Sjælland,2025-04-17 02:00:00,24,12770972.890999999,1.2695577e+07,75395.8909999989,5684540379.683715,0.5921170423375187
Region Sjælland,2025-04-18 02:00:00,24,11407022.068,1.154517e+07,138147.93200000003,19084851115.876633,1.2037885670415436
Region Sjælland,2025-04-19 02:00:00,24,12071195.083999999,1.2175291e+07,104095.91600000113,10835959727.879292,0.8586474397928774
Region Sjælland,2025-04-20 02:00:00,24,13018314.394,1.2813309e+07,205005.3939999994,42027211569.094986,1.587243595751839
Region Sjælland,2025-04-21 02:00:00,24,12613277.799,1.2568259e+07,45018.79900000058,2026692263.4024534,0.3575540234842883
Region Sjælland,2025-04-22 02:00:00,24,12281708.682,1.2315137e+07,33428.31799999997,1117452444.309122,0.27180979571264985
Region Sjælland,2025-04-23 02:00:00,24,13097565.179,1.3090644e+07,6921.178999999538,47902718.75003461,0.05285721488393751
Region Sjælland,2025-04-24 02:00:00,24,12978112.143000001,1.2927354e+07,50758.14300000109,2576389080.8085594,0.3918720683875176
Region Sjælland,2025-04-25 02:00:00,24,12937754.193,1.2972213e+07,34458.80700000003,1187409379.863251,0.265988812284638
Region Sjælland,2025-04-26 02:00:00,24,12686491.455,1.2814328e+07,127836.54499999993,16342182237.537006,1.0026073493488048
Region Sjælland,2025-04-27 02:00:00,24,11963030.808,1.1879148e+07,83882.8080000002,7036325477.964896,0.7036505235155285
Region Sjælland,2025-04-28 02:00:00,24,11919496.037,1.1932239e+07,12742.962999999523,162383106.01935685,0.10685145529440104
Region Sjælland,2025-04-29 02:00:00,24,12512168.131,1.2502748e+07,9420.13099999912,88738868.05714443,0.07531611100086899
Region Sjælland,2025-04-30 02:00:00,24,12160058.809,1.2209747e+07,49688.19099999964,2468916324.8524456,0.40778487435996985
Region Sjælland,2025-05-01 02:00:00,24,11952539.728999998,1.1960906e+07,8366.27100000158,69994490.44546743,0.06997127134928736
Region Sjælland,2025-05-02 02:00:00,24,11598537.244,1.1613784e+07,15246.75599999912,232463568.5235092,0.13136778385694756
Region Sjælland,2025-05-03 02:00:00,24,11810648.125,1.1829325e+07,18676.875,348825659.765625,0.15801096643590198
Region Sjælland,2025-05-04 02:00:00,24,11950086.408,1.1744917e+07,205169.40799999982,42094485979.07039,1.7317525088916401
Region Sjælland,2025-05-05 02:00:00,24,12083173.431,1.2049518e+07,33655.430999999866,1132688035.795752,0.278919830357316
Region Sjælland,2025-05-06 02:00:00,24,12569307.738,1.251621e+07,53097.737999999896,2819369780.716633,0.4233338020332463
Region Sjælland,2025-05-07 02:00:00,24,12479854.084,1.2529344e+07,49489.91599999927,2449251785.6869836,0.39577371360548474
Region Sjælland,2025-05-08 02:00:00,24,12497877.963,1.2520057e+07,22179.037000000477,491909682.24739015,0.17730509758540758
Region Sjælland,2025-05-09 02:00:00,24,12422961.848,1.2428798e+07,5836.1520000007,34060670.16711217,0.0469677160546872
Region Sjælland,2025-05-10 02:00:00,24,12253253.315000001,1.2316583e+07,63329.68499999866,4010649002.199055,0.5155075857085428
Region Sjælland,2025-05-11 02:00:00,24,11743487.192,1.1658263e+07,85224.1919999998,7263162902.052831,0.7283574202850357
Region Sjælland,2025-05-12 02:00:00,24,11689077.065,1.1666168e+07,22909.06499999948,524825259.17420113,0.19617918746937785
Region Sjælland,2025-05-13 02:00:00,24,12623243.802,1.2621815e+07,1428.8019999992102,2041475.1552017431,0.011319458680650929
Region Sjælland,2025-05-14 02:00:00,24,12374297.66,1.2462402e+07,88104.33999999985,7762374726.835574,0.7094689810328837
Region Sjælland,2025-05-15 02:00:00,24,12548958.798,1.2505808e+07,43150.79800000042,1861991368.03684,0.3444518031071432
Region Sjælland,2025-05-16 02:00:00,24,12662201.550999999,1.2652528e+07,9673.550999999046,93577588.94958255,0.07642626385172593
Region Sjælland,2025-05-17 02:00:00,24,13183529.055000002,1.3056699e+07,126830.05500000156,16085862851.303421,0.9666840908102128
Region Sjælland,2025-05-18 02:00:00,24,12946047.867999999,1.2701745e+07,244302.86799999885,59683891313.024864,1.9050595835465312
Region Sjælland,2025-05-19 02:00:00,24,12957364.728,1.286757e+07,89794.72800000012,8063093176.594006,0.6954110741867051
Region Sjælland,2025-05-20 02:00:00,24,13770828.708,1.3611149e+07,159679.70800000057,25497609146.965446,1.166312453416015
Region Sjælland,2025-05-21 02:00:00,24,13496482.988,1.3430561e+07,65921.9879999999,4345708501.87213,0.48963404991188747
Region Sjælland,2025-05-22 02:00:00,24,13739266.511,1.3606031e+07,133235.51099999994,17751701391.431107,0.9744674450618372
Region Sjælland,2025-05-23 02:00:00,24,14776268.117,1.4618153e+07,158115.11700000055,25000390223.923862,1.0758171856533423
Region Sjælland,2025-05-24 02:00:00,24,14634921.463,1.4519703e+07,115218.46299999952,13275294216.082258,0.7903957956736691
Region Sjælland,2025-05-25 02:00:00,24,13442848.188,1.3194172e+07,248676.18799999915,61839846478.21092,1.8671471977336862
Region Sjælland,2025-05-26 02:00:00,24,13680018.508000001,1.3654312e+07,25706.50800000131,660824553.5541314,0.18808953811748
Region Sjælland,2025-05-27 02:00:00,24,13636464.452,1.3615681e+07,20783.451999999583,431951877.03628665,0.15252708845698834
Region Sjælland,2025-05-28 02:00:00,24,14638538.224,1.4466117e+07,172421.22399999946,29729078485.65799,1.18483605232897
Region Sjælland,2025-05-29 02:00:00,24,14159943.061,1.412126e+07,38683.061000000685,1496379208.3297741,0.27356022243159045
Region Sjælland,2025-05-30 02:00:00,24,13197213.347000001,1.3256816e+07,59602.652999999,3552476244.63829,0.4506130405934413
Region Sjælland,2025-05-31 02:00:00,24,13396880.875,1.3466517e+07,69636.125,4849189905.015625,0.5184461423981347
Region Sjælland,2025-06-01 02:00:00,24,11987465.16,1.19871e+07,365.160000000149,133341.82560010883,0.003046228347110084
Region Sjælland,2025-06-02 02:00:00,24,12109955.500999998,1.2162512e+07,52556.4990000017,2762185587.1371794,0.4330544391322096
Region Sjælland,2025-06-03 02:00:00,24,12745120.142,1.2657534e+07,87586.14200000092,7671332270.444325,0.6895826043247077
Region Sjælland,2025-06-04 02:00:00,24,13419464.937,1.3258034e+07,161430.93700000085,26059947420.698242,1.2102404155743878
Region Sjælland,2025-06-05 02:00:00,24,13341367.032,1.3283087e+07,58280.03199999966,3396562129.9209843,0.4377932552528795
Region Sjælland,2025-06-06 02:00:00,24,12494990.113,1.2537927e+07,42936.887000000104,1843576265.250778,0.34304341604440725
Region Sjælland,2025-06-07 02:00:00,24,13476765.456999999,1.3446687e+07,30078.45699999854,904713575.5007612,0.22343684969851071
Region Sjælland,2025-06-08 02:00:00,24,12128916.461000001,1.2059216e+07,69700.46100000106,4858154263.612668,0.5763194914893356
Region Sjælland,2025-06-09 02:00:00,24,12351912.751,1.2292444e+07,59468.751000000164,3536532345.5000205,0.4826155667267484
Region Sjælland,2025-06-10 02:00:00,24,12407174.163999999,1.2463174e+07,55999.83600000106,3135981632.0270143,0.45033415399516774
Region Sjælland,2025-06-11 02:00:00,24,14168118.233000001,1.401502e+07,153098.23300000094,23439068947.722576,1.0864526990165788
Region Sjælland,2025-06-12 02:00:00,24,13742738.173,1.359654e+07,146198.17300000042,21373905788.53805,1.0695101170914183
Region Sjælland,2025-06-13 02:00:00,24,13295707.978999998,1.3246379e+07,49328.97899999842,2433348169.1822853,0.37170384558702807
Region Sjælland,2025-06-14 02:00:00,24,12069624.808,1.2252243e+07,182618.1919999998,33349404049.348793,1.5016790111813096
Region Sjælland,2025-06-15 02:00:00,24,11071864.066,1.1145033e+07,73168.93400000036,5353692902.696408,0.6586782464053061
Region Sjælland,2025-06-16 02:00:00,24,11146125.132000001,1.1116762e+07,29363.132000001147,862193520.8494914,0.2637854814238848
Region Sjælland,2025-06-17 02:00:00,24,12325373.777999999,1.2277911e+07,47462.777999999,2252715295.477189,0.3858247256678484
Region Sjælland,2025-06-18 02:00:00,24,12357961.067,1.241177e+07,53808.933000000194,2895401270.59851,0.4344732920551429
Region Sjælland,2025-06-19 02:00:00,24,12372575.094,1.2350243e+07,22332.094000000507,498722422.4248586,0.1806597768514124
Region Sjælland,2025-06-20 02:00:00,24,12427250.052,1.2473402e+07,46151.94800000079,2130002304.194777,0.37068867034985054
Region Sjælland,2025-06-21 02:00:00,24,11890312.289,1.1907993e+07,17680.710999999195,312607541.46549255,0.14858798376850416
Region Sjælland,2025-06-22 02:00:00,24,11070745.196,1.1083297e+07,12551.803999999538,157547783.6544044,0.11331389449340144
Region Sjælland,2025-06-23 02:00:00,24,11340131.004999999,1.1278515e+07,61616.00499999896,3796532072.1598964,0.5448248757806134
Region Sjælland,2025-06-24 02:00:00,24,12505135.604,1.2455149e+07,49986.60400000028,2498660579.452844,0.40052911890267223
Region Sjælland,2025-06-25 02:00:00,24,12819337.474,1.2772132e+07,47205.47399999946,2228356775.5646253,0.3689156970681852
Region Sjælland,2025-06-26 02:00:00,24,12369078.258000001,1.2368813e+07,265.2580000013113,70361.80656469567,0.0021445481931733315
Region Sjælland,2025-06-27 02:00:00,24,12430059.374,1.2429295e+07,764.3739999998361,584267.6118757494,0.006149588509018421
Region Sjælland,2025-06-28 02:00:00,24,12410064.412999999,1.2368462e+07,41602.41299999878,1730760767.4224672,0.335794084818314
Region Sjælland,2025-06-29 02:00:00,24,11398137.174,1.1319955e+07,78182.17400000058,6112452331.366367,0.6882811584810552
Region Sjælland,2025-06-30 02:00:00,24,11056449.488,1.1106867e+07,50417.512000000104,2541925516.2701545,0.4549636064376731
Region Sjælland,2025-07-01 02:00:00,24,11761452.094,1.1720729e+07,40723.09400000051,1658370384.9328773,0.34684251720046383
Region Sjælland,2025-07-02 02:00:00,24,11770309.531,1.1784685e+07,14375.469000000507,206654108.96997556,0.1220587759515834
Region Sjælland,2025-07-03 02:00:00,24,12054801.407,1.2077633e+07,22831.593000000343,521281638.91766465,0.18921914478199245
Region Sjælland,2025-07-04 02:00:00,24,12034775.212000001,1.2081585e+07,46809.78799999878,2191156252.60483,0.3881994429383818
Region Sjælland,2025-07-05 02:00:00,24,11602113.084999999,1.1580633e+07,21480.08499999903,461394051.6071834,0.18531096291390048
Region Sjælland,2025-07-06 02:00:00,24,10904588.594,1.0922783e+07,18194.405999999493,331036409.69281757,0.16671183629824535
Region Sjælland,2025-07-07 02:00:00,24,10495486.805,1.0465934e+07,29552.804999999702,873368283.3680074,0.28197330013956273
Region Sjælland,2025-07-08 02:00:00,24,11416051.678,1.1407019e+07,9032.677999999374,81589271.8516727,0.07915392391705035
Region Sjælland,2025-07-09 02:00:00,24,11400609.464000002,1.138796e+07,12649.46400000155,160008939.4873352,0.11101586714325709
Region Sjælland,2025-07-10 02:00:00,24,11656803.825,1.1638202e+07,18601.824999999255,346027893.3305973,0.15970654946165275
Region Sjælland,2025-07-11 02:00:00,24,11725169.553,1.1714582e+07,10587.552999999374,112096278.52779575,0.0903384404570986
Region Sjælland,2025-07-12 02:00:00,24,11659013.983000001,1.1679675e+07,20661.01699999906,426877623.4742502,0.17705379265346594
Region Sjælland,2025-07-13 02:00:00,24,11121944.944,1.1047033e+07,74911.94400000013,5611799353.859156,0.6758267718902661
Region Sjælland,2025-07-14 02:00:00,24,10715986.345999999,1.0693867e+07,22119.345999998972,489265467.4676705,0.20662772082118466
Region Sjælland,2025-07-15 02:00:00,24,11308642.068,1.1294019e+07,14623.06799999997,213834117.73262313,0.1293924459248983
Region Sjælland,2025-07-16 02:00:00,24,11600269.975,1.1578692e+07,21577.974999999627,465609005.10060894,0.18618586132780973
Region Sjælland,2025-07-17 02:00:00,24,11389151.966,1.1391093e+07,1941.033999999985,3767612.989155942,0.01704137951893862
Region Sjælland,2025-07-18 02:00:00,24,11586009.748000002,1.1578181e+07,7828.748000001535,61289295.24752803,0.06759353767346671
Region Sjælland,2025-07-19 02:00:00,24,11500650.643,1.1475096e+07,25554.642999999225,653039778.8574094,0.22244885789411273
Region Sjælland,2025-07-20 02:00:00,24,11087718.707,1.1056782e+07,30936.707000000402,957079840.003874,0.27940758212914807
Region Sjælland,2025-07-21 02:00:00,24,11077866.972,1.1029017e+07,48849.971999999136,2386319764.4006996,0.4419435327192311
Region Sjælland,2025-07-22 02:00:00,24,11811686.136,1.1788761e+07,22925.13599999994,525561860.61849326,0.19427713269915176
Region Sjælland,2025-07-23 02:00:00,24,12629175.221,1.2521258e+07,107917.22100000083,11646126588.363022,0.8581738537202818
Region Sjælland,2025-07-24 02:00:00,24,12198211.890999999,1.2203402e+07,5190.109000001103,26937231.431892447,0.04253906338478178
Region Sjælland,2025-07-25 02:00:00,24,11987503.680000002,1.1976475e+07,11028.680000001565,121631782.54243451,0.0920438141534982
Region Sjælland,2025-07-26 02:00:00,24,11889634.925999999,1.1895976e+07,6341.074000000954,40209219.47348809,0.053318571633319205
Region Sjælland,2025-07-27 02:00:00,24,10977150.308,1.1011633e+07,34482.691999999806,1189056047.5668507,0.31363892687463296
Region Sjælland,2025-07-28 02:00:00,24,11354791.518,1.1336786e+07,18005.517999999225,324198678.44829607,0.15869780746372897
Region Sjælland,2025-07-29 02:00:00,24,12300597.039,1.2212964e+07,87633.0390000008,7679549524.375662,0.7149759992893768
Region Sjælland,2025-07-30 02:00:00,24,12491408.393,1.2562288e+07,70879.60700000077,5023918688.474559,0.5658215529410225
Region Sjælland,2025-07-31 02:00:00,24,12729311.831,1.2760407e+07,31095.16899999976,966909535.1385462,0.24398204786929656
Region Sjælland,2025-08-01 02:00:00,24,12570410.03,1.2562833e+07,7577.029999999329,57411383.620889835,0.06029488507277072
Region Sjælland,2025-08-02 02:00:00,24,12545365.728,1.2512806e+07,32559.72800000012,1060135887.4339918,0.2598731332311677
Region Sjælland,2025-08-03 02:00:00,24,12213834.433,1.2059297e+07,154537.4330000002,23881818198.22955,1.2733209427597978
Region Sjælland,2025-08-04 02:00:00,24,12532628.758000001,1.2424338e+07,108290.75800000131,11726888268.214848,0.8678198680958575
Region Sjælland,2025-08-05 02:00:00,24,13165328.559999999,1.3114321e+07,51007.55999999866,2601771177.1534634,0.3881905645928915
Region Sjælland,2025-08-06 02:00:00,24,13435262.040000001,1.3389751e+07,45511.04000000097,2071254761.881688,0.3393179338413546
Region Sjælland,2025-08-07 02:00:00,24,12613227.715,1.2682373e+07,69145.28500000015,4781070437.731246,0.5466981059595694
Region Sjælland,2025-08-08 02:00:00,24,12418892.484000001,1.2510507e+07,91614.5159999989,8393219541.914054,0.7349917599001792
Region Sjælland,2025-08-09 02:00:00,24,12220341.131,1.2304302e+07,83960.86900000088,7049427523.235309,0.6847061427276913
Region Sjælland,2025-08-10 02:00:00,24,11202228.285,1.1275437e+07,73208.71499999985,5359515951.951203,0.6513907389559196
Region Sjælland,2025-08-11 02:00:00,24,11587256.727,1.1565563e+07,21693.726999999955,470617791.15052706,0.1873959824833042
Region Sjælland,2025-08-12 02:00:00,24,12286055.561999999,1.2305584e+07,19528.438000001013,381359890.71988356,0.15882176502112652
Region Sjælland,2025-08-13 02:00:00,24,12443720.206999999,1.2461302e+07,17581.79300000146,309119445.09490037,0.1411907434080487
Region Sjælland,2025-08-14 02:00:00,24,12510217.155000001,1.2499191e+07,11026.155000001192,121576094.08405128,0.08817605703953287
Region Sjælland,2025-08-15 02:00:00,24,12626363.936999999,1.2569419e+07,56944.93699999899,3242725849.9338536,0.4520195871061849
Region Sjælland,2025-08-16 02:00:00,24,12681000.888,1.266749e+07,13510.888000000268,182544094.54855126,0.10660112319661867
Region Sjælland,2025-08-17 02:00:00,24,11358162.201,1.133652e+07,21642.20099999942,468384864.1243758,0.1907248650438982
Region Sjælland,2025-08-18 02:00:00,24,11476668.407,1.1471982e+07,4686.406999999657,21962410.56964579,0.04084254992677189
Region Sjælland,2025-08-19 02:00:00,24,12431945.828000002,1.2431422e+07,523.8280000016093,274395.773585686,0.0042136528214950664
Region Sjælland,2025-08-20 02:00:00,24,12600314.912999999,1.2534486e+07,65828.91299999878,4333445786.761408,0.5238069179688734
Region Sjælland,2025-08-21 02:00:00,24,12651662.749,1.2632653e+07,19009.748999999836,361370557.0429948,0.15036791336345876
Region Sjælland,2025-08-22 02:00:00,24,12728698.898,1.266433e+07,64368.898000000045,4143355029.73441,0.5069808588692611
Region Sjælland,2025-08-23 02:00:00,24,12761749.072999999,1.2791412e+07,29662.927000001073,879889238.2073927,0.23216639941540176
Region Sjælland,2025-08-24 02:00:00,24,11718471.989000002,1.1569491e+07,148980.98900000192,22195335083.418694,1.279467758260975
Region Sjælland,2025-08-25 02:00:00,24,11798155.52,1.1739156e+07,58999.51999999955,3480943360.230347,0.5013276044706023
Region Sjælland,2025-08-26 02:00:00,24,12755294.499,1.27064e+07,48894.498999999836,2390672032.460985,0.3840631973800499
Region Sjælland,2025-08-27 02:00:00,24,12763246.734,1.2677809e+07,85437.73399999924,7299606391.054626,0.6716524258528968
Region Sjælland,2025-08-28 02:00:00,24,12778856.698,1.2739703e+07,39153.69800000079,1533012067.075266,0.30686448187802257
Region Sjælland,2025-08-29 02:00:00,24,12742436.820999999,1.2659724e+07,82712.8209999986,6841410757.777809,0.6512266541641591
Region Sjælland,2025-08-30 02:00:00,24,12410362.783000002,1.2462592e+07,52229.216999998316,2727891108.4329133,0.41996793268563004
Region Sjælland,2025-08-31 02:00:00,24,11820001.580999998,1.1678291e+07,141710.58099999838,20081888767.3571,1.2061351309803778
Region Sjælland,2025-09-01 02:00:00,24,11878283.606,1.1803226e+07,75057.60600000061,5633644218.451327,0.6338920723278878
Region Sjælland,2025-09-02 02:00:00,24,12808268.023,1.2795148e+07,13120.023000000045,172135003.52053016,0.1024865040525381
Region Sjælland,2025-09-03 02:00:00,24,12750020.279,1.2665829e+07,84191.27899999917,7088171459.655701,0.662510058788889
Region Sjælland,2025-09-04 02:00:00,24,13279549.898,1.3210267e+07,69282.89800000004,4800119955.27841,0.5230908032832114
Region Sjælland,2025-09-05 02:00:00,24,12943265.725000001,1.2866131e+07,77134.72500000149,5949765800.825855,0.5977259044205845
Region Sjælland,2025-09-06 02:00:00,24,12946019.749,1.2934341e+07,11678.748999999836,136393178.20499718,0.09025182541515459
Region Sjælland,2025-09-07 02:00:00,24,11789385.819,1.1664121e+07,125264.81900000013,15691274879.102795,1.0681969222489274
Region Sjælland,2025-09-08 02:00:00,24,11747278.264,1.1708895e+07,38383.26400000043,1473274955.293729,0.3272764365098734
Region Sjælland,2025-09-09 02:00:00,24,12572375.637,1.2516552e+07,55823.637000000104,3116278447.9077806,0.44500616214201166
Region Sjælland,2025-09-10 02:00:00,24,12773858.816,1.2698549e+07,75309.81599999964,5671568385.953802,0.5913050430410842
Region Sjælland,2025-09-11 02:00:00,24,12983466.993999999,1.2855189e+07,128277.99399999902,16455243744.663784,0.9929153747763544
Region Sjælland,2025-09-12 02:00:00,24,13228295.344,1.311757e+07,110725.3440000005,12260101803.918447,0.8405519617917356
Region Sjælland,2025-09-13 02:00:00,24,12858347.008000001,1.2876261e+07,17913.99199999869,320911109.37601703,0.13922102092582758
Region Sjælland,2025-09-14 02:00:00,24,11941796.584999999,1.182517e+07,116626.58499999903,13601760328.762,0.981417503011136
Region Sjælland,2025-09-15 02:00:00,24,12142026.465,1.1977918e+07,164108.46499999985,26931588284.656178,1.3607698412252531
Region Sjælland,2025-09-16 02:00:00,24,13612452.841,1.3517578e+07,94874.84100000001,9001235454.775284,0.6994082797474843
Region Sjælland,2025-09-17 02:00:00,24,13445224.68,1.3402984e+07,42240.6799999997,1784275046.8623748,0.31466292968339443
Region Sjælland,2025-09-18 02:00:00,24,13317043.953,1.3293175e+07,23868.952999999747,569726917.3161969,0.17939689291664992
Region Sjælland,2025-09-19 02:00:00,24,13415799.595,1.3401367e+07,14432.59500000067,208299798.43404436,0.10763698654645787
Region Sjælland,2025-09-20 02:00:00,24,13189253.029,1.3148749e+07,40504.028999999166,1640576365.2327733,0.3075710067559519
Region Sjælland,2025-09-21 02:00:00,24,12725396.275,1.2582227e+07,143169.27500000037,20497441304.02573,1.13143200721997
Region Sjælland,2025-09-22 02:00:00,24,13089729.217,1.308672e+07,3009.217000000179,9055386.953090075,0.022991789108248315
Region Sjælland,2025-09-23 02:00:00,24,13302648.379999999,1.3359283e+07,56634.62000000104,3207480182.544518,0.42483508934753733
Region Sjælland,2025-09-24 02:00:00,24,13410663.268000001,1.3356686e+07,53977.26800000109,2913545460.7439413,0.4033067858873136
Region Sjælland,2025-09-25 02:00:00,24,13526912.753,1.3511333e+07,15579.753000000492,242728703.54102433,0.11524233592907453
Region Sjælland,2025-09-26 02:00:00,24,13534171.424,1.347776e+07,56411.42400000058,3182248757.7078414,0.4176778262503601
Region Sjælland,2025-09-27 02:00:00,24,13015727.623,1.303016e+07,14432.377000000328,208293505.87013847,0.11082269269453286
Region Sjælland,2025-09-28 02:00:00,24,12203294.866999999,1.227251e+07,69215.13300000131,4790734636.2078705,0.5655800360896162
Region Sjælland,2025-09-29 02:00:00,24,12285389.389,1.2338851e+07,53461.61099999957,2858143850.715275,0.43421937209386274
Region Sjælland,2025-09-30 02:00:00,24,13463779.939,1.3403469e+07,60310.938999999315,3637409363.0616384,0.4489550763975174
Region Sjælland,2025-10-01 02:00:00,24,13806813.457,1.3809676e+07,2862.5429999995977,8194152.426846697,0.020730679795175948
Region Sjælland,2025-10-02 02:00:00,24,14071416.610000001,1.4040792e+07,30624.610000001267,937866737.6521776,0.21787409466723695
Region Sjælland,2025-10-03 02:00:00,24,14028993.444999998,1.388423e+07,144763.44499999844,20956455008.26757,1.0372391800985594
Region Sjælland,2025-10-04 02:00:00,24,14207153.289,1.4068135e+07,139018.2890000008,19326084676.487743,0.9833200466718736
Region Sjælland,2025-10-05 02:00:00,24,14173395.286,1.3946685e+07,226710.2860000003,51397553778.201935,1.6124440876000727
Region Sjælland,2025-10-06 02:00:00,24,13443277.341999998,1.3354546e+07,88731.34199999832,7873251053.120666,0.6622279792473327
Region Sjælland,2025-10-07 02:00:00,24,13920876.404000001,1.386477e+07,56106.40400000103,3147928569.8113313,0.40385170950656013
Region Sjælland,2025-10-08 02:00:00,24,14415506.781,1.4403891e+07,11615.780999999493,134926368.23994923,0.08061085167891693
Region Sjælland,2025-10-09 02:00:00,24,14261403.523,1.422555e+07,35853.523000000045,1285475111.5115323,0.2517188998188407
Region Sjælland,2025-10-10 02:00:00,24,14464095.699,1.4440187e+07,23908.69899999909,571625887.8725575,0.16543360891516784
Region Sjælland,2025-10-11 02:00:00,24,14424607.148,1.4406071e+07,18536.148000000045,343588782.6779057,0.1285862781641569
Region Sjælland,2025-10-12 02:00:00,24,13299448.342,1.3302639e+07,3190.657999999821,10180298.472962858,0.023988027397852614
Region Sjælland,2025-10-13 02:00:00,24,13174023.036,1.3157316e+07,16707.036000000313,279125051.90530646,0.12689849139201456
Region Sjælland,2025-10-14 02:00:00,24,14297986.538999999,1.4286302e+07,11684.538999998942,136528451.6424963,0.08175497517845667
Region Sjælland,2025-10-15 02:00:00,24,14298924.478,1.4311436e+07,12511.52199999988,156538182.75648102,0.08746147752748969
Region Sjælland,2025-10-16 02:00:00,24,14761374.226,1.472397e+07,37404.22599999979,1399076122.6590605,0.25371401950272615
Region Sjælland,2025-10-17 02:00:00,24,14567824.837,1.458622e+07,18395.16300000064,338382021.7965926,0.1261928703399328
Region Sjælland,2025-10-18 02:00:00,24,14831017.636,1.4735412e+07,95605.63599999994,9140437634.964485,0.6467174912698339
Region Sjælland,2025-10-19 02:00:00,24,14446644.105,1.4279529e+07,167115.10500000045,27927458319.161175,1.1635041283721348
Region Sjælland,2025-10-20 02:00:00,24,14588648.517,1.4472534e+07,116114.51700000092,13482581058.143503,0.7991038694456227
Region Sjælland,2025-10-21 02:00:00,24,15189124.04,1.5129507e+07,59617.039999999106,3554191458.3614936,0.39326999904016186
Region Sjælland,2025-10-22 02:00:00,24,15080184.573,1.5114676e+07,34491.42699999921,1189658536.4962745,0.22845892542945645
Region Sjælland,2025-10-23 02:00:00,24,14699182.241,1.4600067e+07,99115.24100000039,9823830998.488157,0.6765718819941854
Region Sjælland,2025-10-24 02:00:00,24,15388076.462,1.5276144e+07,111932.46199999936,12528876049.3813,0.7300525518899745
Region Sjælland,2025-10-25 02:00:00,24,15428504.965,1.5274507e+07,153997.96499999985,23715373224.14118,1.0031456534332877
Region Sjælland,2025-10-26 02:00:00,24,14519608.484,1.4485304e+07,34304.48399999924,1176797622.506204,0.23654257890915995
Region Sjælland,2025-10-27 01:00:00,24,14805167.68,1.4727841e+07,77326.6799999997,5979415439.822354,0.5236627316766813
Region Sjælland,2025-10-28 01:00:00,24,15185949.494,1.5211735e+07,25785.50599999912,664892319.6759907,0.16965440907243282
Region Sjælland,2025-10-29 01:00:00,24,15819179.906,1.5631322e+07,187857.9059999995,35290592846.70464,1.1946258063637498
Region Sjælland,2025-10-30 01:00:00,24,15470766.543,1.5442292e+07,28474.542999999598,810799599.0588261,0.18422339517386524
Region Sjælland,2025-10-31 01:00:00,24,15966558.764,1.5799115e+07,167443.76400000043,28037414102.487843,1.0542434279468316
Region Sjælland,2025-11-01 01:00:00,24,15032110.055,1.5004256e+07,27854.054999999702,775848379.9430084,0.18546887429055672
Region Sjælland,2025-11-02 01:00:00,24,13794993.855,1.3821041e+07,26047.144999999553,678453762.6510017,0.1886378340465022
Region Sjælland,2025-11-03 01:00:00,24,14097304.352,1.4141606e+07,44301.648000000045,1962636015.515908,0.3137631547944088
Region Sjælland,2025-11-04 01:00:00,24,15306651.203,1.5180316e+07,126335.20299999975,15960583517.051146,0.8287817030719147
Region Sjælland,2025-11-05 01:00:00,24,15632576.656,1.5677311e+07,44734.34400000051,2001161533.1103814,0.28575218468679453
Region Sjælland,2025-11-06 01:00:00,24,15397322.003,1.5343426e+07,53896.00300000049,2904779139.376062,0.3506486113788823
Region Sjælland,2025-11-07 01:00:00,24,15349382.717,1.5172725e+07,176657.71700000018,31207948975.652153,1.1575722007009794
Region Sjælland,2025-11-08 01:00:00,24,15248181.916000001,1.5220119e+07,28062.916000001132,787527254.4231195,0.18421057398224844
Region Sjælland,2025-11-09 01:00:00,24,14500788.516999999,1.449665e+07,4138.516999999061,17127322.95928123,0.028544017759174284
Region Sjælland,2025-11-10 01:00:00,24,14544219.019000001,1.4503925e+07,40294.01900000125,1623607967.172462,0.2774292152617081
Region Sjælland,2025-11-11 01:00:00,24,15891211.675,1.5768349e+07,122862.67500000075,15095236908.155807,0.7761489570954114
Region Sjælland,2025-11-12 01:00:00,24,16217697.349,1.612174e+07,95957.34899999946,9207812827.107698,0.5934385806682357
Region Sjælland,2025-11-13 01:00:00,24,16408453.851,1.6361886e+07,46567.85099999979,2168564746.7581816,0.2842073119273968
Region Sjælland,2025-11-14 01:00:00,24,16148260.144000001,1.631373e+07,165469.85599999875,27380273244.66032,1.0194683398398037
Region Sjælland,2025-11-15 01:00:00,24,16071078.488999998,1.5973968e+07,97110.4889999982,9430447073.818771,0.6060873653800627
Region Sjælland,2025-11-16 01:00:00,24,16849453.563,1.6784194e+07,65259.56300000101,4258810562.9511013,0.38806116926665024
Region Sjælland,2025-11-17 01:00:00,24,17684822.267,1.7701378e+07,16555.732999999076,274092295.1672584,0.0935716910834216
Region Sjælland,2025-11-18 01:00:00,24,18832844.789,1.9719052e+07,886207.2109999992,785363220828.3971,4.597476569572371
Region Sjælland,2025-11-19 01:00:00,24,18959651.436,1.9864636e+07,904984.5639999993,818997061078.2688,4.661950669368103
Region Sjælland,2025-11-20 01:00:00,24,18828728.821999997,1.9703632e+07,874903.1780000031,765455570874.5051,4.541134565004272
Region Sjælland,2025-11-21 01:00:00,24,18920749.854000002,1.9668864e+07,748114.1459999979,559674775445.3062,3.8772823632307594
Region Sjælland,2025-11-22 01:00:00,24,18522473.785,1.9695286e+07,1172812.2149999999,1375488491653.2058,6.137524656588136
Region Sjælland,2025-11-23 01:00:00,24,17447788.268,1.7800132e+07,352343.7320000008,124146105479.68837,1.9992313266770398
Region Sjælland,2025-11-24 01:00:00,24,17112949.054,1.752056e+07,407610.9459999986,166146683299.01376,2.3538530003671196
Region Sjælland,2025-11-25 01:00:00,24,18926448.293,1.949917e+07,572721.7069999985,328010153668.9922,2.9809368460016756
Region Sjælland,2025-11-26 01:00:00,24,17990027.452,1.8217384e+07,227356.54800000042,51690999918.476494,1.2558564055395451
Region Sjælland,2025-11-27 01:00:00,24,18413340.391999997,1.8674274e+07,260933.6080000028,68086347783.899124,1.4071199362787141
Region Sjælland,2025-11-28 01:00:00,24,18934666.854000002,1.9629186e+07,694519.1459999979,482356844160.56635,3.6019178303028894
Region Sjælland,2025-11-29 01:00:00,24,17612937.542,1.7914728e+07,301790.45800000057,91077480539.85011,1.698903957780343
Region Sjælland,2025-11-30 01:00:00,24,15591471.711,1.6288482e+07,697010.2890000008,485823342971.8646,4.372718325243373
Region Sjælland,2025-12-01 01:00:00,24,16084618.370000001,1.643292e+07,348301.62999999896,121314025460.65617,2.142238603899579
Region Sjælland,2025-12-02 01:00:00,24,17373297.832,1.725351e+07,119787.83199999854,14349124695.259874,0.6918791508658668
Region Sjælland,2025-12-03 01:00:00,24,18153522.345000003,1.8258166e+07,104643.65499999747,10950294531.758495,0.5747805705052783
Region Sjælland,2025-12-04 01:00:00,24,18187905.805,1.8250362e+07,62456.1950000003,3900776293.8780622,0.3428055105925214
Region Sjælland,2025-12-05 01:00:00,24,18251725.253999997,1.8220188e+07,31537.25399999693,994598389.8603224,0.17293994850428165
Region Sjælland,2025-12-06 01:00:00,24,17246461.987,1.7147044e+07,99417.98699999973,9883936139.132116,0.5781206896300574
Region Sjælland,2025-12-07 01:00:00,24,16447821.123,1.6350835e+07,96986.12299999967,9406308054.571066,0.5914030296624765
Region Sjælland,2025-12-08 01:00:00,24,16014781.454,1.6050492e+07,35710.54600000009,1275243095.6181223,0.22273657544963402
Region Sjælland,2025-12-09 01:00:00,24,16838667.467,1.687997e+07,41302.53299999982,1705899232.2160742,0.24498340444759717
Region Sjælland,2025-12-10 01:00:00,24,16824743.241,1.6660086e+07,164657.2410000004,27112007013.73221,0.983473678870599
Region Sjælland,2025-12-11 01:00:00,24,16781169.608999997,1.6765448e+07,15721.608999997377,247168989.54879853,0.09372992045421313
Region Sjælland,2025-12-12 01:00:00,24,16865401.825999998,1.7105752e+07,240350.17400000244,57768206141.83145,1.415025084111504
Region Sjælland,2025-12-13 01:00:00,24,16331532.96,1.6182853e+07,148679.9600000009,22105730505.601868,0.9145487796257978
Region Sjælland,2025-12-14 01:00:00,24,15628535.516999999,1.5687963e+07,59427.48300000094,3531625735.7154007,0.3795282730458582
Region Sjælland,2025-12-15 01:00:00,24,16218080.818,1.6184068e+07,34012.81799999997,1156871788.301122,0.20994174300628612
Region Sjælland,2025-12-16 01:00:00,24,17276448.254,1.7222496e+07,53952.254000000656,2910845711.680587,0.3127762612257048
Region Sjælland,2025-12-17 01:00:00,24,17247624.244,1.7236852e+07,10772.243999999017,116041240.7955148,0.062475903208031425
Region Sjælland,2025-12-18 01:00:00,24,17163724.985999998,1.7170644e+07,6919.014000002295,47872754.73222776,0.04030372017510242
Region Sjælland,2025-12-19 01:00:00,24,17481739.0,1.733234e+07,149399.0,22320061201.0,0.8582677140475266
Region Sjælland,2025-12-20 01:00:00,24,16832493.799,1.7075578e+07,243084.20100000128,59089928775.80902,1.4337836869106206
Region Sjælland,2025-12-21 01:00:00,24,15596373.068,1.5574001e+07,22372.06799999997,500509426.59662265,0.1435469972300877
Region Sjælland,2025-12-22 01:00:00,24,15844230.089,1.5827373e+07,16857.088999999687,284161449.55391043,0.10644923120960931
Region Sjælland,2025-12-23 01:00:00,24,17110862.199,1.7037976e+07,72886.19900000095,5312398004.66774,0.4268736674159258
Region Sjælland,2025-12-24 01:00:00,24,17698315.141000003,1.7514692e+07,183623.14100000262,33717457910.706844,1.0429279173161123
Region Sjælland,2025-12-25 01:00:00,24,17673834.123999998,1.7888092e+07,214257.87600000203,45906437428.03224,1.2049846527036334
Region Sjælland,2025-12-26 01:00:00,24,17689330.421,1.7764324e+07,74993.57899999991,5624036891.229228,0.42305133405700207
Region Sjælland,2025-12-27 01:00:00,24,16466084.299,1.659122e+07,125135.70099999942,15658943664.761255,0.7570835169629051
Region Sjælland,2025-12-28 01:00:00,24,16119187.815,1.6079442e+07,39745.81499999948,1579729810.0141835,0.24687892142220016
Region Sjælland,2025-12-29 01:00:00,24,16693076.618,1.6583515e+07,109561.61800000072,12003748138.77808,0.6584906246271721
Region Sjælland,2025-12-30 01:00:00,24,17551261.959000003,1.7485664e+07,65597.9590000026,4303092224.966022,0.3744504245421811
Region Sjælland,2024-12-25 01:00:00,168,109796021.388,1.0966568e+08,130341.38799999654,16988877425.765642,0.11878281009911418
Region Sjælland,2024-12-26 01:00:00,168,107196162.605,1.0648975e+08,706410.6050000042,499015942856.4719,0.6611672147935528
Region Sjælland,2024-12-27 01:00:00,168,104589751.138,1.0431928e+08,270471.13799999654,73154636491.01317,0.25893675972421715
Region Sjælland,2024-12-28 01:00:00,168,103172177.016,1.03186056e+08,13878.983999997377,192626196.8721832,0.013451349914322312
Region Sjælland,2024-12-29 01:00:00,168,102505935.71000001,1.0300976e+08,503824.28999999166,253838915193.9957,0.49030249320804214
Region Sjælland,2024-12-30 01:00:00,168,102482389.079,1.0293687e+08,454482.9210000038,206554725480.6957,0.44249299565459843
Region Sjælland,2024-12-31 01:00:00,168,101963582.54200001,1.0252078e+08,557201.4579999894,310473464797.31396,0.5449819635825737
Region Sjælland,2025-01-01 01:00:00,168,102273691.85700001,1.0150982e+08,763867.8570000082,583494102957.785,0.7496856198477148
Region Sjælland,2025-01-02 01:00:00,168,102588984.853,1.01631384e+08,957600.8530000001,916999393666.3279,0.9378113048941671
Region Sjælland,2025-01-03 01:00:00,168,105071515.825,1.0367272e+08,1398795.825000003,1956629760037.439,1.3402006713830208
Region Sjælland,2025-01-04 01:00:00,168,107487598.211,1.06361704e+08,1125894.2109999955,1267637774363.3022,1.052979083269678
Region Sjælland,2025-01-05 01:00:00,168,108983794.417,1.102091e+08,1225309.5830000043,1501383574191.6443,1.1180194174620874
Region Sjælland,2025-01-06 01:00:00,168,110047862.427,1.0858924e+08,1458622.427000001,2127579384547.3735,1.334286276947908
Region Sjælland,2025-01-07 01:00:00,168,111682917.776,1.1232832e+08,645402.2240000069,416544030744.1551,0.5762230773845165
Region Sjælland,2025-01-08 01:00:00,168,114654952.26699999,1.1739176e+08,2736807.7330000103,7490116567408.655,2.3588420678427506
Region Sjælland,2025-01-09 01:00:00,168,117626184.14799999,1.1971431e+08,2088127.852000013,4360277926298.188,1.7596051966605015
Region Sjælland,2025-01-10 01:00:00,168,118253775.957,1.1703701e+08,1216767.9570000023,1480524261181.9595,1.03426741713978
Region Sjælland,2025-01-11 01:00:00,168,118437958.396,1.2107729e+08,2639329.604000002,6966060758550.809,2.203892774020986
Region Sjælland,2025-01-12 01:00:00,168,119087372.854,1.2022359e+08,1136219.1459999979,1290993947736.9644,0.9495755003897861
Region Sjælland,2025-01-13 01:00:00,168,119107427.889,1.19192264e+08,84836.11100000143,7197165729.604564,0.0712011923536335
Region Sjælland,2025-01-14 01:00:00,168,120698523.075,1.2148032e+08,781796.924999997,611206431939.4509,0.6456360225966424
Region Sjælland,2025-01-15 01:00:00,168,120249928.08600001,1.2187211e+08,1622183.9139999896,2631480650840.3257,1.3399721177170005
Region Sjælland,2025-01-16 01:00:00,168,119430781.49000001,1.1903605e+08,394733.49000000954,155814528127.58762,0.3310594524565208
Region Sjælland,2025-01-17 01:00:00,168,119260478.983,1.1771343e+08,1547046.9829999954,2393354367609.3877,1.305668608483216
Region Sjælland,2025-01-18 01:00:00,168,118483614.657,1.19326856e+08,843241.3429999948,711055962544.4348,0.7091709130135172
Region Sjælland,2025-01-19 01:00:00,168,116954537.84799999,1.1621056e+08,743977.84799999,553503038314.6962,0.6381554142249781
Region Sjælland,2025-01-20 01:00:00,168,117052961.867,1.1804609e+08,993126.1330000013,986299516047.5363,0.8448576321868011
Region Sjælland,2025-01-21 01:00:00,168,115394827.289,1.17378216e+08,1983388.7109999955,3933830778922.2236,1.7041395197445728
Region Sjælland,2025-01-22 01:00:00,168,115361539.16499999,1.1741891e+08,2057372.8350000083,4232782982195.9717,1.7676508699106321
Region Sjælland,2025-01-23 01:00:00,168,116503613.00899999,1.1769966e+08,1196050.9910000116,1430537973072.1099,1.021378527469579
Region Sjælland,2025-01-24 01:00:00,168,117199064.419,1.1891325e+08,1714183.5810000002,2938425349369.9844,1.4520069397804598
Region Sjælland,2025-01-25 01:00:00,168,117736407.04800001,1.1869548e+08,959072.9519999921,919820927257.9792,0.8112890050277208
Region Sjælland,2025-01-26 01:00:00,168,117532492.32900001,1.1622489e+08,1307604.329000011,1709829081219.5693,1.1187705193817912
Region Sjælland,2025-01-27 01:00:00,168,116625176.642,1.16272104e+08,353072.64200000465,124660290528.86345,0.30320031305366174
Region Sjælland,2025-01-28 01:00:00,168,116373610.732,1.1649289e+08,119277.26800000668,14227066661.545416,0.10244261725022095
Region Sjælland,2025-01-29 01:00:00,168,115017076.01,1.1500517e+08,11908.010000005364,141800702.16022775,0.010353789957364015
Region Sjælland,2025-01-30 01:00:00,168,113997915.008,1.1365139e+08,346523.0080000013,120078195073.36897,0.3044358118672629
Region Sjælland,2025-01-31 01:00:00,168,112968071.619,1.1254196e+08,426111.61900000274,181571111846.8035,0.37790923617971883
Region Sjælland,2025-02-01 01:00:00,168,112516195.727,1.1281909e+08,302892.2730000019,91743729043.10768,0.26883696861869566
Region Sjælland,2025-02-02 01:00:00,168,112657869.53299999,1.1256178e+08,96093.53299999237,9233967084.420622,0.08533317133377016
Region Sjælland,2025-02-03 01:00:00,168,112864588.641,1.13340456e+08,475867.3589999974,226449743361.6324,0.4207398289947294
Region Sjælland,2025-02-04 01:00:00,168,113405639.951,1.1391318e+08,507544.048999995,257600961675.30933,0.4465481918113383
Region Sjælland,2025-02-05 01:00:00,168,114650632.23,1.152757e+08,625063.7699999958,390704716566.60767,0.5437078692221203
Region Sjælland,2025-02-06 01:00:00,168,114668412.831,1.143682e+08,300212.83100000024,90127743897.0347,0.2621526988975507
Region Sjælland,2025-02-07 01:00:00,168,114833896.86999999,1.1429861e+08,535288.8699999899,286534174345.866,0.46723084557879724
Region Sjælland,2025-02-08 01:00:00,168,115224225.217,1.1577118e+08,546958.7830000073,299163910300.84906,0.4735667993178057
Region Sjælland,2025-02-09 01:00:00,168,116180746.073,1.1630689e+08,126141.92700000107,15911785747.2736,0.10851495607752894
Region Sjælland,2025-02-10 01:00:00,168,116282004.48799999,1.1608375e+08,198252.48799999058,39304048998.18641,0.1706382997188563
Region Sjælland,2025-02-11 01:00:00,168,116820897.75,1.1745317e+08,632270.25,399765669035.0625,0.5397697333470212
Region Sjælland,2025-02-12 01:00:00,168,117277624.40599999,1.17700024e+08,422399.5940000117,178421417011.3747,0.3595232115611095
Region Sjælland,2025-02-13 01:00:00,168,119226009.48900001,1.1915194e+08,74073.48900000751,5486881772.634233,0.06214793809725626
Region Sjælland,2025-02-14 01:00:00,168,121206728.832,1.2014632e+08,1060408.8320000023,1124466890983.6091,0.8787200635183416
Region Sjælland,2025-02-15 01:00:00,168,121821634.376,1.2029654e+08,1525090.376000002,2325900654967.8276,1.2597900630423517
Region Sjælland,2025-02-16 01:00:00,168,122608335.904,1.2053591e+08,2072423.9039999992,4294940837870.5977,1.70468676258239
Region Sjælland,2025-02-17 01:00:00,168,124653265.49800001,1.2272698e+08,1926289.4980000108,3710591230105.134,1.557351133894486
Region Sjælland,2025-02-18 01:00:00,168,125680551.30299999,1.2279132e+08,2889231.302999988,8347657522235.01,2.3256003086777612
Region Sjælland,2025-02-19 01:00:00,168,126006630.40100001,1.2277538e+08,3231254.401000008,10441005003981.92,2.5976592501563003
Region Sjælland,2025-02-20 01:00:00,168,125694470.372,1.2305467e+08,2639798.371999994,6968535444813.818,2.1224582700689045
Region Sjælland,2025-02-21 01:00:00,168,125013757.79,1.22975144e+08,2038613.7900000066,4155946184778.191,1.64411695465818
Region Sjælland,2025-02-22 01:00:00,168,124286867.29,1.22769064e+08,1517803.2900000066,2303726827134.844,1.2287122855742116
Region Sjælland,2025-02-23 01:00:00,168,121703022.694,1.1692557e+08,4777454.694000006,22824073353222.688,4.004092451877459
Region Sjælland,2025-02-24 01:00:00,168,117980363.95899999,1.1450057e+08,3479795.9589999914,12108979916272.67,2.993618383819696
Region Sjælland,2025-02-25 01:00:00,168,114758586.576,1.1327163e+08,1486954.576000005,2211033911087.3545,1.3041732672851156
Region Sjælland,2025-02-26 01:00:00,168,111956834.638,1.1073228e+08,1224554.6379999965,1499534061447.3025,1.099788501104433
Region Sjælland,2025-02-27 01:00:00,168,109678232.48200001,1.08216696e+08,1461536.4820000082,2136088888216.9604,1.3415057359820504
Region Sjælland,2025-02-28 01:00:00,168,107839699.896,1.070938e+08,745899.8959999979,556366654852.8076,0.6940750477342219
Region Sjælland,2025-03-01 01:00:00,168,106909915.22299999,1.0624088e+08,669035.22299999,447608129614.6463,0.6277576607678523
Region Sjælland,2025-03-02 01:00:00,168,107342647.044,1.0617659e+08,1166055.0439999998,1359684365637.8413,1.0922248029927741
Region Sjælland,2025-03-03 01:00:00,168,108134390.58,1.0639883e+08,1735558.5799999982,3012163584611.6104,1.6179858383964785
Region Sjælland,2025-03-04 01:00:00,168,108502520.665,1.0713236e+08,1370160.6650000066,1877340247913.2603,1.2708154272393641
Region Sjælland,2025-03-05 01:00:00,168,109416256.647,1.0786454e+08,1551712.6469999999,2407812138859.746,1.4283016652915894
Region Sjælland,2025-03-06 01:00:00,168,109920049.086,1.0894908e+08,970969.0859999955,942780965967.6666,0.887259971339744
Region Sjælland,2025-03-07 01:00:00,168,108715759.122,1.0713252e+08,1583239.121999994,2506646117431.3115,1.4669925824195509
Region Sjælland,2025-03-08 01:00:00,168,106705617.274,1.0567743e+08,1028185.2740000039,1057164957670.4631,0.9682366624970336
Region Sjælland,2025-03-09 01:00:00,168,104596881.307,1.0412455e+08,472329.3069999963,223094974251.09677,0.4525930083138765
Region Sjælland,2025-03-10 01:00:00,168,102571603.41700001,1.02089464e+08,482139.4170000106,232458417425.1101,0.47115890001457317
Region Sjælland,2025-03-11 01:00:00,168,100928994.409,1.0103765e+08,108653.5910000056,11805602837.196499,0.10759558083851554
Region Sjælland,2025-03-12 01:00:00,168,100402032.137,1.0172096e+08,1318927.8630000055,1739570707797.7612,1.3050745479821804
Region Sjælland,2025-03-13 01:00:00,168,99569299.641,1.0029335e+08,724052.3589999974,524251818573.46106,0.7245499377247977
Region Sjælland,2025-03-14 01:00:00,168,100469303.746,1.0100375e+08,534448.2539999932,285634936203.64124,0.5305406740579544
Region Sjælland,2025-03-15 01:00:00,168,102323172.485,1.0290174e+08,578571.5150000006,334744997969.39594,0.5638413940271123
Region Sjælland,2025-03-16 01:00:00,168,103804244.57000001,1.0382885e+08,24603.42999999225,605328767.7645187,0.02369894865549683
Region Sjælland,2025-03-17 01:00:00,168,105428400.02399999,1.0462357e+08,804832.023999989,647754586855.919,0.7663170515098731
Region Sjælland,2025-03-18 01:00:00,168,106469857.305,1.0517268e+08,1297177.3050000072,1682668960607.0815,1.2258190829857922
Region Sjælland,2025-03-19 01:00:00,168,106438454.36500001,1.0506544e+08,1373014.3650000095,1885168446496.3794,1.2983348312542637
Region Sjælland,2025-03-20 01:00:00,168,106016543.37799999,1.0448605e+08,1530495.3779999912,2342416102079.336,1.4541344769021651
Region Sjælland,2025-03-21 01:00:00,168,104963117.143,1.0389965e+08,1063469.1430000067,1130966618113.1687,1.0183424913214107
Region Sjælland,2025-03-22 01:00:00,168,103694784.763,1.0311035e+08,584432.7629999965,341561654467.8101,0.5652013989089257
Region Sjælland,2025-03-23 01:00:00,168,103728455.346,1.02834344e+08,894111.3460000008,799435099045.9332,0.8657041333975463
Region Sjælland,2025-03-24 01:00:00,168,102650888.07300001,1.01423176e+08,1227712.0730000138,1507276934189.9912,1.2032024535571015
Region Sjælland,2025-03-25 01:00:00,168,101266292.88200001,1.0034515e+08,921140.8820000142,848500524491.764,0.9137783646549861
Region Sjælland,2025-03-26 01:00:00,168,100480112.967,9.9952584e+07,527528.9669999927,278286811024.0794,0.5263901299365812
Region Sjælland,2025-03-27 01:00:00,168,99424347.69000001,9.851377e+07,910579.6900000125,829155371840.5189,0.9200650282294425
Region Sjælland,2025-03-28 01:00:00,168,99222774.80999999,9.79376e+07,1285174.8099999875,1651674292258.504,1.3036846894194514
Region Sjælland,2025-03-29 01:00:00,168,98370588.606,9.812471e+07,245876.6060000062,60455305378.08228,0.25026207267218314
Region Sjælland,2025-03-30 01:00:00,168,96654544.507,9.635148e+07,303064.5069999993,91848095403.15262,0.31404668095115096
Region Sjælland,2025-03-31 02:00:00,168,96810170.566,9.700781e+07,197637.43400000036,39060555318.1045,0.20394128084737997
Region Sjælland,2025-04-01 02:00:00,168,96951925.32,9.6624024e+07,327901.31999999285,107519275657.73772,0.3387831196508197
Region Sjælland,2025-04-02 02:00:00,168,95946888.868,9.5973464e+07,26575.131999999285,706237640.817386,0.02769391740153507
Region Sjælland,2025-04-03 02:00:00,168,95717394.72,9.560205e+07,115346.71999999881,13304865814.758125,0.12058023832821961
Region Sjælland,2025-04-04 02:00:00,168,94518808.25,9.478852e+07,269711.75,72744428088.0625,0.28494591571628713
Region Sjælland,2025-04-05 02:00:00,168,93878051.55,9.373754e+07,140515.54999999702,19744619791.801662,0.14979091218905177
Region Sjælland,2025-04-06 02:00:00,168,94342170.864,9.475712e+07,414949.1360000074,172182785467.15262,0.4388690556205611
Region Sjælland,2025-04-07 02:00:00,168,93823355.76699999,9.3828264e+07,4908.233000010252,24090751.18238964,0.005231218367424296
Region Sjælland,2025-04-08 02:00:00,168,93279292.01,9.331566e+07,36371.989999994636,1322921656.5597098,0.03898496591520447
Region Sjælland,2025-04-09 02:00:00,168,93064221.17300001,9.298892e+07,75301.17300000787,5670266655.177114,0.08094587656543749
Region Sjælland,2025-04-10 02:00:00,168,93210219.50999999,9.30693e+07,140923.50999999046,19859435670.71741,0.15130328164550685
Region Sjælland,2025-04-11 02:00:00,168,94078047.853,9.3771464e+07,306583.8530000001,93993658920.32568,0.3264143196069785
Region Sjælland,2025-04-12 02:00:00,168,94834239.168,9.463841e+07,195831.16799999774,38349846360.24334,0.2067118087249394
Region Sjælland,2025-04-13 02:00:00,168,94494762.986,9.43296e+07,165162.98600000143,27278811944.43667,0.17493821601002527
Region Sjælland,2025-04-14 02:00:00,168,94008204.124,9.352002e+07,488188.123999998,238327644414.6374,0.5206556364446817
Region Sjælland,2025-04-15 02:00:00,168,93913299.733,9.3556824e+07,356475.73299999535,127074948217.88397,0.38030137912289186
Region Sjælland,2025-04-16 02:00:00,168,94051708.56799999,9.4015944e+07,35764.567999988794,1279104324.2258224,0.03803372617420992
Region Sjælland,2025-04-17 02:00:00,168,93061967.037,9.271092e+07,351047.0370000005,123234022186.4797,0.377931400646299
Region Sjælland,2025-04-18 02:00:00,168,90429255.054,9.041977e+07,9487.054000005126,90004193.59901325,0.01049168399120671
Region Sjælland,2025-04-19 02:00:00,168,88677408.96000001,8.898292e+07,305511.03999999166,93336995561.8765,0.3439271353243718
Region Sjælland,2025-04-20 02:00:00,168,88921849.654,8.904015e+07,118302.34600000083,13995445069.103914,0.13295236612364975
Region Sjælland,2025-04-21 02:00:00,168,88924614.875,8.919678e+07,272169.125,74076032603.26562,0.30559958176726393
Region Sjælland,2025-04-22 02:00:00,168,87849600.591,8.712208e+07,727520.5910000056,529286210328.99744,0.8315866756753628
Region Sjælland,2025-04-23 02:00:00,168,87260056.09699999,8.814868e+07,888623.903000012,789652440982.9749,1.0132037009931003
Region Sjælland,2025-04-24 02:00:00,168,87467195.349,8.7780984e+07,313788.6509999931,98463317496.39546,0.3581077443036884
Region Sjælland,2025-04-25 02:00:00,168,88997927.474,8.866546e+07,332471.4740000069,110537281023.73727,0.37427123980070115
Region Sjælland,2025-04-26 02:00:00,168,89613223.845,8.882145e+07,791775.8449999988,626908988725.4622,0.8874686032855621
Region Sjælland,2025-04-27 02:00:00,168,88557940.259,8.853502e+07,22916.259000003338,525154926.55523396,0.025880484971145562
Region Sjælland,2025-04-28 02:00:00,168,87864158.49700001,8.743289e+07,431270.4970000088,185994241582.6346,0.49204536598668763
Region Sjælland,2025-04-29 02:00:00,168,88094617.946,8.732491e+07,769705.9459999949,592447243307.7471,0.8775601510697654
Region Sjælland,2025-04-30 02:00:00,168,87157111.576,8.702894e+07,128167.576000005,16426927537.71706,0.1471616950922728
Region Sjælland,2025-05-01 02:00:00,168,86131539.162,8.649895e+07,367412.8379999995,134992193527.2139,0.42566389694762763
Region Sjælland,2025-05-02 02:00:00,168,84792322.213,8.520426e+07,411933.7870000005,169689444872.16177,0.48463773957127687
Region Sjælland,2025-05-03 02:00:00,168,83916478.883,8.404147e+07,124993.11699999869,15623279297.37536,0.14883858292254262
Region Sjælland,2025-05-04 02:00:00,168,83903534.483,8.4961144e+07,1057609.5170000046,1118537890448.9832,1.2526118860392428
Region Sjælland,2025-05-05 02:00:00,168,84067211.877,8.4593576e+07,526364.122999996,277059189981.5549,0.6241689365092493
Region Sjælland,2025-05-06 02:00:00,168,84124351.484,8.415011e+07,25760.516000002623,663604184.5863911,0.030617261189428188
Region Sjælland,2025-05-07 02:00:00,168,84444146.759,8.431355e+07,130594.75900000334,17054991078.268953,0.15477191258278947
Region Sjælland,2025-05-08 02:00:00,168,84989484.993,8.463315e+07,356332.9930000007,126973201900.33856,0.42014792284440894
Region Sjælland,2025-05-09 02:00:00,168,85813909.59699999,8.561795e+07,195957.59699998796,38399379822.00969,0.22861280881455137
Region Sjælland,2025-05-10 02:00:00,168,86256514.787,8.62061e+07,50418.78700000048,2542054082.551417,0.05846923779006247
Region Sjælland,2025-05-11 02:00:00,168,86049915.571,8.744025e+07,1390332.4290000051,1933024263129.0542,1.6027795471309458
Region Sjælland,2025-05-12 02:00:00,168,85655819.205,8.619166e+07,535844.7950000018,287129644328.59393,0.6236283301987994
Region Sjælland,2025-05-13 02:00:00,168,85709755.26900001,8.566812e+07,41635.2690000087,1733495624.7030857,0.04858884956375693
Region Sjælland,2025-05-14 02:00:00,168,85604198.845,8.546875e+07,135446.8449999988,18345847820.4537,0.15834980846588648
Region Sjælland,2025-05-15 02:00:00,168,85655279.67999999,8.549082e+07,164463.67999999225,27048302039.13985,0.19219098086525774
Region Sjælland,2025-05-16 02:00:00,168,85894519.383,8.5645624e+07,248895.3830000013,61948911678.71734,0.29018908121615494
Region Sjælland,2025-05-17 02:00:00,168,86824795.123,8.6934456e+07,109660.87700000405,12025507944.410017,0.12622162709757279
Region Sjælland,2025-05-18 02:00:00,168,88027355.79900001,8.757142e+07,455931.7990000099,207873805339.38544,0.5192881175164138
Region Sjælland,2025-05-19 02:00:00,168,89295643.462,8.8648e+07,647643.4619999975,419442053871.3422,0.7279197496462437
Region Sjælland,2025-05-20 02:00:00,168,90443228.36799999,8.953433e+07,908900.3679999858,826099878950.5096,1.0100152333900543
Region Sjælland,2025-05-21 02:00:00,168,91565413.696,8.99418e+07,1623613.6959999949,2636121433838.7637,1.7890348961219007
Region Sjælland,2025-05-22 02:00:00,168,92755721.40900001,9.144933e+07,1306393.4090000093,1706663739078.6655,1.418412158832146
Region Sjælland,2025-05-23 02:00:00,168,94869787.97500001,9.4535976e+07,333811.97500000894,111430434653.4066,0.35248343872372256
Region Sjælland,2025-05-24 02:00:00,168,96321180.383,9.543383e+07,887348.3830000013,787387152812.717,0.9255021519100263
Region Sjælland,2025-05-25 02:00:00,168,96817980.703,9.384026e+07,2977724.702999994,8866844406856.404,3.123625555856344
Region Sjælland,2025-05-26 02:00:00,168,97540634.483,9.516566e+07,2374970.4829999954,5640484795121.231,2.464860258015395
Region Sjælland,2025-05-27 02:00:00,168,97406270.22700001,9.368833e+07,3717942.227000013,13823094403309.816,3.8912059906408176
Region Sjælland,2025-05-28 02:00:00,168,98548325.463,9.6629976e+07,1918349.4629999995,3680064662192.3867,1.965740503550454
Region Sjælland,2025-05-29 02:00:00,168,98969002.013,9.71878e+07,1781202.0129999965,3172680611115.2397,1.8161001756971444
Region Sjælland,2025-05-30 02:00:00,168,97389947.243,9.460025e+07,2789699.2430000007,7782421866394.777,2.9060851148873588
Region Sjælland,2025-05-31 02:00:00,168,96151906.655,9.390846e+07,2243442.655000001,5033034946273.454,2.360768472952551
Region Sjælland,2025-06-01 02:00:00,168,94696523.627,9.3243016e+07,1453507.627000004,2112684421747.1829,1.5467821512011286
Region Sjælland,2025-06-02 02:00:00,168,93126460.62,9.133234e+07,1794124.6200000048,3218883152090.1616,1.9452849664806673
Region Sjælland,2025-06-03 02:00:00,168,92235116.31,9.039637e+07,1838748.3100000024,3380995347527.8647,2.013615907407178
Region Sjælland,2025-06-04 02:00:00,168,91016043.023,8.9376696e+07,1639347.023000002,2687458661818.9688,1.8175310512813778
Region Sjælland,2025-06-05 02:00:00,168,90197466.994,8.879136e+07,1406106.9940000027,1977136878575.7236,1.5711673377770532
Region Sjælland,2025-06-06 02:00:00,168,89495243.75999999,8.776103e+07,1734211.7599999905,3007490428522.2646,1.9567281920647643
Region Sjælland,2025-06-07 02:00:00,168,89575128.342,8.8206e+07,1369128.3419999927,1874512416867.6492,1.5402403559574462
Region Sjælland,2025-06-08 02:00:00,168,89716579.64299999,8.8853944e+07,862635.6429999918,744140252574.0093,0.9661568162555
Region Sjælland,2025-06-09 02:00:00,168,89958536.89299999,8.783626e+07,2122280.892999992,4504076188792.843,2.3873375124964626
Region Sjælland,2025-06-10 02:00:00,168,89620590.91499999,8.782747e+07,1793118.9149999917,3215275443330.747,2.021007032191633
Region Sjælland,2025-06-11 02:00:00,168,90369244.211,9.04122e+07,42955.78900000453,1845199808.6129103,0.047522343000942574
Region Sjælland,2025-06-12 02:00:00,168,90770615.352,8.977208e+07,998535.3519999981,997072849193.7601,1.1061487146330418
Region Sjælland,2025-06-13 02:00:00,168,91571333.21800001,8.98695e+07,1701829.2180000097,2896222687238.5244,1.8759053850212044
Region Sjælland,2025-06-14 02:00:00,168,90164192.569,8.9224504e+07,939688.5690000057,883014606709.2786,1.0476563874676064
Region Sjælland,2025-06-15 02:00:00,168,89107140.17400001,8.7739176e+07,1367964.17400001,1871325981347.5293,1.5470655013860313
Region Sjælland,2025-06-16 02:00:00,168,87901352.555,8.7248696e+07,652656.5550000072,425960578784.47736,0.7452542096156625
Region Sjælland,2025-06-17 02:00:00,168,87819552.169,8.731203e+07,507520.16899999976,257576721941.78833,0.5795872531024998
Region Sjælland,2025-06-18 02:00:00,168,86009395.003,8.6179944e+07,170548.99699999392,29086960377.703934,0.19809472292244817
Region Sjælland,2025-06-19 02:00:00,168,84639231.924,8.484621e+07,206976.076000005,42839096036.35985,0.2442405390018357
Region Sjælland,2025-06-20 02:00:00,168,83770773.997,8.378681e+07,16034.00300000608,257089252.20420396,0.019138498907549477
Region Sjælland,2025-06-21 02:00:00,168,83591461.478,8.379711e+07,205650.52199999988,42292137198.87244,0.24571632068664315
Region Sjælland,2025-06-22 02:00:00,168,83590342.608,8.341271e+07,177630.60799999535,31552632898.448013,0.21272737605541528
Region Sjælland,2025-06-23 02:00:00,168,83784348.48099999,8.371813e+07,66220.4809999913,4385152103.870209,0.07906806202653698
Region Sjælland,2025-06-24 02:00:00,168,83964110.307,8.384321e+07,120902.3069999963,14617367837.921356,0.14409658436804057
Region Sjælland,2025-06-25 02:00:00,168,84425486.714,8.441786e+07,7630.71400000155,58227796.14981965,0.009038809439975431
Region Sjælland,2025-06-26 02:00:00,168,84421989.878,8.413735e+07,284637.8780000061,81018721592.34634,0.33773017244694925
Region Sjælland,2025-06-27 02:00:00,168,84424799.2,8.4278104e+07,146695.20000000298,21519481703.040874,0.17390951455778264
Region Sjælland,2025-06-28 02:00:00,168,84944551.324,8.520447e+07,259920.67599999905,67558757812.29648,0.3055212083175519
Region Sjælland,2025-06-29 02:00:00,168,85271943.302,8.515105e+07,120895.30200000107,14615674045.671463,0.14187675157721788
Region Sjælland,2025-06-30 02:00:00,168,84988261.78500001,8.471356e+07,274701.7850000113,75461070682.19244,0.3237464184067967
Region Sjælland,2025-07-01 02:00:00,168,84244578.275,8.393061e+07,313970.27500000596,98577333583.57936,0.373384780423673
Region Sjælland,2025-07-02 02:00:00,168,83195550.332,8.284111e+07,354438.33200000226,125626531190.94383,0.42693984210701863
Region Sjælland,2025-07-03 02:00:00,168,82881273.48099999,8.192318e+07,958089.4809999913,917935453602.8326,1.1626985042081737
Region Sjælland,2025-07-04 02:00:00,168,82485989.31899999,8.192635e+07,559637.3189999908,313193928817.4975,0.6807728842133062
Region Sjælland,2025-07-05 02:00:00,168,81678037.991,8.1704296e+07,26258.009000003338,689483036.6442562,0.03214302104589811
Region Sjælland,2025-07-06 02:00:00,168,81184489.411,8.0912e+07,272489.41099999845,74250479107.12608,0.33620643110794857
Region Sjælland,2025-07-07 02:00:00,168,80623526.728,8.064966e+07,26137.27199999988,683156987.6019778,0.032413660177508935
Region Sjælland,2025-07-08 02:00:00,168,80278126.31199999,8.026051e+07,17614.311999991536,310263987.2330458,0.021944015702635867
Region Sjælland,2025-07-09 02:00:00,168,79908426.24499999,7.991281e+07,4381.755000010133,19199776.8801138,0.005483320186719451
Region Sjælland,2025-07-10 02:00:00,168,79510428.663,7.944136e+07,69068.6630000025,4770480208.607915,0.086905172418585
Region Sjælland,2025-07-11 02:00:00,168,79200823.00400001,7.92523e+07,51480.995999991894,2650292949.151181,0.06497946360969235
Region Sjælland,2025-07-12 02:00:00,168,79257723.902,7.924159e+07,16131.901999995112,260238262.1374463,0.02035580016000757
Region Sjælland,2025-07-13 02:00:00,168,79475080.252,7.9824744e+07,349663.74799999595,122264736665.40466,0.4390007956905902
Region Sjælland,2025-07-14 02:00:00,168,79695579.793,7.9374e+07,321579.79299999774,103413563265.92139,0.40432594769971114
Region Sjælland,2025-07-15 02:00:00,168,79588170.18300001,7.938996e+07,198210.18300001323,39287276644.898735,0.24935528273210048
Region Sjælland,2025-07-16 02:00:00,168,79787830.694,7.969022e+07,97606.69400000572,9527066713.610752,0.12240768071480362
Region Sjælland,2025-07-17 02:00:00,168,79520178.83500001,7.944994e+07,70242.83500000834,4934055868.838397,0.08837237750367805
Region Sjælland,2025-07-18 02:00:00,168,79381019.03,7.9330904e+07,50115.03000000119,2511516231.9010196,0.06315219303407768
Region Sjælland,2025-07-19 02:00:00,168,79222655.69,7.928832e+07,65664.31000000238,4311801607.776413,0.08285143626700286
Region Sjælland,2025-07-20 02:00:00,168,79188429.453,7.990948e+07,721050.5470000058,519913891329.0076,0.9064236600959428
Region Sjælland,2025-07-21 02:00:00,168,79550310.079,7.9233896e+07,316414.0789999962,100117869389.41583,0.3985460352934227
Region Sjælland,2025-07-22 02:00:00,168,80053354.147,8.016681e+07,113453.85300000012,12871776760.545635,0.14162244186959144
Region Sjælland,2025-07-23 02:00:00,168,81082259.39299999,8.122482e+07,142556.60700000823,20322386199.354794,0.17566283743925612
Region Sjælland,2025-07-24 02:00:00,168,81891319.31799999,8.174457e+07,146751.3179999888,21535949334.733833,0.1793632440966953
Region Sjælland,2025-07-25 02:00:00,168,82292813.25,8.2117896e+07,174917.25,30596044347.5625,0.21278084718194837
Region Sjælland,2025-07-26 02:00:00,168,82681797.533,8.257234e+07,109461.53300000727,11981827206.711681,0.13247660516539955
Region Sjælland,2025-07-27 02:00:00,168,82571229.134,8.225622e+07,315005.13400000334,99228234446.36006,0.3822241113486273
Region Sjælland,2025-07-28 02:00:00,168,82848153.68,8.24228e+07,425353.68000000715,180925753089.5485,0.5147349495224467
Region Sjælland,2025-07-29 02:00:00,168,83337064.58299999,8.2815496e+07,521568.5829999894,272033786772.61682,0.6278188926729715
Region Sjælland,2025-07-30 02:00:00,168,83199297.75500001,8.308358e+07,115713.75500001013,13389673096.20237,0.1391769901732903
Region Sjælland,2025-07-31 02:00:00,168,83730397.69500001,8.367878e+07,51613.69500000775,2663973511.553825,0.061661725453078055
Region Sjælland,2025-08-01 02:00:00,168,84313304.045,8.398123e+07,332072.0450000018,110271843070.48322,0.39463199792916576
Region Sjælland,2025-08-02 02:00:00,168,84969034.847,8.501443e+07,45397.15299999714,2060901500.5051491,0.05341360997285524
Region Sjælland,2025-08-03 02:00:00,168,86205718.972,8.6754584e+07,548865.0279999971,301252818961.4376,0.6346716773372572
Region Sjælland,2025-08-04 02:00:00,168,87383556.212,8.6915736e+07,467820.2119999975,218855750755.7226,0.536801046135045
Region Sjælland,2025-08-05 02:00:00,168,88248287.73300001,8.674274e+07,1505551.7330000103,2266686020739.334,1.7207188127514126
Region Sjælland,2025-08-06 02:00:00,168,89192141.38,8.782068e+07,1371461.3799999952,1880906316831.4912,1.5495616298390364
Region Sjælland,2025-08-07 02:00:00,168,89076057.264,8.7864856e+07,1211201.2639999986,1467008501915.1943,1.3690460184218196
Region Sjælland,2025-08-08 02:00:00,168,88924539.718,8.7488696e+07,1435843.7179999948,2061647182520.0483,1.6278185841965043
Region Sjælland,2025-08-09 02:00:00,168,88599515.12099999,8.7289784e+07,1309731.120999992,1715395609315.8955,1.4892675421930983
Region Sjælland,2025-08-10 02:00:00,168,87587908.97299999,8.786815e+07,280243.02700001,78536154182.12834,0.31944525078918207
Region Sjælland,2025-08-11 02:00:00,168,86642536.942,8.690174e+07,259207.05799999833,67188298917.014496,0.2987215212083279
Region Sjælland,2025-08-12 02:00:00,168,85763263.94399999,8.577852e+07,15256.05600000918,232747244.67541608,0.017786985362108085
Region Sjælland,2025-08-13 02:00:00,168,84771722.111,8.485736e+07,85637.88899999857,7333848032.376076,0.10097076271857652
Region Sjælland,2025-08-14 02:00:00,168,84668711.551,8.488112e+07,212408.44900000095,45117349206.586006,0.25055577709153815
Region Sjælland,2025-08-15 02:00:00,168,84876183.00400001,8.46087e+07,267479.0040000081,71545017580.83635,0.31563758719524687
Region Sjælland,2025-08-16 02:00:00,168,85336842.761,8.591736e+07,580517.2389999926,337000264776.17456,0.6779596992549777
Region Sjælland,2025-08-17 02:00:00,168,85492776.677,8.530031e+07,192464.67700000107,37042651892.714745,0.2253775940125843
Region Sjælland,2025-08-18 02:00:00,168,85382188.357,8.53517e+07,30492.356999993324,929783835.4150419,0.03571916273659495
Region Sjælland,2025-08-19 02:00:00,168,85528078.623,8.535591e+07,172166.62299999595,29641346075.222733,0.2015011732489624
Region Sjælland,2025-08-20 02:00:00,168,85684673.329,8.564852e+07,36153.328999996185,1307063197.7819653,0.04220236405746935
Region Sjælland,2025-08-21 02:00:00,168,85826118.923,8.590027e+07,74153.07700000703,5498678828.568972,0.0863618883521012
Region Sjælland,2025-08-22 02:00:00,168,85928453.88399999,8.623081e+07,302354.11600001156,91418011462.14845,0.3512493172789462
Region Sjælland,2025-08-23 02:00:00,168,86009202.06899999,8.663117e+07,621965.9310000092,386841619324.7082,0.72053359333211
Region Sjælland,2025-08-24 02:00:00,168,86369511.85700001,8.773594e+07,1366424.1429999918,1867114938573.262,1.5696512197852563
Region Sjælland,2025-08-25 02:00:00,168,86690998.97,8.8036984e+07,1345985.0300000012,1811675700984.104,1.5406633867353698
Region Sjælland,2025-08-26 02:00:00,168,87014347.641,8.750232e+07,487972.3589999974,238117023148.0223,0.5592272252227624
Region Sjælland,2025-08-27 02:00:00,168,87177279.462,8.732316e+07,145880.5380000025,21281131367.170174,0.1671979032829543
Region Sjælland,2025-08-28 02:00:00,168,87304473.411,8.736918e+07,64710.58900000155,4187460328.7271214,0.07409312881992293
Region Sjælland,2025-08-29 02:00:00,168,87318211.334,8.758438e+07,266172.6659999937,70847888125.54419,0.304366742519402
Region Sjælland,2025-08-30 02:00:00,168,86966825.044,8.696436e+07,2465.0439999997616,6076441.921934824,0.0028345049214448465
Region Sjælland,2025-08-31 02:00:00,168,87068354.63599999,8.784606e+07,777709.3640000075,604831854853.2961,0.8892455751385877
Region Sjælland,2025-09-01 02:00:00,168,87148482.722,8.798593e+07,837445.2779999971,701314593644.4924,0.9563457855570346
Region Sjælland,2025-09-02 02:00:00,168,87201456.246,8.712438e+07,77072.2460000068,5940131103.485563,0.08842320322821477
Region Sjælland,2025-09-03 02:00:00,168,87188229.79100001,8.710211e+07,86117.79100000858,7416273926.721159,0.09882107076624659
Region Sjælland,2025-09-04 02:00:00,168,87688922.99100001,8.750736e+07,181562.99100001156,32965119700.87028,0.20726808571542424
Region Sjælland,2025-09-05 02:00:00,168,87889751.895,8.737434e+07,515415.8949999958,265653544818.64673,0.5881591616290263
Region Sjælland,2025-09-06 02:00:00,168,88425408.861,8.790491e+07,520496.86100000143,270916982310.8548,0.5903656937258177
Region Sjælland,2025-09-07 02:00:00,168,88394793.099,8.827146e+07,123337.09900000691,15212039989.737507,0.13962723454992407
Region Sjælland,2025-09-08 02:00:00,168,88263787.757,8.812861e+07,135179.75699999928,18273566702.578857,0.15327163783888317
Region Sjælland,2025-09-09 02:00:00,168,88027895.37099999,8.715544e+07,872455.3709999919,761178374386.7335,0.9960483617375161
Region Sjælland,2025-09-10 02:00:00,168,88051733.90799999,8.759291e+07,458821.90799999237,210517543260.75345,0.5224433749495745
Region Sjælland,2025-09-11 02:00:00,168,87755651.004,8.7175144e+07,580507.0039999932,336988381693.04816,0.6636990405110995
Region Sjælland,2025-09-12 02:00:00,168,88040680.623,8.7285736e+07,754944.622999996,569941383796.606,0.8611875352740876
Region Sjælland,2025-09-13 02:00:00,168,87953007.882,8.76094e+07,343607.8819999993,118066376572.52544,0.3914367388159167
Region Sjælland,2025-09-14 02:00:00,168,88105418.648,8.7933176e+07,172242.6480000019,29667529790.052563,0.19568736997067226
Region Sjælland,2025-09-15 02:00:00,168,88500166.849,8.833397e+07,166198.8490000069,27622057408.9271,0.1879714560109397
Region Sjælland,2025-09-16 02:00:00,168,89540244.053,8.84434e+07,1096844.053000003,1203066876601.4736,1.2325223015137106
Region Sjælland,2025-09-17 02:00:00,168,90211609.91700001,8.915579e+07,1055817.9170000106,1114751473858.2412,1.17726845091794
Region Sjælland,2025-09-18 02:00:00,168,90545186.876,8.916798e+07,1377202.876000002,1896687761662.677,1.5326677163247606
Region Sjælland,2025-09-19 02:00:00,168,90732691.127,8.962598e+07,1106707.127000004,1224800664952.603,1.227229160139609
Region Sjælland,2025-09-20 02:00:00,168,91063597.148,8.9974e+07,1089597.148000002,1187221944929.738,1.2037247126178388
Region Sjælland,2025-09-21 02:00:00,168,91847196.838,9.068187e+07,1165324.8379999995,1357981978059.725,1.2768649349044343
Region Sjælland,2025-09-22 02:00:00,168,92794899.58999999,9.1817096e+07,977803.5899999887,956099860616.866,1.0593066684264305
Region Sjælland,2025-09-23 02:00:00,168,92485095.12900001,9.1296504e+07,1188591.129000008,1412748871937.514,1.2934821925950402
Region Sjælland,2025-09-24 02:00:00,168,92450533.717,9.129081e+07,1159725.7169999927,1344963738671.1472,1.2623459763194853
Region Sjælland,2025-09-25 02:00:00,168,92660402.517,9.166593e+07,994474.5170000046,988979564962.3926,1.079036851881871
Region Sjælland,2025-09-26 02:00:00,168,92778774.346,9.167846e+07,1100310.3460000008,1210682857514.6416,1.193024850492522
Region Sjælland,2025-09-27 02:00:00,168,92605248.94,9.158385e+07,1021400.9399999976,1043259880232.8788,1.1090786121099463
Region Sjælland,2025-09-28 02:00:00,168,92083147.53199999,9.1805496e+07,277651.53199999034,77090373221.94167,0.30197789995843205
Region Sjælland,2025-09-29 02:00:00,168,91278807.70400001,9.081538e+07,463431.7040000111,214768944272.35388,0.5090022037753104
Region Sjælland,2025-09-30 02:00:00,168,91439939.263,9.085817e+07,581771.2629999965,338457802452.61115,0.6382636350257656
Region Sjælland,2025-10-01 02:00:00,168,91836089.452,9.186486e+07,28774.547999992967,827974612.6038992,0.03132759788044496
Region Sjælland,2025-10-02 02:00:00,168,92380593.309,9.2266056e+07,114537.30900000036,13118795152.961563,0.12406107495438598
Region Sjælland,2025-10-03 02:00:00,168,92875415.33,9.289277e+07,17352.670000001788,301115156.12896204,0.018682068897854672
Region Sjælland,2025-10-04 02:00:00,168,94066840.996,9.355033e+07,516512.9960000068,266785675036.90305,0.550603123119312
Region Sjælland,2025-10-05 02:00:00,168,96036941.415,9.515376e+07,883181.4150000066,780009411801.4138,0.9238748625990614
Region Sjælland,2025-10-06 02:00:00,168,97194829.36799999,9.581743e+07,1377397.3679999858,1897223509373.2883,1.427264110826431
Region Sjælland,2025-10-07 02:00:00,168,97651925.83299999,9.65281e+07,1123829.8329999894,1262993493540.784,1.157513344978932
Region Sjælland,2025-10-08 02:00:00,168,98260619.15699999,9.6582904e+07,1677715.1569999903,2814728148027.5024,1.7221153978499246
Region Sjælland,2025-10-09 02:00:00,168,98450606.07,9.685195e+07,1598654.0699999928,2555694835527.542,1.6371051007196804
Region Sjælland,2025-10-10 02:00:00,168,98885708.324,9.733737e+07,1548340.324000001,2397357758924.4277,1.5781429513860128
Region Sjælland,2025-10-11 02:00:00,168,99103162.183,9.7688504e+07,1414658.1829999983,2001257774728.8567,1.437721637749114
Region Sjælland,2025-10-12 02:00:00,168,98229215.239,9.617566e+07,2053551.2389999926,4217072691198.405,2.1126540105769376
Region Sjælland,2025-10-13 02:00:00,168,97959960.933,9.617318e+07,1786776.9329999983,3192571808300.8804,1.8407747256313782
Region Sjælland,2025-10-14 02:00:00,168,98337071.068,9.662571e+07,1711359.0680000037,2928749859625.8413,1.7555751318990023
Region Sjælland,2025-10-15 02:00:00,168,98220488.765,9.658364e+07,1636848.7650000006,2679273879482.0273,1.680507261706549
Region Sjælland,2025-10-16 02:00:00,168,98720459.468,9.734453e+07,1375931.4679999948,1893187404632.6206,1.4035463299887363
Region Sjælland,2025-10-17 02:00:00,168,98824188.606,9.765616e+07,1168028.6060000062,1364290824434.3176,1.188952090412097
Region Sjælland,2025-10-18 02:00:00,168,99230599.094,9.774479e+07,1485807.0939999968,2207622720580.7153,1.5086220524785703
Region Sjælland,2025-10-19 02:00:00,168,100377794.85700001,9.852209e+07,1855706.8570000082,3443647939116.849,1.8659707892680635
Region Sjælland,2025-10-20 02:00:00,168,101792420.338,1.0033241e+08,1460012.3379999995,2131636027112.2249,1.444664022728091
Region Sjælland,2025-10-21 02:00:00,168,102683557.839,1.00735784e+08,1947773.8390000015,3793822927892.804,1.9150330754108953
Region Sjælland,2025-10-22 02:00:00,168,103464817.934,1.0116512e+08,2299697.9340000004,5288610587643.87,2.2476651825420872
Region Sjælland,2025-10-23 02:00:00,168,103402625.949,1.01232424e+08,2170201.949000001,4709776499443.402,2.121046174192415
Region Sjælland,2025-10-24 02:00:00,168,104222877.57399999,1.0162678e+08,2596093.573999986,6739701844964.021,2.5223199826021845
Region Sjælland,2025-10-25 02:00:00,168,104820364.903,1.0193922e+08,2881148.902999997,8301019001258.087,2.7869556423135435
Region Sjælland,2025-10-26 02:00:00,168,104893329.28199999,1.0208454e+08,2808785.2819999903,7889274760379.766,2.7140923205574925
Region Sjælland,2025-10-27 01:00:00,168,105109848.44500001,1.0241739e+08,2692456.4450000077,7249321708222.08,2.594798099012527
Region Sjælland,2025-10-28 01:00:00,168,105106673.899,1.0230463e+08,2802041.899000004,7851438803751.548,2.7019181879742593
Region Sjælland,2025-10-29 01:00:00,168,105845669.232,1.02607896e+08,3237773.2319999933,10483175501855.682,3.106469518423913
Region Sjælland,2025-10-30 01:00:00,168,106617253.53400001,1.0349389e+08,3123365.5340000093,9755412258979.164,2.9730603633835275
Region Sjælland,2025-10-31 01:00:00,168,107195735.83600001,1.04997576e+08,2198159.8360000104,4831906664603.593,2.071846484679898
Region Sjælland,2025-11-01 01:00:00,168,106799340.926,1.0364507e+08,3154268.925999999,9949412457529.188,2.9977217091614174
Region Sjælland,2025-11-02 01:00:00,168,106074726.297,1.0385615e+08,2218574.297000006,4922071911309.07,2.113623603156916
Region Sjælland,2025-11-03 01:00:00,168,105366862.969,1.0276921e+08,2597654.968999997,6747811337970.374,2.4961122374476785
Region Sjælland,2025-11-04 01:00:00,168,105487564.67799999,1.0327497e+08,2212596.677999988,4895584059496.583,2.119725843154765
Region Sjælland,2025-11-05 01:00:00,168,105300961.428,1.0378423e+08,1516729.428000003,2300468157761.217,1.4508243296743055
Region Sjælland,2025-11-06 01:00:00,168,105227516.888,1.0375751e+08,1470004.8879999965,2160914370743.8823,1.4068040144519698
Region Sjælland,2025-11-07 01:00:00,168,104610340.84099999,1.0422076e+08,389580.8409999907,151773231674.26004,0.37310615078987697
Region Sjælland,2025-11-08 01:00:00,168,104826412.702,1.0457559e+08,250820.70200000703,62911024551.77633,0.23955902653076314
Region Sjælland,2025-11-09 01:00:00,168,105532207.36400001,1.0410146e+08,1430751.3640000075,2047049465587.882,1.365001537482751
Region Sjælland,2025-11-10 01:00:00,168,105979122.031,1.04783256e+08,1195866.0310000032,1430095564099.7007,1.1348002828323651
Region Sjælland,2025-11-11 01:00:00,168,106563682.503,1.0613163e+08,432050.5030000061,186667637142.55826,0.4062623607948939
Region Sjælland,2025-11-12 01:00:00,168,107148803.19600001,1.0611952e+08,1029283.1960000098,1059423897567.9945,0.9652471408555762
Region Sjælland,2025-11-13 01:00:00,168,108159935.044,1.07433704e+08,726231.0439999998,527411529269.3296,0.673703590903983
Region Sjælland,2025-11-14 01:00:00,168,108958812.471,1.0835914e+08,599676.4710000008,359611869871.01483,0.5518885809655291
Region Sjælland,2025-11-15 01:00:00,168,109781709.044,1.09070856e+08,710853.0439999998,505312050164.0656,0.6496181973988596
Region Sjælland,2025-11-16 01:00:00,168,112130374.08999999,1.11405624e+08,724750.0899999887,525262692954.9917,0.6484415004228447
Region Sjælland,2025-11-17 01:00:00,168,115270977.338,1.1315777e+08,2113209.3379999995,4465653706210.396,1.8502131462247793
Region Sjælland,2025-11-18 01:00:00,168,118212610.452,1.1530793e+08,2904682.452000007,8437180146956.773,2.4877318896702203
Region Sjælland,2025-11-19 01:00:00,168,120954564.53899999,1.180115e+08,2943060.5389999896,8661605336218.909,2.463161868120765
Region Sjælland,2025-11-20 01:00:00,168,123374839.50999999,1.2124608e+08,2128759.5099999905,4531617051415.399,1.7404558156874788
Region Sjælland,2025-11-21 01:00:00,168,126147329.22,1.209236e+08,5223729.219999999,27287346963881.797,4.228525983604182
Region Sjælland,2025-11-22 01:00:00,168,128598724.516,1.22927384e+08,5671340.516000003,32164103248423.176,4.509544197587138
Region Sjælland,2025-11-23 01:00:00,168,129197059.221,1.2343918e+08,5757875.221000001,33153127060605.81,4.558233725762896
Region Sjælland,2025-11-24 01:00:00,168,128625186.008,1.2384117e+08,4784018.008000001,22886828300868.3,3.789826194304218
Region Sjælland,2025-11-25 01:00:00,168,128718789.512,1.2385309e+08,4865701.5119999945,23675051203879.03,3.8529242130441217
Region Sjælland,2025-11-26 01:00:00,168,127749165.528,1.2402387e+08,3725293.527999997,13877811869758.666,2.9592473956514924
Region Sjælland,2025-11-27 01:00:00,168,127333777.098,1.2375103e+08,3582745.098000005,12836062437243.064,2.8538127104309496
Region Sjælland,2025-11-28 01:00:00,168,127347694.098,1.23180456e+08,4167238.098000005,17365873365422.7,3.326762358936424
Region Sjælland,2025-11-29 01:00:00,168,126438157.85499999,1.2356786e+08,2870301.8549999893,8238632738816.38,2.296186248275391
Region Sjælland,2025-11-30 01:00:00,168,124581841.29800001,1.24894984e+08,313142.70199999213,98058351815.85588,0.2510395116868617
Region Sjælland,2025-12-01 01:00:00,168,123553510.614,1.2395402e+08,400505.3860000074,160404564215.01492,0.3236308741629623
Region Sjælland,2025-12-02 01:00:00,168,122000360.153,1.2173365e+08,266712.15299999714,71135372557.89389,0.21885509947596068
Region Sjælland,2025-12-03 01:00:00,168,122163855.046,1.2272489e+08,561032.9539999962,314757975473.96185,0.45819415545336967
Region Sjælland,2025-12-04 01:00:00,168,121938420.459,1.21598744e+08,339676.4590000063,115380096798.78297,0.2789524627623654
Region Sjælland,2025-12-05 01:00:00,168,121255478.859,1.2137719e+08,121713.14100000262,14814088692.08652,0.10032708338007228
Region Sjælland,2025-12-06 01:00:00,168,120889003.304,1.2056742e+08,321579.3040000051,103413248761.12772,0.2663663233906201
Region Sjælland,2025-12-07 01:00:00,168,121745352.71599999,1.2012757e+08,1617784.7159999907,2617227387323.1704,1.337714624035607
Region Sjælland,2025-12-08 01:00:00,168,121675515.8,1.2065575e+08,1019763.799999997,1039918207790.434,0.8416279164120289
Region Sjælland,2025-12-09 01:00:00,168,121140885.435,1.2000581e+08,1135077.4350000024,1288400783446.1846,0.9413999577033033
Region Sjælland,2025-12-10 01:00:00,168,119812106.331,1.1951539e+08,296714.33100000024,88039394220.77771,0.24795673967195514
Region Sjælland,2025-12-11 01:00:00,168,118405370.13499999,1.1755459e+08,850778.1349999905,723823434994.062,0.7211207590491424
Region Sjælland,2025-12-12 01:00:00,168,117019046.707,1.164928e+08,526246.7070000023,276935596628.34625,0.45072377647744144
Region Sjælland,2025-12-13 01:00:00,168,116104117.67999999,1.1594067e+08,163445.67999999225,26714490310.659866,0.14087425123864322
Region Sjælland,2025-12-14 01:00:00,168,115284832.074,1.1585375e+08,568919.925999999,323669882199.8444,0.492276032821813
Region Sjælland,2025-12-15 01:00:00,168,115488131.43800001,1.1572825e+08,240116.56199999154,57655963346.69578,0.2076985744553431
Region Sjælland,2025-12-16 01:00:00,168,115925912.225,1.1579689e+08,129024.22499999404,16647250636.849087,0.11136083706455567
Region Sjælland,2025-12-17 01:00:00,168,116348793.228,1.160868e+08,261993.22800000012,68640451517.86005,0.22543296778390265
Region Sjælland,2025-12-18 01:00:00,168,116731348.605,1.1716042e+08,429067.3949999958,184098829452.08246,0.36689397399229634
Region Sjælland,2025-12-19 01:00:00,168,117347685.779,1.16491496e+08,856189.7789999992,733060937664.0674,0.732289407178288
Region Sjælland,2025-12-20 01:00:00,168,117848646.618,1.1692984e+08,918806.6180000007,844205601280.5992,0.7827008609140235
Region Sjælland,2025-12-21 01:00:00,168,117816484.169,1.1722232e+08,594164.1689999998,353031059723.46027,0.5055881483916824
Region Sjælland,2025-12-22 01:00:00,168,117442633.44,1.1771051e+08,267878.5600000024,71758922907.67488,0.22783327818028473
Region Sjælland,2025-12-23 01:00:00,168,117277047.385,1.1735633e+08,79280.61499999464,6285415914.777374,0.06757829304540024
Region Sjælland,2025-12-24 01:00:00,168,117727738.282,1.1757072e+08,157018.28200000525,24654740882.23317,0.13346307761338777
Region Syddanmark,2024-12-31 01:00:00,24,26422329.294,2.671484e+07,292510.70600000024,85562513124.61858,1.1009645786044127
Region Syddanmark,2025-01-01 01:00:00,24,26031948.137000002,2.5974506e+07,57442.13700000197,3299599103.126995,0.22090387800207573
Region Syddanmark,2025-01-02 01:00:00,24,27032726.244999997,2.720355e+07,170823.75500000268,29180755272.30094,0.6299243488927793
Region Syddanmark,2025-01-03 01:00:00,24,28162046.878,2.8048148e+07,113898.87799999863,12972954409.658571,0.4052605697141153
Region Syddanmark,2025-01-04 01:00:00,24,30167742.946999997,3.0269568e+07,101825.0530000031,10368341418.45344,0.33696089850621497
Region Syddanmark,2025-01-05 01:00:00,24,26113101.792,2.624319e+07,130088.20800000057,16922941860.651411,0.4969343838055313
Region Syddanmark,2025-01-06 01:00:00,24,27939696.445,2.7856242e+07,83454.4450000003,6964644390.258075,0.29914164839171675
Region Syddanmark,2025-01-07 01:00:00,24,32354299.51,3.1678338e+07,675961.5100000016,456923963001.4823,2.111303036344353
Region Syddanmark,2025-01-08 01:00:00,24,33235220.242,3.1439672e+07,1795548.2419999987,3223993489349.2856,5.552535705143289
Region Syddanmark,2025-01-09 01:00:00,24,31310772.6,3.1434188e+07,123415.39999999851,15231360957.159632,0.39338744919061597
Region Syddanmark,2025-01-10 01:00:00,24,30324423.737999998,3.0265918e+07,58505.73799999803,3422921378.9244137,0.19311902300529665
Region Syddanmark,2025-01-11 01:00:00,24,30825149.899,3.0866256e+07,41106.10099999979,1689711539.4221838,0.13326362205879347
Region Syddanmark,2025-01-12 01:00:00,24,30004397.485,2.976145e+07,242947.4849999994,59023480467.824936,0.8129977076321866
Region Syddanmark,2025-01-13 01:00:00,24,27711804.257000003,2.773864e+07,26835.74299999699,720157102.3618875,0.09679180522204482
Region Syddanmark,2025-01-14 01:00:00,24,33801509.357,3.175229e+07,2049219.3570000008,4199299973103.4966,6.25202315380727
Region Syddanmark,2025-01-15 01:00:00,24,33226846.627000004,3.1435648e+07,1791198.627000004,3208392521366.6997,5.5401469965932435
Region Syddanmark,2025-01-16 01:00:00,24,29023476.608,2.9265292e+07,241815.39200000092,58474683808.11411,0.8297152188142549
Region Syddanmark,2025-01-17 01:00:00,24,30719655.116,3.0788938e+07,69282.88399999961,4800118015.357402,0.22527871469710894
Region Syddanmark,2025-01-18 01:00:00,24,29814320.571,2.9805948e+07,8372.5709999986,70099945.15001754,0.02808632433457744
Region Syddanmark,2025-01-19 01:00:00,24,25840926.395,2.6015414e+07,174487.60500000045,30445924298.63618,0.6729653641999951
Region Syddanmark,2025-01-20 01:00:00,24,26870692.452,2.6977186e+07,106493.54800000042,11340875765.628393,0.39553479565561256
Region Syddanmark,2025-01-21 01:00:00,24,29853539.154000003,2.9901694e+07,48154.84599999711,2318889193.2834377,0.1611736527774677
Region Syddanmark,2025-01-22 01:00:00,24,30705656.592,3.0567988e+07,137668.59200000018,18952641223.262512,0.44935662931979226
Region Syddanmark,2025-01-23 01:00:00,24,30215199.468,3.0358986e+07,143786.53200000152,20674566784.58746,0.4747452430077191
Region Syddanmark,2025-01-24 01:00:00,24,31600540.287,3.1345652e+07,254888.28700000048,64968038849.79461,0.8098608596937846
Region Syddanmark,2025-01-25 01:00:00,24,34129665.931,3.1550392e+07,2579273.9310000017,6652654011136.202,7.854054981832234
Region Syddanmark,2025-01-26 01:00:00,24,27540823.380000003,2.748785e+07,52973.38000000268,2806178988.6246843,0.19253010020501674
Region Syddanmark,2025-01-27 01:00:00,24,27641769.818,2.740738e+07,234389.81799999997,54938586782.07311,0.8515656237196203
Region Syddanmark,2025-01-28 01:00:00,24,33574589.541,3.1436892e+07,2137697.541000001,4569750776797.451,6.576369251489355
Region Syddanmark,2025-01-29 01:00:00,24,29622185.450999998,2.9538656e+07,83529.45099999756,6977169184.360992,0.2823808754281525
Region Syddanmark,2025-01-30 01:00:00,24,29063183.081,2.9144914e+07,81730.91899999976,6679943120.584522,0.2808231950488482
Region Syddanmark,2025-01-31 01:00:00,24,29362650.692,2.9312288e+07,50362.69200000167,2536400745.487032,0.17166679036298113
Region Syddanmark,2025-02-01 01:00:00,24,28480400.287,2.851762e+07,37219.71299999952,1385307035.8023336,0.1306000201852222
Region Syddanmark,2025-02-02 01:00:00,24,24960516.531,2.5206514e+07,245997.4690000005,60514754754.40621,0.9807136934205818
Region Syddanmark,2025-02-03 01:00:00,24,25918071.581,2.602886e+07,110788.41899999976,12274073784.519508,0.42654461246570147
Region Syddanmark,2025-02-04 01:00:00,24,29925418.988,2.9893138e+07,32280.98800000176,1042062186.2562575,0.10792967809797731
Region Syddanmark,2025-02-05 01:00:00,24,31215672.533999998,3.1361002e+07,145329.46600000188,21120653687.845703,0.4644844651213913
Region Syddanmark,2025-02-06 01:00:00,24,29362531.663,2.9683936e+07,321404.3370000012,103300747842.41035,1.0886488209061869
Region Syddanmark,2025-02-07 01:00:00,24,29038679.544,2.8910528e+07,128151.54399999976,16422818229.583876,0.4422892026701008
Region Syddanmark,2025-02-08 01:00:00,24,31366289.428000003,3.143762e+07,71330.5719999969,5088050501.846742,0.22715328599654158
Region Syddanmark,2025-02-09 01:00:00,24,27943362.834999997,2.7817e+07,126362.83499999717,15967566069.23651,0.4532353398557192
Region Syddanmark,2025-02-10 01:00:00,24,27559506.576,2.760642e+07,46913.42399999872,2200869351.4036555,0.17008116028058687
Region Syddanmark,2025-02-11 01:00:00,24,31847168.416,3.150034e+07,346828.41600000113,120289950145.06984,1.0950025491843998
Region Syddanmark,2025-02-12 01:00:00,24,31801872.142,3.149623e+07,305642.1420000009,93417118966.34872,0.9657229258290798
Region Syddanmark,2025-02-13 01:00:00,24,30480593.779,3.042262e+07,57973.778999999166,3360959051.5407443,0.19038003219458696
Region Syddanmark,2025-02-14 01:00:00,24,30548264.439,3.0216064e+07,332200.4389999993,110357131671.79227,1.0934061069513448
Region Syddanmark,2025-02-15 01:00:00,24,29334446.957000002,2.9147044e+07,187402.95700000226,35119868292.344696,0.6408966458731192
Region Syddanmark,2025-02-16 01:00:00,24,26995637.832,2.6947948e+07,47689.83199999854,2274320076.1880846,0.17681372591181488
Region Syddanmark,2025-02-17 01:00:00,24,27585348.94,2.7634518e+07,49169.05999999866,2417596461.2834682,0.17808467395774083
Region Syddanmark,2025-02-18 01:00:00,24,31499567.533,3.111305e+07,386517.5329999998,149395803316.40594,1.2346314472359685
Region Syddanmark,2025-02-19 01:00:00,24,31174004.764,3.0791006e+07,382998.76399999857,146688053225.5266,1.2361775113981277
Region Syddanmark,2025-02-20 01:00:00,24,33119783.821,3.1496798e+07,1622985.8209999986,2634082975167.0396,5.023434466081702
Region Syddanmark,2025-02-21 01:00:00,24,33974061.055,3.1478996e+07,2495065.0549999997,6225349628682.151,7.623983255368513
Region Syddanmark,2025-02-22 01:00:00,24,31246200.18,3.0754404e+07,491796.1799999997,241863482662.5921,1.5864238308782226
Region Syddanmark,2025-02-23 01:00:00,24,26824305.888,2.6810392e+07,13913.888000000268,193596279.27655146,0.05188390556074449
Region Syddanmark,2025-02-24 01:00:00,24,27751858.261,2.7564138e+07,187720.26099999994,35238896389.9081,0.678719624299166
Region Syddanmark,2025-02-25 01:00:00,24,31700441.864,3.1406862e+07,293579.86400000006,86189136546.25853,0.9304148522417696
Region Syddanmark,2025-02-26 01:00:00,24,28420152.732,2.8462192e+07,42039.267999999225,1767300053.9757588,0.14781130488929867
Region Syddanmark,2025-02-27 01:00:00,24,28841512.993,2.8968852e+07,127339.00699999928,16215222703.745867,0.4405404014156223
Region Syddanmark,2025-02-28 01:00:00,24,29306698.105,2.9307142e+07,443.89499999955297,197042.77102460313,0.001514642272897888
Region Syddanmark,2025-03-01 01:00:00,24,28134942.392,2.8011772e+07,123170.39200000092,15170945465.433891,0.4387447897309222
Region Syddanmark,2025-03-02 01:00:00,24,25466619.231,2.5548546e+07,81926.76900000125,6711995478.779566,0.3211859400201156
Region Syddanmark,2025-03-03 01:00:00,24,27361380.627,2.7239366e+07,122014.62700000033,14887569201.94921,0.4469339140489491
Region Syddanmark,2025-03-04 01:00:00,24,31010544.265,3.1292584e+07,282039.7349999994,79546412118.86989,0.9053790487064218
Region Syddanmark,2025-03-05 01:00:00,24,30519531.653,3.0188186e+07,331345.65300000086,109789941761.99698,1.0916096529734278
Region Syddanmark,2025-03-06 01:00:00,24,31962869.4,3.143241e+07,530459.3999999985,281387175048.3584,1.6734981059173264
Region Syddanmark,2025-03-07 01:00:00,24,29340742.419,2.936906e+07,28317.58100000024,801885393.6915745,0.09646627933748911
Region Syddanmark,2025-03-08 01:00:00,24,27116009.114,2.7261422e+07,145412.88599999994,21144907414.84898,0.534828082242973
Region Syddanmark,2025-03-09 01:00:00,24,24222846.723,2.4436118e+07,213271.27699999884,45484637593.210236,0.8765960320532272
Region Syddanmark,2025-03-10 01:00:00,24,23677569.168,2.3690402e+07,12832.83199999854,164681577.14018652,0.054183583056510186
Region Syddanmark,2025-03-11 01:00:00,24,25960910.904,2.6161578e+07,200667.09600000083,40267283417.07355,0.7699827856248099
Region Syddanmark,2025-03-12 01:00:00,24,27691933.787,2.7656214e+07,35719.78700000048,1275903183.325403,0.12907310697175753
Region Syddanmark,2025-03-13 01:00:00,24,28486966.119999997,2.8472478e+07,14488.119999997318,209905621.1343223,0.05087170432869498
Region Syddanmark,2025-03-14 01:00:00,24,28904147.807,2.8686804e+07,217343.80700000003,47238330441.253265,0.7547845631319556
Region Syddanmark,2025-03-15 01:00:00,24,28198622.775000002,2.819387e+07,4752.775000002235,22588870.200646248,0.01685605571282439
Region Syddanmark,2025-03-16 01:00:00,24,25433690.152,2.5483986e+07,50295.84800000116,2529672326.039221,0.19755751558597237
Region Syddanmark,2025-03-17 01:00:00,24,27835049.108000003,2.7936566e+07,101516.8919999972,10305679361.339096,0.3640450139498843
Region Syddanmark,2025-03-18 01:00:00,24,28674862.735999998,2.864169e+07,33172.735999997705,1100430413.7255437,0.1157527255792626
Region Syddanmark,2025-03-19 01:00:00,24,30457974.134,3.0420848e+07,37126.13399999961,1378349825.7859273,0.12196732032128187
Region Syddanmark,2025-03-20 01:00:00,24,28909880.846,2.8929534e+07,19653.153999999166,386246462.1476832,0.06795765155068237
Region Syddanmark,2025-03-21 01:00:00,24,27837308.765,2.7959514e+07,122205.2349999994,14934119461.405079,0.43803653664902154
Region Syddanmark,2025-03-22 01:00:00,24,29075921.628,2.8734344e+07,341577.6279999986,116675275950.10545,1.1817196281297067
Region Syddanmark,2025-03-23 01:00:00,24,27341121.033,2.7271138e+07,69983.03299999982,4897624907.879064,0.2562905627387136
Region Syddanmark,2025-03-24 01:00:00,24,25273179.654000003,2.535155e+07,78370.34599999711,6141911132.159263,0.30961289684163223
Region Syddanmark,2025-03-25 01:00:00,24,25900141.145999998,2.6068916e+07,168774.85400000215,28484951342.722042,0.6495205542246115
Region Syddanmark,2025-03-26 01:00:00,24,27249557.164,2.7187196e+07,62361.164000000805,3888914775.434996,0.2291141935380575
Region Syddanmark,2025-03-27 01:00:00,24,26167740.354000002,2.6273266e+07,105525.64599999785,11135661963.716864,0.4024546946626197
Region Syddanmark,2025-03-28 01:00:00,24,27082489.088,2.6785646e+07,296843.0879999995,88115818893.37546,1.1021101343681976
Region Syddanmark,2025-03-29 01:00:00,24,26482030.831,2.6432704e+07,49326.83100000024,2433136256.5025845,0.18643892351550517
Region Syddanmark,2025-03-30 01:00:00,24,24162729.362999998,2.400879e+07,153939.36299999803,23697327480.845165,0.6391301957489725
Region Syddanmark,2025-03-31 02:00:00,24,26598932.441,2.6681462e+07,82529.55900000036,6811128108.73454,0.3097933484384745
Region Syddanmark,2025-04-01 02:00:00,24,25256328.043,2.5259112e+07,2783.9569999985397,7750416.577840869,0.011022202311328047
Region Syddanmark,2025-04-02 02:00:00,24,26522076.643,2.6388612e+07,133464.64299999923,17812810931.11724,0.5044902889112421
Region Syddanmark,2025-04-03 02:00:00,24,27107333.913,2.7217254e+07,109920.08700000122,12082425526.087837,0.40467895375860585
Region Syddanmark,2025-04-04 02:00:00,24,25720465.696,2.5677432e+07,43033.6959999986,1851898991.4202955,0.16745313691438266
Region Syddanmark,2025-04-05 02:00:00,24,25166179.046,2.5195738e+07,29558.95399999991,873731761.5741107,0.1173861351346141
Region Syddanmark,2025-04-06 02:00:00,24,24351525.568,2.4410488e+07,58962.43200000003,3476568387.3546276,0.24183756036971382
Region Syddanmark,2025-04-07 02:00:00,24,23832108.024,2.382169e+07,10418.024000000209,108535224.06458035,0.04372379299023911
Region Syddanmark,2025-04-08 02:00:00,24,25940709.19,2.586943e+07,71279.19000000134,5080722927.056292,0.2751553696414663
Region Syddanmark,2025-04-09 02:00:00,24,26299332.216000002,2.6158598e+07,140734.21600000188,19806119553.135185,0.5365603081193511
Region Syddanmark,2025-04-10 02:00:00,24,26419976.061,2.6340828e+07,79148.06100000069,6264415560.05983,0.3000259848522883
Region Syddanmark,2025-04-11 02:00:00,24,28216873.244999997,2.8011262e+07,205611.24499999732,42275984070.44892,0.7313464837633256
Region Syddanmark,2025-04-12 02:00:00,24,27365613.322,2.7373756e+07,8142.677999999374,66303205.01167381,0.02975071909250805
Region Syddanmark,2025-04-13 02:00:00,24,23824852.518,2.3986386e+07,161533.48200000077,26093065807.044575,0.6757134389613713
Region Syddanmark,2025-04-14 02:00:00,24,24445108.034,2.446011e+07,15001.965999998152,225058983.86510056,0.06135118747274963
Region Syddanmark,2025-04-15 02:00:00,24,24946721.6,2.5081684e+07,134962.3999999985,18214849413.759598,0.5395430791022391
Region Syddanmark,2025-04-16 02:00:00,24,27235337.65,2.724715e+07,11812.35000000149,139531612.5225352,0.04336200680073569
Region Syddanmark,2025-04-17 02:00:00,24,23044668.577,2.3195486e+07,150817.42300000042,22745895080.361053,0.6523223132779815
Region Syddanmark,2025-04-18 02:00:00,24,20856905.478,2.0956076e+07,99170.52199999988,9834792433.75246,0.47435278946648995
Region Syddanmark,2025-04-19 02:00:00,24,21153891.196,2.1051016e+07,102875.1959999986,10583305952.038128,0.48750348163186424
Region Syddanmark,2025-04-20 02:00:00,24,22715575.19,2.2398316e+07,317259.19000000134,100653393639.45695,1.4064811597112927
Region Syddanmark,2025-04-21 02:00:00,24,22291832.93,2.2214978e+07,76854.9299999997,5906680265.304854,0.3453625564000827
Region Syddanmark,2025-04-22 02:00:00,24,22028231.944000002,2.2169458e+07,141226.055999998,19944798893.31457,0.6390653275270101
Region Syddanmark,2025-04-23 02:00:00,24,24914573.301,2.5004392e+07,89818.69900000095,8067398690.0527725,0.3598580157197355
Region Syddanmark,2025-04-24 02:00:00,24,25126335.531,2.5222874e+07,96538.4690000005,9319675996.86406,0.38347560924690105
Region Syddanmark,2025-04-25 02:00:00,24,25088563.392,2.5085176e+07,3387.392000000924,11474424.561670259,0.013502649158898566
Region Syddanmark,2025-04-26 02:00:00,24,24002743.324,2.376574e+07,237003.32400000095,56170575587.04943,0.9922999748284869
Region Syddanmark,2025-04-27 02:00:00,24,22836657.108999997,2.2558098e+07,278559.1089999974,77595177206.87242,1.2272744211578313
Region Syddanmark,2025-04-28 02:00:00,24,23560240.154000003,2.3295102e+07,265138.1540000029,70298240706.52925,1.1317307346879262
Region Syddanmark,2025-04-29 02:00:00,24,24276886.393,2.43062e+07,29313.607000000775,859287555.3504944,0.12067412417101754
Region Syddanmark,2025-04-30 02:00:00,24,24682528.207,2.4653446e+07,29082.20699999854,845774763.990764,0.11789452815090952
Region Syddanmark,2025-05-01 02:00:00,24,24450497.137000002,2.4376996e+07,73501.13700000197,5402417140.293058,0.3010645530941871
Region Syddanmark,2025-05-02 02:00:00,24,23646361.603,2.361723e+07,29131.60300000012,848650293.3496159,0.12327291266688682
Region Syddanmark,2025-05-03 02:00:00,24,24090948.123999998,2.4061572e+07,29376.123999997973,862956661.2632569,0.12201282061395759
Region Syddanmark,2025-05-04 02:00:00,24,22886742.345000003,2.2342e+07,544742.3450000025,296744222436.1018,2.408832599610072
Region Syddanmark,2025-05-05 02:00:00,24,24187717.041,2.4117978e+07,69739.04100000113,4863533839.599839,0.2887404515795057
Region Syddanmark,2025-05-06 02:00:00,24,26008539.527999997,2.5995276e+07,13263.527999997139,175921175.00670812,0.051009826357282434
Region Syddanmark,2025-05-07 02:00:00,24,26083888.949,2.609711e+07,13221.050999999046,174796189.54457578,0.050673813327801055
Region Syddanmark,2025-05-08 02:00:00,24,25932958.418,2.5748306e+07,184652.41800000146,34096515473.247265,0.7145816577029764
Region Syddanmark,2025-05-09 02:00:00,24,26053769.812999997,2.59325e+07,121269.81299999729,14706367545.054312,0.46654554533809556
Region Syddanmark,2025-05-10 02:00:00,24,24498856.53,2.446813e+07,30726.530000001192,944119645.8409733,0.1254989623720314
Region Syddanmark,2025-05-11 02:00:00,24,21608404.917999998,2.1836306e+07,227901.08200000226,51938903176.77176,1.0491545561445013
Region Syddanmark,2025-05-12 02:00:00,24,22413018.337,2.241919e+07,6171.662999998778,38089424.185553916,0.027532273019463586
Region Syddanmark,2025-05-13 02:00:00,24,24927326.545,2.4844946e+07,82380.54500000179,6786554194.497319,0.3310298718047084
Region Syddanmark,2025-05-14 02:00:00,24,25196146.117999997,2.5135282e+07,60864.11799999699,3704440859.9175577,0.24185333210614857
Region Syddanmark,2025-05-15 02:00:00,24,25444607.961000003,2.5361604e+07,83003.96100000292,6889657541.690006,0.32674729249139317
Region Syddanmark,2025-05-16 02:00:00,24,26252306.731999997,2.6187606e+07,64700.73199999705,4186184721.335442,0.24676140225731244
Region Syddanmark,2025-05-17 02:00:00,24,25439489.015,2.5217784e+07,221705.0150000006,49153113676.15049,0.8753136590449788
Region Syddanmark,2025-05-18 02:00:00,24,23185686.925,2.3157852e+07,27834.925000000745,774783049.7556665,0.12012429626942112
Region Syddanmark,2025-05-19 02:00:00,24,22668816.379,2.2529872e+07,138944.37900000066,19305540455.695824,0.6148159779988498
Region Syddanmark,2025-05-20 02:00:00,24,24313804.34,2.4375818e+07,62013.66000000015,3845694026.5956182,0.25473050321466156
Region Syddanmark,2025-05-21 02:00:00,24,25416589.746999998,2.5271868e+07,144721.74699999765,20944384054.731327,0.5710244636849817
Region Syddanmark,2025-05-22 02:00:00,24,27657627.020000003,2.7532858e+07,124769.02000000328,15567308351.761217,0.4521396032478762
Region Syddanmark,2025-05-23 02:00:00,24,27184639.145999998,2.7189386e+07,4746.854000002146,22532622.89733637,0.017460005902657904
Region Syddanmark,2025-05-24 02:00:00,24,25268235.819,2.5118414e+07,149821.81899999827,22446577448.468243,0.5946885515833714
Region Syddanmark,2025-05-25 02:00:00,24,23243365.988,2.3176498e+07,66867.98800000176,4471327819.168379,0.28810074935716223
Region Syddanmark,2025-05-26 02:00:00,24,23590363.357,2.3527744e+07,62619.357000000775,3921183871.093546,0.2657974206202825
Region Syddanmark,2025-05-27 02:00:00,24,24845869.481,2.4882898e+07,37028.51900000125,1371111219.3334537,0.1489219253791031
Region Syddanmark,2025-05-28 02:00:00,24,25232864.576,2.5271926e+07,39061.42399999872,1525794844.907676,0.15468403513610765
Region Syddanmark,2025-05-29 02:00:00,24,24104958.134,2.4218702e+07,113743.86600000039,12937667052.626043,0.47075848842820345
Region Syddanmark,2025-05-30 02:00:00,24,23034869.155,2.3134742e+07,99872.84499999881,9974585168.393787,0.4326345511756945
Region Syddanmark,2025-05-31 02:00:00,24,22997931.781999998,2.2735474e+07,262457.7819999978,68884087332.35837,1.1477727386019316
Region Syddanmark,2025-06-01 02:00:00,24,20786394.806,2.0776272e+07,10122.806000001729,102471201.313671,0.04871105142146652
Region Syddanmark,2025-06-02 02:00:00,24,22047360.733999997,2.1933774e+07,113586.73399999738,12901946140.78616,0.5165247994940347
Region Syddanmark,2025-06-03 02:00:00,24,24280809.843000002,2.4208738e+07,72071.8430000022,5194350553.416966,0.29726753993812116
Region Syddanmark,2025-06-04 02:00:00,24,26179464.044000003,2.6081774e+07,97690.04400000349,9543344696.722618,0.37385277370488573
Region Syddanmark,2025-06-05 02:00:00,24,24298358.694999997,2.4223198e+07,75160.69499999657,5649130072.88251,0.3098033126696517
Region Syddanmark,2025-06-06 02:00:00,24,22449331.822,2.2504462e+07,55130.177999999374,3039336526.311615,0.24527486253237718
Region Syddanmark,2025-06-07 02:00:00,24,25685213.014,2.5375964e+07,309249.01399999857,95634952659.97131,1.2112882314295592
Region Syddanmark,2025-06-08 02:00:00,24,20798072.644,2.07e+07,98072.64400000125,9618243501.150982,0.4726611996722748
Region Syddanmark,2025-06-09 02:00:00,24,23971779.387000002,2.3691038e+07,280741.38700000197,78815726374.68488,1.1780310203675621
Region Syddanmark,2025-06-10 02:00:00,24,23417529.784999996,2.338975e+07,27779.784999996424,771716454.6460263,0.11869856623840302
Region Syddanmark,2025-06-11 02:00:00,24,26631025.371000003,2.6436414e+07,194611.37100000307,37873585722.50084,0.7334492611918004
Region Syddanmark,2025-06-12 02:00:00,24,25214065.737999998,2.527844e+07,64374.26200000197,4144045608.044897,0.2549854124254909
Region Syddanmark,2025-06-13 02:00:00,24,24423417.161000002,2.4371038e+07,52379.161000002176,2743576507.064149,0.21469308685658747
Region Syddanmark,2025-06-14 02:00:00,24,23368883.274,2.3336506e+07,32377.27400000021,1048287871.6710895,0.13864470247772462
Region Syddanmark,2025-06-15 02:00:00,24,21094283.498999998,2.1377552e+07,283268.501000002,80241043658.78815,1.3339122158102708
Region Syddanmark,2025-06-16 02:00:00,24,20707185.594,2.076236e+07,55174.40599999949,3044215077.4527802,0.26609602400843463
Region Syddanmark,2025-06-17 02:00:00,24,23835381.701,2.3953612e+07,118230.29899999872,13978403601.629099,0.4948013751439369
Region Syddanmark,2025-06-18 02:00:00,24,24429939.864,2.4340258e+07,89681.86400000006,8042836730.514506,0.3677732218765478
Region Syddanmark,2025-06-19 02:00:00,24,24605805.522,2.4653478e+07,47672.47800000012,2272665158.6604953,0.19355733413665593
Region Syddanmark,2025-06-20 02:00:00,24,24849621.248,2.4835214e+07,14407.247999999672,207568794.93349457,0.05799454875149101
Region Syddanmark,2025-06-21 02:00:00,24,23658250.362999998,2.3508402e+07,149848.36299999803,22454531893.77918,0.6353996117712478
Region Syddanmark,2025-06-22 02:00:00,24,21505925.859,2.130755e+07,198375.8590000011,39352981433.98832,0.9266982183522
Region Syddanmark,2025-06-23 02:00:00,24,22619535.115,2.2448654e+07,170881.11499999836,29200355463.642666,0.7583225257352272
Region Syddanmark,2025-06-24 02:00:00,24,25228996.744,2.5254968e+07,25971.256000000983,674506138.2175871,0.10288912977298463
Region Syddanmark,2025-06-25 02:00:00,24,25338585.85,2.5431702e+07,93116.14999999851,8670617390.822222,0.3668135594389722
Region Syddanmark,2025-06-26 02:00:00,24,24551588.767,2.4554696e+07,3107.232999999076,9654896.91628326,0.01265513371554092
Region Syddanmark,2025-06-27 02:00:00,24,24355351.515,2.432341e+07,31941.515000000596,1020260380.4952631,0.13123388519306536
Region Syddanmark,2025-06-28 02:00:00,24,24327086.185,2.4070612e+07,256474.18499999866,65779007571.413536,1.0598610868625493
Region Syddanmark,2025-06-29 02:00:00,24,21802784.118,2.1916802e+07,114017.88199999928,13000077415.76576,0.5215871975194954
Region Syddanmark,2025-06-30 02:00:00,24,21462058.83,2.1544342e+07,82283.17000000179,6770520065.249194,0.3826554578480489
Region Syddanmark,2025-07-01 02:00:00,24,23297782.579,2.3358834e+07,61051.42100000009,3727276006.1192517,0.2617053077418355
Region Syddanmark,2025-07-02 02:00:00,24,23820780.081,2.386002e+07,39239.91899999976,1539771243.1265423,0.1645942137436415
Region Syddanmark,2025-07-03 02:00:00,24,24753284.178,2.477535e+07,22065.822000000626,486900500.53571165,0.08910329293837861
Region Syddanmark,2025-07-04 02:00:00,24,25340876.701,2.532786e+07,13016.701000001281,169434504.92343435,0.051379615311168324
Region Syddanmark,2025-07-05 02:00:00,24,23442569.308,2.3303496e+07,139073.30799999833,19341384998.0624,0.5950161027828696
Region Syddanmark,2025-07-06 02:00:00,24,21429684.49,2.1265128e+07,164556.48999999836,27078838401.11956,0.7708500419742603
Region Syddanmark,2025-07-07 02:00:00,24,20072718.694,2.0225966e+07,153247.30600000173,23484736796.258167,0.760557358949328
Region Syddanmark,2025-07-08 02:00:00,24,22718236.611,2.2788494e+07,70257.38899999857,4936100709.09712,0.3087780117652125
Region Syddanmark,2025-07-09 02:00:00,24,23614861.086,2.3712094e+07,97232.9140000008,9454239564.931553,0.41089866788731444
Region Syddanmark,2025-07-10 02:00:00,24,23328980.209000003,2.3330602e+07,1621.7909999974072,2630206.0476725902,0.006951588176392139
Region Syddanmark,2025-07-11 02:00:00,24,23348419.648,2.329905e+07,49369.64799999818,2437362143.6437244,0.21167127980376912
Region Syddanmark,2025-07-12 02:00:00,24,21713166.729000002,2.1677692e+07,35474.729000002146,1258456397.6235933,0.16351245418562246
Region Syddanmark,2025-07-13 02:00:00,24,20781453.924999997,2.072399e+07,57463.92499999702,3302102676.4052825,0.27689825510038574
Region Syddanmark,2025-07-14 02:00:00,24,20470766.464,2.0303248e+07,167518.46400000155,28062435780.919815,0.8216922773101293
Region Syddanmark,2025-07-15 02:00:00,24,21438044.949,2.1559118e+07,121073.05099999905,14658683678.44837,0.5631676264018014
Region Syddanmark,2025-07-16 02:00:00,24,21770663.513,2.1815122e+07,44458.48699999973,1976557066.3291452,0.20400452338636613
Region Syddanmark,2025-07-17 02:00:00,24,21294826.459,2.1171808e+07,123018.45899999887,15133541254.734402,0.5793652384615915
Region Syddanmark,2025-07-18 02:00:00,24,21724185.434,2.1660944e+07,63241.43400000036,3999478974.3764014,0.29153507123313727
Region Syddanmark,2025-07-19 02:00:00,24,20965908.962,2.1000842e+07,34933.03799999878,1220317143.9093587,0.16647959253090572
Region Syddanmark,2025-07-20 02:00:00,24,20445950.455999997,2.0282858e+07,163092.4559999965,26599149204.110798,0.8008702546561752
Region Syddanmark,2025-07-21 02:00:00,24,20052705.777000003,2.0016378e+07,36327.77700000256,1319707381.7619152,0.18132571836271943
Region Syddanmark,2025-07-22 02:00:00,24,21064178.546,2.1035232e+07,28946.54600000009,837902525.3301212,0.13751520804963094
Region Syddanmark,2025-07-23 02:00:00,24,22196898.995,2.2094368e+07,102530.99500000104,10512604935.690239,0.4629851524074742
Region Syddanmark,2025-07-24 02:00:00,24,21399814.722999997,2.1309996e+07,89818.72299999744,8067403001.350268,0.4205999580870465
Region Syddanmark,2025-07-25 02:00:00,24,21320225.639000002,2.1129748e+07,190477.6390000023,36281730959.0152,0.8974217068771279
Region Syddanmark,2025-07-26 02:00:00,24,20779182.433,2.083484e+07,55657.56700000167,3097764764.359675,0.26749429036624495
Region Syddanmark,2025-07-27 02:00:00,24,19227319.001000002,1.9123062e+07,104257.00100000203,10869522257.514423,0.5437077717547759
Region Syddanmark,2025-07-28 02:00:00,24,19914068.753999997,1.9837078e+07,76990.75399999693,5927576201.488044,0.3873636877771315
Region Syddanmark,2025-07-29 02:00:00,24,22060604.554,2.1977062e+07,83542.5540000014,6979358328.84315,0.37941408134129717
Region Syddanmark,2025-07-30 02:00:00,24,22848803.828,2.2737882e+07,110921.82800000161,12303651926.86194,0.48664133391277076
Region Syddanmark,2025-07-31 02:00:00,24,22399001.132,2.2396462e+07,2539.1319999992847,6447191.313420367,0.011336558760502848
Region Syddanmark,2025-08-01 02:00:00,24,22131446.167,2.2056878e+07,74568.16699999943,5560411529.739804,0.33750167450653046
Region Syddanmark,2025-08-02 02:00:00,24,22020520.281,2.1942722e+07,77798.2809999995,6052572526.554882,0.3539242192499632
Region Syddanmark,2025-08-03 02:00:00,24,20718698.454,2.056811e+07,150588.4539999999,22676882478.11009,0.7294749080340233
Region Syddanmark,2025-08-04 02:00:00,24,21851288.167,2.1554282e+07,297006.16699999943,88212663236.03156,1.368516371780342
Region Syddanmark,2025-08-05 02:00:00,24,24663142.069,2.4566778e+07,96364.06899999827,9286033794.236427,0.39148578289355607
Region Syddanmark,2025-08-06 02:00:00,24,26250181.003000002,2.6059364e+07,190817.00300000235,36411128633.90291,0.7295685825180043
Region Syddanmark,2025-08-07 02:00:00,24,24835857.242,2.4810648e+07,25209.24199999869,635505882.2144979,0.10155495085552226
Region Syddanmark,2025-08-08 02:00:00,24,24313839.691,2.4335384e+07,21544.309000000358,464157250.2874964,0.08857000118579902
Region Syddanmark,2025-08-09 02:00:00,24,23093517.636,2.3106308e+07,12790.36400000006,163593411.25249752,0.055369750097210346
Region Syddanmark,2025-08-10 02:00:00,24,21318976.03,2.1229858e+07,89118.03000000119,7942023271.081113,0.41889763624153153
Region Syddanmark,2025-08-11 02:00:00,24,22195903.27,2.1920432e+07,275471.26999999955,75884420595.41266,1.2488402235320104
Region Syddanmark,2025-08-12 02:00:00,24,23930598.452,2.3957518e+07,26919.548000000417,724662064.5243264,0.11242683986948145
Region Syddanmark,2025-08-13 02:00:00,24,24637692.73,2.4693032e+07,55339.26999999955,3062434804.1328506,0.2243602554103387
Region Syddanmark,2025-08-14 02:00:00,24,24604182.932,2.4543772e+07,60410.93200000003,3649480705.108628,0.24583294293153493
Region Syddanmark,2025-08-15 02:00:00,24,25360413.543,2.5295622e+07,64791.54300000146,4197944044.3210382,0.2558097660248298
Region Syddanmark,2025-08-16 02:00:00,24,25018585.314999998,2.4804714e+07,213871.31499999762,45740939379.82821,0.8585192788933136
Region Syddanmark,2025-08-17 02:00:00,24,21781902.402000003,2.1707118e+07,74784.40200000256,5592706782.497988,0.34392313880017095
Region Syddanmark,2025-08-18 02:00:00,24,21794330.501000002,2.1721746e+07,72584.50100000203,5268509785.419295,0.3335985540807386
Region Syddanmark,2025-08-19 02:00:00,24,24189659.194,2.4182066e+07,7593.1939999982715,57656595.12160975,0.03139517546477803
Region Syddanmark,2025-08-20 02:00:00,24,24858367.762000002,2.481281e+07,45557.76200000197,2075509678.4488232,0.18343741402022914
Region Syddanmark,2025-08-21 02:00:00,24,24635679.923,2.46899e+07,54220.07699999958,2939816749.885884,0.21984567473769256
Region Syddanmark,2025-08-22 02:00:00,24,24825231.095,2.465649e+07,168741.0949999988,28473557141.798622,0.6820340572876704
Region Syddanmark,2025-08-23 02:00:00,24,24251095.935,2.4069042e+07,182053.93499999866,33143635248.983738,0.753532348127386
Region Syddanmark,2025-08-24 02:00:00,24,22123064.558000002,2.1914364e+07,208700.55800000206,43555922909.51222,0.9478326270805326
Region Syddanmark,2025-08-25 02:00:00,24,22568327.757,2.2445038e+07,123289.75699999928,15200364181.118872,0.5477917721841388
Region Syddanmark,2025-08-26 02:00:00,24,24777017.388,2.4700112e+07,76905.38800000027,5914438703.430585,0.3108724736106158
Region Syddanmark,2025-08-27 02:00:00,24,24505896.785,2.4517848e+07,11951.214999999851,142831539.97622144,0.04875684243385917
Region Syddanmark,2025-08-28 02:00:00,24,24966052.232,2.4921742e+07,44310.232000000775,1963396659.8938928,0.17763957169137956
Region Syddanmark,2025-08-29 02:00:00,24,24661273.838999998,2.4649802e+07,11471.838999997824,131603090.04187109,0.046528447432188355
Region Syddanmark,2025-08-30 02:00:00,24,23773098.552,2.3710234e+07,62864.55200000107,3951951898.160839,0.2647857621667846
Region Syddanmark,2025-08-31 02:00:00,24,22163893.200999998,2.1864708e+07,299185.20099999756,89511784497.40894,1.3590493126690673
Region Syddanmark,2025-09-01 02:00:00,24,22657226.969,2.2767038e+07,109811.0309999995,12058462529.28285,0.48349062367851436
Region Syddanmark,2025-09-02 02:00:00,24,24303074.675,2.4319128e+07,16053.324999999255,257709243.5556011,0.06603289903298999
Region Syddanmark,2025-09-03 02:00:00,24,24010319.516000003,2.3918636e+07,91683.51600000262,8405867106.122737,0.3825809054795536
Region Syddanmark,2025-09-04 02:00:00,24,26415318.095,2.6437262e+07,21943.905000001192,481534966.6490773,0.08303815995570346
Region Syddanmark,2025-09-05 02:00:00,24,25395074.809,2.5288598e+07,106476.80900000036,11337310854.822557,0.4201621670207494
Region Syddanmark,2025-09-06 02:00:00,24,23506818.38,2.3500774e+07,6044.379999998957,36534529.58438739,0.025716611695989003
Region Syddanmark,2025-09-07 02:00:00,24,21879441.435,2.1808192e+07,71249.43499999866,5076481987.819034,0.3261766747150819
Region Syddanmark,2025-09-08 02:00:00,24,23111077.959000003,2.30312e+07,79877.9590000026,6380488334.006095,0.3462246015291166
Region Syddanmark,2025-09-09 02:00:00,24,24440900.503,2.448982e+07,48919.49700000137,2393117186.7331433,0.19995412492240763
Region Syddanmark,2025-09-10 02:00:00,24,24860366.842,2.4733712e+07,126654.84200000018,16041449002.04501,0.5107659823807004
Region Syddanmark,2025-09-11 02:00:00,24,25340342.376000002,2.5221168e+07,119174.37600000203,14202531894.989859,0.47140354437105764
Region Syddanmark,2025-09-12 02:00:00,24,27081390.83,2.687213e+07,209260.8299999982,43790094972.288155,0.7757077824794784
Region Syddanmark,2025-09-13 02:00:00,24,25994325.961,2.5848244e+07,146081.9609999992,21339939329.605286,0.5635598740953367
Region Syddanmark,2025-09-14 02:00:00,24,22728200.395000003,2.2763672e+07,35471.60499999672,1258234761.2757924,0.1559469994639983
Region Syddanmark,2025-09-15 02:00:00,24,22646125.494999997,2.2640254e+07,5871.494999997318,34474453.5349935,0.025930511846925543
Region Syddanmark,2025-09-16 02:00:00,24,27788351.635,2.7605584e+07,182767.63500000164,33404008403.493824,0.6598831908398365
Region Syddanmark,2025-09-17 02:00:00,24,27319570.891,2.759617e+07,276599.1090000011,76507067099.5945,1.0073581982587154
Region Syddanmark,2025-09-18 02:00:00,24,26570728.454,2.6388482e+07,182246.4539999999,33213769995.574085,0.6882521564716223
Region Syddanmark,2025-09-19 02:00:00,24,27246045.412,2.7177842e+07,68203.41200000048,4651705408.441809,0.2506377814715316
Region Syddanmark,2025-09-20 02:00:00,24,24795022.927,2.5036618e+07,241595.07299999893,58368179297.87481,0.9696452635542122
Region Syddanmark,2025-09-21 02:00:00,24,22103286.347999997,2.2151836e+07,48549.65200000256,2357068709.321353,0.21940805684925033
Region Syddanmark,2025-09-22 02:00:00,24,23470882.437000003,2.3546284e+07,75401.56299999729,5685395702.84256,0.32074056653767324
Region Syddanmark,2025-09-23 02:00:00,24,26698320.685,2.65256e+07,172720.68499999866,29832435026.868763,0.6490340537752838
Region Syddanmark,2025-09-24 02:00:00,24,26092364.304,2.597842e+07,113944.3040000014,12983304414.044735,0.4376515757272677
Region Syddanmark,2025-09-25 02:00:00,24,27078333.189,2.6923588e+07,154745.1889999993,23946073518.645508,0.5731099397682925
Region Syddanmark,2025-09-26 02:00:00,24,26783664.243,2.656095e+07,222714.24300000072,49601634035.06337,0.8350017941285451
Region Syddanmark,2025-09-27 02:00:00,24,27507027.285,2.7358714e+07,148313.28500000015,21996830507.49127,0.5406407770181653
Region Syddanmark,2025-09-28 02:00:00,24,23302130.686,2.336531e+07,63179.313999999315,3991625717.5105095,0.2707639976449482
Region Syddanmark,2025-09-29 02:00:00,24,22822257.435,2.2905424e+07,83166.56500000134,6916677533.899448,0.36374713254691976
Region Syddanmark,2025-09-30 02:00:00,24,26056128.923,2.5974584e+07,81544.92300000042,6649574467.075997,0.31344918575564534
Region Syddanmark,2025-10-01 02:00:00,24,25733777.720999997,2.5733626e+07,151.72099999710917,23019.261840122803,0.0005895809348362492
Region Syddanmark,2025-10-02 02:00:00,24,26539085.852,2.6323612e+07,215473.85200000182,46428980895.71869,0.8152207918077325
Region Syddanmark,2025-10-03 02:00:00,24,27781187.472999997,2.7723268e+07,57919.47299999744,3354665352.597432,0.20870206727159846
Region Syddanmark,2025-10-04 02:00:00,24,29215668.947000004,2.8831366e+07,384302.94700000435,147688755072.88815,1.3241087933290414
Region Syddanmark,2025-10-05 02:00:00,24,27155178.965000004,2.672267e+07,432508.9650000036,187064004805.37433,1.6055168248493699
Region Syddanmark,2025-10-06 02:00:00,24,25715944.812,2.5697262e+07,18682.811999998987,349047464.2273061,0.07267709274901078
Region Syddanmark,2025-10-07 02:00:00,24,24880398.115,2.4985564e+07,105165.88500000164,11059863367.83357,0.42179426823238647
Region Syddanmark,2025-10-08 02:00:00,24,25166022.773000002,2.5262354e+07,96331.22699999809,9279705295.325161,0.38205166679715563
Region Syddanmark,2025-10-09 02:00:00,24,25124739.777,2.5208678e+07,83938.22300000116,7045625280.397924,0.3335288033563935
Region Syddanmark,2025-10-10 02:00:00,24,26828010.182,2.6612626e+07,215384.18200000003,46390345855.809135,0.8060689295182688
Region Syddanmark,2025-10-11 02:00:00,24,26179255.880000003,2.6129462e+07,49793.88000000268,2479430485.454667,0.19038463192400723
Region Syddanmark,2025-10-12 02:00:00,24,22494716.757,2.2626068e+07,131351.24300000072,17253149037.645237,0.5822205606901507
Region Syddanmark,2025-10-13 02:00:00,24,21905537.645999998,2.206881e+07,163272.35400000215,26657861580.702015,0.7425799937471216
Region Syddanmark,2025-10-14 02:00:00,24,24609459.087,2.4615438e+07,5978.912999998778,35747400.66155439,0.024292231589358764
Region Syddanmark,2025-10-15 02:00:00,24,25057940.836999997,2.5081674e+07,23733.163000002503,563263025.9846878,0.09466830998665297
Region Syddanmark,2025-10-16 02:00:00,24,25636965.433000002,2.5750838e+07,113872.56699999794,12966961515.169022,0.44318908142655405
Region Syddanmark,2025-10-17 02:00:00,24,25801118.954,2.5882746e+07,81627.04600000009,6662974638.686131,0.31587051809167255
Region Syddanmark,2025-10-18 02:00:00,24,25300041.023000002,2.5414398e+07,114356.97699999809,13077518188.578093,0.45098389808920075
Region Syddanmark,2025-10-19 02:00:00,24,23008945.619999997,2.2897122e+07,111823.61999999732,12504521989.903801,0.48718448692076116
Region Syddanmark,2025-10-20 02:00:00,24,24930610.307,2.5128194e+07,197583.69299999997,39039315739.518234,0.7894063621186843
Region Syddanmark,2025-10-21 02:00:00,24,27969799.951,2.783468e+07,135119.95100000128,18257401158.24275,0.48426202024871645
Region Syddanmark,2025-10-22 02:00:00,24,28280069.599,2.8367508e+07,87438.40100000054,7645473969.436894,0.30871011508723045
Region Syddanmark,2025-10-23 02:00:00,24,26851630.154,2.6718272e+07,133358.15399999917,17784397238.287495,0.4978846278891009
Region Syddanmark,2025-10-24 02:00:00,24,29214127.586,2.8863638e+07,350489.5859999992,122842949894.45084,1.2069664955722295
Region Syddanmark,2025-10-25 02:00:00,24,29697876.713000003,2.932587e+07,372006.71300000325,138388994517.06677,1.2605323576250325
Region Syddanmark,2025-10-26 02:00:00,24,27330233.395,2.7053904e+07,276329.39499999955,76357934541.06578,1.0162132130293011
Region Syddanmark,2025-10-27 01:00:00,24,27078356.025,2.7225042e+07,146685.9750000015,21516775261.70106,0.5402460263443211
Region Syddanmark,2025-10-28 01:00:00,24,27779349.522,2.7914272e+07,134922.47800000012,18204075069.660515,0.4845168057412222
Region Syddanmark,2025-10-29 01:00:00,24,28825945.081,2.8613002e+07,212943.08100000024,45344755745.77266,0.7414588596121352
Region Syddanmark,2025-10-30 01:00:00,24,27868029.535,2.797096e+07,102930.46499999985,10594680625.116194,0.36866879525276086
Region Syddanmark,2025-10-31 01:00:00,24,28431477.914,2.8379862e+07,51615.914000000805,2664202578.055479,0.18170989833415674
Region Syddanmark,2025-11-01 01:00:00,24,27111251.005999997,2.692534e+07,185911.00599999726,34562902151.931015,0.6880930219278802
Region Syddanmark,2025-11-02 01:00:00,24,26932240.456,2.680044e+07,131800.45600000024,17371360201.808,0.4905783775589884
Region Syddanmark,2025-11-03 01:00:00,24,24537686.241,2.4677234e+07,139547.7589999996,19473577041.921974,0.5670953374165791
Region Syddanmark,2025-11-04 01:00:00,24,29480365.665,2.910816e+07,372205.6649999991,138537057058.09155,1.270575290213694
Region Syddanmark,2025-11-05 01:00:00,24,29929186.886,3.0048234e+07,119047.11400000006,14172215351.72901,0.39697310168196376
Region Syddanmark,2025-11-06 01:00:00,24,27803216.413000003,2.7961636e+07,158419.5869999975,25096765545.249775,0.5681700215997216
Region Syddanmark,2025-11-07 01:00:00,24,27327632.706,2.7507168e+07,179535.29399999976,32232921791.66635,0.6548224546765065
Region Syddanmark,2025-11-08 01:00:00,24,26681893.783000004,2.6780208e+07,98314.21699999645,9665685264.322392,0.3677903177059852
Region Syddanmark,2025-11-09 01:00:00,24,24267148.749999996,2.4457864e+07,190715.25000000373,36372306582.56392,0.7828227813034435
Region Syddanmark,2025-11-10 01:00:00,24,24289006.764000002,2.4587704e+07,298697.2359999977,89220038794.03833,1.2222476976499093
Region Syddanmark,2025-11-11 01:00:00,24,27974638.441999998,2.7920838e+07,53800.441999997944,2894487559.3951426,0.19250374243011964
Region Syddanmark,2025-11-12 01:00:00,24,28801195.990000002,2.8669798e+07,131397.9900000021,17265431776.04065,0.4572671564471826
Region Syddanmark,2025-11-13 01:00:00,24,30393203.72,3.0234274e+07,158929.7199999988,25258655899.278023,0.5242828036950332
Region Syddanmark,2025-11-14 01:00:00,24,29652591.269,2.9881384e+07,228792.73099999875,52346113758.43779,0.7686123090763389
Region Syddanmark,2025-11-15 01:00:00,24,28152663.575999998,2.803599e+07,116673.57599999756,13612723336.627205,0.41529230040077925
Region Syddanmark,2025-11-16 01:00:00,24,25862665.522,2.6024508e+07,161842.47800000012,26192987685.180523,0.6238246064082847
Region Syddanmark,2025-11-17 01:00:00,24,26474646.161000002,2.64193e+07,55346.161000002176,3063197537.438162,0.20927219471029088
Region Syddanmark,2025-11-18 01:00:00,24,30808345.834,3.0991612e+07,183266.16600000113,33586487600.33997,0.5930947930167519
Region Syddanmark,2025-11-19 01:00:00,24,30959932.661000002,3.1038602e+07,78669.33899999782,6188864898.696579,0.2537780592078559
Region Syddanmark,2025-11-20 01:00:00,24,31497018.751999997,3.1237184e+07,259834.7519999966,67514098346.89974,0.8283671126806913
Region Syddanmark,2025-11-21 01:00:00,24,32228320.461000003,3.1608042e+07,620278.4610000029,384745369180.53217,1.9433389907796015
Region Syddanmark,2025-11-22 01:00:00,24,31006695.461999997,3.1120682e+07,113986.5380000025,12992930845.226015,0.36694463103555913
Region Syddanmark,2025-11-23 01:00:00,24,30610892.747,3.0495412e+07,115480.74700000137,13335802927.678326,0.3779667171108751
Region Syddanmark,2025-11-24 01:00:00,24,29685748.667,2.971268e+07,26931.333000000566,725296697.1569195,0.09068028769240091
Region Syddanmark,2025-11-25 01:00:00,24,32670430.87,3.1497676e+07,1172754.870000001,1375353985108.7192,3.655257813280727
Region Syddanmark,2025-11-26 01:00:00,24,31265155.584,3.1204716e+07,60439.58399999887,3652943314.092919,0.19349994635007017
Region Syddanmark,2025-11-27 01:00:00,24,31594012.099,3.1234842e+07,359170.09899999946,129003160015.66942,1.143328504556368
Region Syddanmark,2025-11-28 01:00:00,24,33609931.277,3.1594314e+07,2015617.2770000026,4062713007340.9053,6.182472532079094
Region Syddanmark,2025-11-29 01:00:00,24,31116804.072,3.1060634e+07,56170.072000000626,3155076988.4852543,0.180676701201349
Region Syddanmark,2025-11-30 01:00:00,24,26395387.734,2.645692e+07,61532.2659999989,3786219759.09462,0.23284608993682623
Region Syddanmark,2025-12-01 01:00:00,24,27847876.459,2.7889778e+07,41901.54100000113,1755739138.1747758,0.15035272440760292
Region Syddanmark,2025-12-02 01:00:00,24,31548268.81,3.1037474e+07,510794.80999999866,260911337922.93472,1.6323040586118391
Region Syddanmark,2025-12-03 01:00:00,24,31045567.474,3.115311e+07,107542.52600000054,11565394898.46079,0.3458032561703742
Region Syddanmark,2025-12-04 01:00:00,24,30020813.676,2.9920686e+07,100127.67599999905,10025551501.160786,0.33408465434203743
Region Syddanmark,2025-12-05 01:00:00,24,30639748.362999998,3.0668218e+07,28469.637000001967,810520230.911881,0.09287418483736787
Region Syddanmark,2025-12-06 01:00:00,24,30061610.357,2.9920694e+07,140916.35700000077,19857419670.15167,0.4698597645108834
Region Syddanmark,2025-12-07 01:00:00,24,28087265.557,2.805547e+07,31795.55700000003,1010957444.9402509,0.11326686056371078
Region Syddanmark,2025-12-08 01:00:00,24,27666207.877,2.7618064e+07,48143.87700000033,2317832892.591161,0.1741684401925883
Region Syddanmark,2025-12-09 01:00:00,24,31320527.358999997,3.1492842e+07,172314.64100000262,29692335502.959785,0.5486559398371554
Region Syddanmark,2025-12-10 01:00:00,24,30962336.033,3.080566e+07,156676.03299999982,24547379316.61703,0.5073048927029931
Region Syddanmark,2025-12-11 01:00:00,24,31047224.849,3.1173878e+07,126653.15100000054,16041020658.228937,0.4071067377489792
Region Syddanmark,2025-12-12 01:00:00,24,32592730.950000003,3.1645196e+07,947534.950000003,897822481471.5082,2.950079477930609
Region Syddanmark,2025-12-13 01:00:00,24,27993948.413999997,2.8043446e+07,49497.58600000292,2450011019.8276854,0.17665912741880369
Region Syddanmark,2025-12-14 01:00:00,24,26128119.739,2.632482e+07,196700.26099999994,38690992677.468094,0.7500066229986674
Region Syddanmark,2025-12-15 01:00:00,24,28647570.451,2.8697736e+07,50165.54899999872,2516582306.4712725,0.17495956375388388
Region Syddanmark,2025-12-16 01:00:00,24,29985123.414,3.0127682e+07,142558.5859999992,20322950442.319168,0.4743035531886786
Region Syddanmark,2025-12-17 01:00:00,24,29132341.834,2.9239694e+07,107352.16600000113,11524487544.8918,0.3678205307256789
Region Syddanmark,2025-12-18 01:00:00,24,29285495.012000002,2.9245424e+07,40071.01200000197,1605686002.7043016,0.13692254513135738
Region Syddanmark,2025-12-19 01:00:00,24,32070676.665999997,3.1773372e+07,297304.6659999974,88390064425.37001,0.9313465302156703
Region Syddanmark,2025-12-20 01:00:00,24,30186606.736,3.0110256e+07,76350.73600000143,5829434887.741915,0.2532494479332721
Region Syddanmark,2025-12-21 01:00:00,24,24846470.458,2.5273816e+07,427345.54199999943,182624212267.2733,1.7052797268351934
Region Syddanmark,2025-12-22 01:00:00,24,25771484.165,2.60989e+07,327415.8350000009,107201129008.74782,1.2624384425551551
Region Syddanmark,2025-12-23 01:00:00,24,28526107.66,2.7806976e+07,719131.6600000001,517150344414.35583,2.553141469550436
Region Syddanmark,2025-12-24 01:00:00,24,29186854.854,2.8605676e+07,581178.8539999984,337768860336.75146,2.0112593977523416
Region Syddanmark,2025-12-25 01:00:00,24,29650405.987000003,2.9636764e+07,13641.987000003457,186103809.30826333,0.04602003098813709
Region Syddanmark,2025-12-26 01:00:00,24,28884645.235,2.8740588e+07,144057.2349999994,20752486955.845055,0.49997970303225764
Region Syddanmark,2025-12-27 01:00:00,24,27270728.913999997,2.7352898e+07,82169.08600000292,6751758694.075876,0.30085547460761175
Region Syddanmark,2025-12-28 01:00:00,24,27726626.681,2.745857e+07,268056.6810000017,71854384228.7367,0.9714803864866622
Region Syddanmark,2025-12-29 01:00:00,24,28452864.134,2.8214436e+07,238428.1339999996,56847975082.72177,0.8415016541680775
Region Syddanmark,2025-12-30 01:00:00,24,29183675.14,2.8821196e+07,362479.1400000006,131391126935.14003,1.2498231023567812
Region Syddanmark,2024-12-25 01:00:00,168,198005737.20200002,1.971623e+08,843433.2020000219,711379566236.0098,0.42687318510601924
Region Syddanmark,2024-12-26 01:00:00,168,188511327.055,1.8361344e+08,4897887.055000007,23989297603536.645,2.63238971905146
Region Syddanmark,2024-12-27 01:00:00,168,179199059.39699998,1.7591189e+08,3287171.396999985,10805495793254.832,1.8513489494454014
Region Syddanmark,2024-12-28 01:00:00,168,173284557.58900002,1.757397e+08,2455138.4109999835,6027704617167.524,1.4068583405043693
Region Syddanmark,2024-12-29 01:00:00,168,168612594.63500002,1.7195437e+08,3341773.3649999797,11167449223023.287,1.96247653568294
Region Syddanmark,2024-12-30 01:00:00,168,168867413.217,1.6999998e+08,1132570.7829999924,1282716578505.2158,0.6684448207773318
Region Syddanmark,2024-12-31 01:00:00,168,168635804.977,1.6856669e+08,69116.97699999809,4777156509.618265,0.04099434520177906
Region Syddanmark,2025-01-01 01:00:00,168,170974425.73099998,1.7195019e+08,975766.2690000236,952119811718.2264,0.5690849933471053
Region Syddanmark,2025-01-02 01:00:00,168,175845471.10099998,1.7545002e+08,395455.10099998116,156384736906.9053,0.22514100836500928
Region Syddanmark,2025-01-03 01:00:00,168,181898918.859,1.8113869e+08,760230.8589999974,577950958975.8739,0.4188165879438838
Region Syddanmark,2025-01-04 01:00:00,168,188400917.125,1.8887811e+08,477194.875,227714948726.26562,0.2529665516298262
Region Syddanmark,2025-01-05 01:00:00,168,191238203.56,1.8649995e+08,4738251.560000002,22451027845842.457,2.5087492434940835
Region Syddanmark,2025-01-06 01:00:00,168,191869591.738,1.8942888e+08,2440711.7380000055,5957073788011.008,1.2802106060771632
Region Syddanmark,2025-01-07 01:00:00,168,197801561.954,1.977586e+08,42969.953999996185,1846416946.7617881,0.021726128666131116
Region Syddanmark,2025-01-08 01:00:00,168,205004834.05900002,2.0421627e+08,788562.0590000153,621830120894.3435,0.38539657281817874
Region Syddanmark,2025-01-09 01:00:00,168,209282880.414,2.0603054e+08,3252336.4140000045,10577692149830.408,1.56620818052727
Region Syddanmark,2025-01-10 01:00:00,168,211445257.27400002,2.0974952e+08,1695737.2740000188,2875524902433.015,0.8052033716918052
Region Syddanmark,2025-01-11 01:00:00,168,212102664.22599998,2.0839133e+08,3711336.225999981,13774016582419.783,1.765226754538398
Region Syddanmark,2025-01-12 01:00:00,168,215993959.919,2.0802886e+08,7965095.919,63442752998870.45,3.75691848159643
Region Syddanmark,2025-01-13 01:00:00,168,215766067.731,2.078816e+08,7884467.731000006,62164831401180.38,3.7221815822700766
Region Syddanmark,2025-01-14 01:00:00,168,217213277.578,2.0995642e+08,7256861.578000009,52662039962252.78,3.3976481417565387
Region Syddanmark,2025-01-15 01:00:00,168,217204903.963,2.0998914e+08,7215767.9629999995,52067307295857.164,3.3782156528330636
Region Syddanmark,2025-01-16 01:00:00,168,214917607.971,2.09752e+08,5165607.970999986,26683505710058.59,2.432765554229507
Region Syddanmark,2025-01-17 01:00:00,168,215312839.349,2.0955776e+08,5755079.349000007,33120938313286.344,2.709097479476396
Region Syddanmark,2025-01-18 01:00:00,168,214302010.021,2.0859491e+08,5707098.020999998,32570967821302.094,2.6990492121465937
Region Syddanmark,2025-01-19 01:00:00,168,210138538.931,2.0781275e+08,2325786.9309999943,5409284848410.372,1.112946403787498
Region Syddanmark,2025-01-20 01:00:00,168,209297427.126,2.0431803e+08,4979395.125999987,24794375820832.426,2.4077413046996923
Region Syddanmark,2025-01-21 01:00:00,168,205349456.923,2.0489278e+08,456672.92300000787,208550158601.37112,0.2226357393000506
Region Syddanmark,2025-01-22 01:00:00,168,202828266.88799998,2.0249907e+08,329194.88799998164,108369274285.32045,0.16243409038389328
Region Syddanmark,2025-01-23 01:00:00,168,204019989.74800003,2.0357592e+08,444069.74800002575,197197941088.80637,0.21789705803209655
Region Syddanmark,2025-01-24 01:00:00,168,204900874.919,2.0433202e+08,568858.9189999998,323600469725.84827,0.27801231602989346
Region Syddanmark,2025-01-25 01:00:00,168,209216220.279,2.060938e+08,3122428.279000014,9749558357498.99,1.5036614512931155
Region Syddanmark,2025-01-26 01:00:00,168,210916117.264,2.0820117e+08,2714949.2639999986,7370949506094.134,1.295555854867625
Region Syddanmark,2025-01-27 01:00:00,168,211687194.63,2.0814875e+08,3538442.629999995,12520576245801.283,1.685631093956046
Region Syddanmark,2025-01-28 01:00:00,168,215408245.017,2.0980298e+08,5605269.01699999,31419040752940.03,2.6364633574784664
Region Syddanmark,2025-01-29 01:00:00,168,214324773.87600002,2.09736e+08,4588773.876000017,21056845685060.22,2.1642057736478235
Region Syddanmark,2025-01-30 01:00:00,168,213172757.489,2.0991211e+08,3260645.4889999926,10631809004936.0,1.541367098728057
Region Syddanmark,2025-01-31 01:00:00,168,210934867.894,2.0917979e+08,1755075.8939999938,3080291393699.8774,0.8355223283295188
Region Syddanmark,2025-02-01 01:00:00,168,205285602.25,2.05355e+08,69405.75,4817158133.0625,0.03380364643318908
Region Syddanmark,2025-02-02 01:00:00,168,202705295.401,2.0127016e+08,1435135.400999993,2059613619203.411,0.7105062358679332
Region Syddanmark,2025-02-03 01:00:00,168,200981597.164,2.0092525e+08,56349.16400000453,3175228283.4994063,0.028040907826295407
Region Syddanmark,2025-02-04 01:00:00,168,197332426.611,1.988631e+08,1530677.3889999986,2342973269195.853,0.772687862803216
Region Syddanmark,2025-02-05 01:00:00,168,198925913.694,1.9933824e+08,412326.3059999943,170012982619.60092,0.20706172131012257
Region Syddanmark,2025-02-06 01:00:00,168,199225262.276,1.9969051e+08,465249.7240000069,216457305682.0826,0.23325712042568267
Region Syddanmark,2025-02-07 01:00:00,168,198901291.128,1.9987992e+08,978628.8720000088,957714469112.0096,0.49080992017243785
Region Syddanmark,2025-02-08 01:00:00,168,201787180.269,2.0124066e+08,546524.2689999938,298688776605.9776,0.2712091919304638
Region Syddanmark,2025-02-09 01:00:00,168,204770026.573,2.0344717e+08,1322858.5730000138,1749954804159.6328,0.6481150674624274
Region Syddanmark,2025-02-10 01:00:00,168,206411461.56800002,2.0379965e+08,2611813.5680000186,6821570113988.987,1.2733997237425199
Region Syddanmark,2025-02-11 01:00:00,168,208333210.996,2.0661757e+08,1715642.995999992,2943430889723.828,0.8269139776775936
Region Syddanmark,2025-02-12 01:00:00,168,208919410.604,2.0670982e+08,2209586.604000002,4882272960576.263,1.063248886284544
Region Syddanmark,2025-02-13 01:00:00,168,210037472.72,2.0716331e+08,2874160.719999999,8260799844390.911,1.3778309271057398
Region Syddanmark,2025-02-14 01:00:00,168,211547057.615,2.1014253e+08,1404529.6150000095,1972703439412.075,0.6661438474709387
Region Syddanmark,2025-02-15 01:00:00,168,209515215.144,2.0599883e+08,3516383.143999994,12364950415407.281,1.6925459768061035
Region Syddanmark,2025-02-16 01:00:00,168,208567490.141,2.0453155e+08,4035938.1410000026,16288796677978.557,1.9539808759093884
Region Syddanmark,2025-02-17 01:00:00,168,208593332.505,2.0389402e+08,4699316.504999995,22083575614165.37,2.278526370339347
Region Syddanmark,2025-02-18 01:00:00,168,208245731.622,2.0621237e+08,2033363.6220000088,4134567619272.9946,0.9812155312464668
Region Syddanmark,2025-02-19 01:00:00,168,207617864.244,2.0631277e+08,1305096.2439999878,1703276206102.8757,0.6305869352672947
Region Syddanmark,2025-02-20 01:00:00,168,210257054.286,2.0638902e+08,3868030.2860000134,14961658293413.346,1.8567462830382704
Region Syddanmark,2025-02-21 01:00:00,168,213682850.902,2.099685e+08,3714354.90200001,13796432338011.504,1.753496090198539
Region Syddanmark,2025-02-22 01:00:00,168,215594604.125,2.0820702e+08,7387580.125,54576340103295.016,3.4863387182745975
Region Syddanmark,2025-02-23 01:00:00,168,215423272.181,2.0675258e+08,8670696.180999994,75180972263207.89,4.107623028820254
Region Syddanmark,2025-02-24 01:00:00,168,215589781.502,2.0765928e+08,7930501.502000004,62892854073224.32,3.747439615746215
Region Syddanmark,2025-02-25 01:00:00,168,215790655.833,2.0991491e+08,5875743.833000004,34524365591037.582,2.7604730954822743
Region Syddanmark,2025-02-26 01:00:00,168,213036803.801,2.0877461e+08,4262195.800999999,18166313046062.023,2.02090113342443
Region Syddanmark,2025-02-27 01:00:00,168,208758532.973,2.0494755e+08,3810980.97299999,14523575976567.951,1.8423615757301268
Region Syddanmark,2025-02-28 01:00:00,168,204091170.023,2.0302496e+08,1066210.023000002,1136803813145.6646,0.5237866762683986
Region Syddanmark,2025-03-01 01:00:00,168,200979912.235,1.9985845e+08,1121464.2350000143,1257682030384.1672,0.5595593367573563
Region Syddanmark,2025-03-02 01:00:00,168,199622225.578,1.959134e+08,3708817.578000009,13755327826881.854,1.8753392934286042
Region Syddanmark,2025-03-03 01:00:00,168,199231747.944,1.9709914e+08,2132611.9440000057,4548033703691.483,1.0761775225679033
Region Syddanmark,2025-03-04 01:00:00,168,198541850.345,1.9482707e+08,3714778.344999999,13799578152480.93,1.8886994543722457
Region Syddanmark,2025-03-05 01:00:00,168,200641229.266,1.9571883e+08,4922397.266000003,24229994844324.3,2.4838008402145983
Region Syddanmark,2025-03-06 01:00:00,168,203762585.673,1.9971037e+08,4052217.673000008,16420468069373.6,2.0086688022633514
Region Syddanmark,2025-03-07 01:00:00,168,203796629.987,1.999084e+08,3888229.9869999886,15118332431805.932,1.92627274776596
Region Syddanmark,2025-03-08 01:00:00,168,202777696.709,2.0080232e+08,1975376.7089999914,3902113142459.6367,0.9789269176944062
Region Syddanmark,2025-03-09 01:00:00,168,201533924.201,1.9780208e+08,3731844.201000005,13926661140537.365,1.8690246618091746
Region Syddanmark,2025-03-10 01:00:00,168,197850112.74199998,1.9529114e+08,2558976.741999984,6548361966096.852,1.3018103545167905
Region Syddanmark,2025-03-11 01:00:00,168,192800479.381,1.914148e+08,1385679.3810000122,1920107346928.577,0.7213036312519621
Region Syddanmark,2025-03-12 01:00:00,168,189972881.51500002,1.902967e+08,323822.4849999845,104861001791.56519,0.17031206140845104
Region Syddanmark,2025-03-13 01:00:00,168,186496978.23499998,1.8582093e+08,676050.2349999845,457043920243.53424,0.36315751871105245
Region Syddanmark,2025-03-14 01:00:00,168,186060383.623,1.8497818e+08,1082207.622999996,1171173339279.3013,0.5833397068485773
Region Syddanmark,2025-03-15 01:00:00,168,187142997.284,1.8505928e+08,2083717.2840000093,4341877719640.3755,1.1196692826304653
Region Syddanmark,2025-03-16 01:00:00,168,188353840.713,1.8758051e+08,773328.7129999995,598037298350.2356,0.4114168909646747
Region Syddanmark,2025-03-17 01:00:00,168,192511320.653,1.9089147e+08,1619848.6529999971,2623909658625.9053,0.8449853178122502
Region Syddanmark,2025-03-18 01:00:00,168,195225272.48499998,1.9292474e+08,2300536.4849999845,5292468118816.084,1.1853852555506967
Region Syddanmark,2025-03-19 01:00:00,168,197991312.832,1.9407098e+08,3920336.8319999874,15369040876335.697,1.9998540760852748
Region Syddanmark,2025-03-20 01:00:00,168,198414227.55800003,1.9407014e+08,4344083.558000028,18871061958886.184,2.213633903819314
Region Syddanmark,2025-03-21 01:00:00,168,197347388.516,1.944245e+08,2922892.5160000026,8543300660088.825,1.492140008776271
Region Syddanmark,2025-03-22 01:00:00,168,198224687.369,1.9353018e+08,4694511.368999988,22038436993670.14,2.3966576080910857
Region Syddanmark,2025-03-23 01:00:00,168,200132118.25,1.9512291e+08,5009206.25,25092147255039.062,2.534670461667072
Region Syddanmark,2025-03-24 01:00:00,168,197570248.796,1.9548278e+08,2087464.7960000038,4357509274539.3374,1.0621797171494805
Region Syddanmark,2025-03-25 01:00:00,168,194795527.206,1.9222282e+08,2572711.2060000002,6618842949477.976,1.3295034983034961
Region Syddanmark,2025-03-26 01:00:00,168,191587110.236,1.8788755e+08,3699558.2360000014,13686731141555.441,1.9498314929386247
Region Syddanmark,2025-03-27 01:00:00,168,188844969.744,1.8703792e+08,1807049.7439999878,3265428777290.4214,0.9614961432432867
Region Syddanmark,2025-03-28 01:00:00,168,188090150.067,1.8512826e+08,2961894.0670000017,8772816464129.811,1.5872175749382968
Region Syddanmark,2025-03-29 01:00:00,168,185496259.27,1.823446e+08,3151651.2700000107,9932905727692.68,1.7135949539215596
Region Syddanmark,2025-03-30 01:00:00,168,182317867.6,1.8048341e+08,1834459.599999994,3365242024032.138,1.011275165428329
Region Syddanmark,2025-03-31 02:00:00,168,183643620.387,1.811916e+08,2452020.3869999945,6012403978263.603,1.3441796460325335
Region Syddanmark,2025-04-01 02:00:00,168,182999807.284,1.8068075e+08,2319055.2840000093,5378017410248.364,1.2753254056613166
Region Syddanmark,2025-04-02 02:00:00,168,182272326.763,1.799764e+08,2295926.7630000114,5271279701059.711,1.2675968710869279
Region Syddanmark,2025-04-03 02:00:00,168,183211920.322,1.8006213e+08,3149792.321999997,9921191671730.133,1.7341135908547332
Region Syddanmark,2025-04-04 02:00:00,168,181849896.93,1.8046222e+08,1387672.9300000072,1925636160654.8047,0.7660096639538652
Region Syddanmark,2025-04-05 02:00:00,168,180534045.145,1.7928611e+08,1247933.1450000107,1557337134389.618,0.6936427102371143
Region Syddanmark,2025-04-06 02:00:00,168,180722841.35,1.7968216e+08,1040681.349999994,1083017672237.81,0.5775066084553901
Region Syddanmark,2025-04-07 02:00:00,168,177956016.933,1.7725472e+08,701296.9329999983,491817388235.20416,0.3948624633676416
Region Syddanmark,2025-04-08 02:00:00,168,178640398.07999998,1.7731318e+08,1327214.0799999833,1761497214150.2021,0.7457231205509791
Region Syddanmark,2025-04-09 02:00:00,168,178417653.653,1.7852186e+08,104202.34700000286,10858129120.309006,0.05838655804805892
Region Syddanmark,2025-04-10 02:00:00,168,177730295.801,1.7815011e+08,419816.19900000095,176245640942.8084,0.2359310542516588
Region Syddanmark,2025-04-11 02:00:00,168,180226703.35,1.7932485e+08,901855.349999994,813343072323.6117,0.5016556577847144
Region Syddanmark,2025-04-12 02:00:00,168,182426137.626,1.8161702e+08,809113.6259999871,654664859778.847,0.4445152175835846
Region Syddanmark,2025-04-13 02:00:00,168,181899464.576,1.820154e+08,115927.423999995,13439167635.274614,0.06371128955312914
Region Syddanmark,2025-04-14 02:00:00,168,182512464.586,1.8256918e+08,56719.41400000453,3217091924.50391,0.031072180275116455
Region Syddanmark,2025-04-15 02:00:00,168,181518476.99600002,1.807806e+08,737868.9960000217,544450655258.08,0.4073258954038861
Region Syddanmark,2025-04-16 02:00:00,168,182454482.42999998,1.8183627e+08,618210.4299999774,382184135760.7569,0.3394049519413588
Region Syddanmark,2025-04-17 02:00:00,168,179079174.946,1.7783362e+08,1245558.9460000098,1551417087960.6553,0.6979626270600426
Region Syddanmark,2025-04-18 02:00:00,168,171719207.179,1.7051682e+08,1202391.1789999902,1445744547336.9866,0.7026678067557502
Region Syddanmark,2025-04-19 02:00:00,168,165507485.053,1.657126e+08,205122.9469999969,42075423385.96354,0.12385899968162516
Region Syddanmark,2025-04-20 02:00:00,168,164398207.725,1.6475677e+08,358560.27500000596,128565470808.0799,0.21786714553546552
Region Syddanmark,2025-04-21 02:00:00,168,162244932.62100002,1.6085042e+08,1394516.6210000217,1944676606245.318,0.8632229630986294
Region Syddanmark,2025-04-22 02:00:00,168,159326442.965,1.5878426e+08,542186.9650000036,293966705015.9151,0.34087942767348256
Region Syddanmark,2025-04-23 02:00:00,168,157005678.61600003,1.5784016e+08,834481.3839999735,696359180242.5112,0.5300888763009786
Region Syddanmark,2025-04-24 02:00:00,168,159087345.57,1.5977962e+08,692270.4300000072,479238348252.3948,0.43420643304749207
Region Syddanmark,2025-04-25 02:00:00,168,163319003.484,1.6304582e+08,273179.4839999974,74627030478.50482,0.16740742935198186
Region Syddanmark,2025-04-26 02:00:00,168,166167855.612,1.6785773e+08,1689872.3880000114,2855668687724.8613,1.0118221303449297
Region Syddanmark,2025-04-27 02:00:00,168,166288937.531,1.6570859e+08,580345.5309999883,336800935351.6584,0.34960834306196187
Region Syddanmark,2025-04-28 02:00:00,168,167557344.755,1.6742021e+08,137136.75499999523,18806489571.92872,0.08187817593872984
Region Syddanmark,2025-04-29 02:00:00,168,169805999.204,1.6989526e+08,89264.79600000381,7968203804.9222975,0.05255488022509815
Region Syddanmark,2025-04-30 02:00:00,168,169573954.10999998,1.697808e+08,206845.8900000155,42785222209.89851,0.12190540282395307
Region Syddanmark,2025-05-01 02:00:00,168,168898115.716,1.6900853e+08,110412.2840000093,12190872458.09871,0.06535076243887492
Region Syddanmark,2025-05-02 02:00:00,168,167455913.92700002,1.6733293e+08,122985.92700001597,15125538240.053259,0.07347074430087056
Region Syddanmark,2025-05-03 02:00:00,168,167544118.727,1.6832666e+08,782537.2730000019,612364583634.2795,0.4659752094453935
Region Syddanmark,2025-05-04 02:00:00,168,167594203.963,1.6648336e+08,1110843.9629999995,1233974310133.5442,0.665021589491133
Region Syddanmark,2025-05-05 02:00:00,168,168221680.85,1.6541749e+08,2804192.849999994,7863497539991.089,1.6809734058897168
Region Syddanmark,2025-05-06 02:00:00,168,169953333.98499998,1.6773758e+08,2215749.9849999845,4909547996027.432,1.3122946854605113
Region Syddanmark,2025-05-07 02:00:00,168,171354694.727,1.6871989e+08,2634806.726999998,6942206488644.442,1.5495464000113934
Region Syddanmark,2025-05-08 02:00:00,168,172837156.00800002,1.7095632e+08,1880836.0080000162,3537544088989.437,1.0941662010807032
Region Syddanmark,2025-05-09 02:00:00,168,175244564.218,1.7306346e+08,2181108.2179999948,4757233058627.112,1.252401949650701
Region Syddanmark,2025-05-10 02:00:00,168,175652472.624,1.7261586e+08,3036616.624000013,9221040521153.236,1.7438373658596025
Region Syddanmark,2025-05-11 02:00:00,168,174374135.19700003,1.7159683e+08,2777303.1970000267,7713413048066.569,1.6055122887919073
Region Syddanmark,2025-05-12 02:00:00,168,172599436.493,1.6941347e+08,3185964.4930000007,10150369750656.752,1.8630668105705184
Region Syddanmark,2025-05-13 02:00:00,168,171518223.51000002,1.692185e+08,2299727.5100000203,5288746620250.894,1.3498559904592422
Region Syddanmark,2025-05-14 02:00:00,168,170630480.67900002,1.6735357e+08,3276912.67900002,10738156705791.088,1.9390930973267704
Region Syddanmark,2025-05-15 02:00:00,168,170142130.222,1.663503e+08,3791826.222000003,14377946097846.814,2.253736391290364
Region Syddanmark,2025-05-16 02:00:00,168,170340667.141,1.6664165e+08,3699019.1410000026,13682742605484.396,2.195378792772707
Region Syddanmark,2025-05-17 02:00:00,168,171281299.626,1.6666662e+08,4614675.625999987,21295231133198.375,2.7309980641318887
Region Syddanmark,2025-05-18 02:00:00,168,172858581.633,1.6775723e+08,5101349.632999986,26023768078109.098,2.9953686404568916
Region Syddanmark,2025-05-19 02:00:00,168,173114379.675,1.6897658e+08,4137803.675000012,17121419252843.604,2.4191248592559047
Region Syddanmark,2025-05-20 02:00:00,168,172500857.47,1.676351e+08,4865753.469999999,23675556830817.03,2.8610638222263707
Region Syddanmark,2025-05-21 02:00:00,168,172721301.09899998,1.6875381e+08,3967493.098999977,15741001490612.441,2.323737803009078
Region Syddanmark,2025-05-22 02:00:00,168,174934320.158,1.706702e+08,4264112.157999992,18182652496003.35,2.467625167255082
Region Syddanmark,2025-05-23 02:00:00,168,175866652.572,1.7116272e+08,4703932.571999997,22126981641922.508,2.7109708536409536
Region Syddanmark,2025-05-24 02:00:00,168,175695399.37600002,1.7072274e+08,4972663.376000017,24727381051011.887,2.8709024546897464
Region Syddanmark,2025-05-25 02:00:00,168,175753078.439,1.7000894e+08,5744134.4390000105,32995080453305.965,3.322594192665217
Region Syddanmark,2025-05-26 02:00:00,168,176674625.417,1.7073176e+08,5942865.416999996,35317649364574.53,3.4212758696801933
Region Syddanmark,2025-05-27 02:00:00,168,177206690.558,1.7206368e+08,5143010.557999998,26450557599699.453,2.945002491785056
Region Syddanmark,2025-05-28 02:00:00,168,177022965.387,1.71981e+08,5041973.3869999945,25421495635216.195,2.8893502668275493
Region Syddanmark,2025-05-29 02:00:00,168,173470296.501,1.699801e+08,3490200.500999987,12181499537180.56,2.0324335491856074
Region Syddanmark,2025-05-30 02:00:00,168,169320526.51,1.6616832e+08,3152206.5099999905,9936405881686.32,1.8791721649119157
Region Syddanmark,2025-05-31 02:00:00,168,167050222.473,1.6377472e+08,3275502.47299999,10728916450629.05,1.9802028520067332
Region Syddanmark,2025-06-01 02:00:00,168,164593251.29099998,1.623999e+08,2193347.290999979,4810772338936.945,1.341524894640721
Region Syddanmark,2025-06-02 02:00:00,168,163050248.66799998,1.6134104e+08,1709208.6679999828,2921394270766.2754,1.0537944314215426
Region Syddanmark,2025-06-03 02:00:00,168,162485189.03,1.6035085e+08,2134341.030000001,4555411632341.466,1.3222445979918065
Region Syddanmark,2025-06-04 02:00:00,168,163431788.49800003,1.6171302e+08,1718764.4980000257,2954151399585.281,1.0572301521867877
Region Syddanmark,2025-06-05 02:00:00,168,163625189.05900002,1.6119784e+08,2427349.0590000153,5892023454228.26,1.494567097678975
Region Syddanmark,2025-06-06 02:00:00,168,163039651.726,1.6025664e+08,2783011.726000011,7745154267053.561,1.7216477870143145
Region Syddanmark,2025-06-07 02:00:00,168,165726932.958,1.6338286e+08,2344068.9580000043,5494659279859.226,1.4244905376056898
Region Syddanmark,2025-06-08 02:00:00,168,165738610.796,1.6251154e+08,3227074.796000004,10414011738978.467,1.9662290040074575
Region Syddanmark,2025-06-09 02:00:00,168,167663029.449,1.6407435e+08,3588677.449000001,12878605832961.154,2.1635653077895354
Region Syddanmark,2025-06-10 02:00:00,168,166799749.39099997,1.6316488e+08,3634869.390999973,13212275489628.514,2.2031872917461963
Region Syddanmark,2025-06-11 02:00:00,168,167251310.718,1.6446283e+08,2788478.7179999948,7775613560738.895,1.681254043105761
Region Syddanmark,2025-06-12 02:00:00,168,168167017.761,1.6484938e+08,3317641.7610000074,11006746854331.23,1.9924795434431497
Region Syddanmark,2025-06-13 02:00:00,168,170141103.1,1.66603e+08,3538095.099999994,12518116936643.969,2.1013552922677934
Region Syddanmark,2025-06-14 02:00:00,168,167824773.35999998,1.6403925e+08,3785525.3599999845,14330202251203.012,2.2813713547414145
Region Syddanmark,2025-06-15 02:00:00,168,168120984.215,1.6402155e+08,4099432.2150000036,16805344485379.836,2.4684776973861546
Region Syddanmark,2025-06-16 02:00:00,168,164856390.42200002,1.6296698e+08,1889414.4220000207,3569886858061.6724,1.1527027146489721
Region Syddanmark,2025-06-17 02:00:00,168,165274242.338,1.6226608e+08,3008162.3379999995,9049040651761.623,1.836819550354948
Region Syddanmark,2025-06-18 02:00:00,168,163073156.831,1.609991e+08,2074052.8310000002,4301695145779.1157,1.2799940517473634
Region Syddanmark,2025-06-19 02:00:00,168,162464896.61499998,1.6049061e+08,1974288.6149999797,3897815535318.538,1.2226381571378127
Region Syddanmark,2025-06-20 02:00:00,168,162891100.702,1.611341e+08,1757004.7019999921,3087065522850.081,1.0844864657953601
Region Syddanmark,2025-06-21 02:00:00,168,163180467.791,1.6094066e+08,2239811.7910000086,5016756859102.666,1.382083194580237
Region Syddanmark,2025-06-22 02:00:00,168,163592110.151,1.614539e+08,2138206.150999993,4571925544174.205,1.315632899904867
Region Syddanmark,2025-06-23 02:00:00,168,165504459.672,1.6290563e+08,2598827.671999991,6753905268752.893,1.5826722368785022
Region Syddanmark,2025-06-24 02:00:00,168,166898074.715,1.642037e+08,2694378.7150000036,7259676659845.07,1.6275229873773303
Region Syddanmark,2025-06-25 02:00:00,168,167806720.701,1.642098e+08,3596928.701000005,12937896080077.584,2.1667167525726327
Region Syddanmark,2025-06-26 02:00:00,168,167752503.946,1.6389598e+08,3856519.94600001,14872746093895.918,2.3256671362409107
Region Syddanmark,2025-06-27 02:00:00,168,167258234.213,1.6369866e+08,3559578.2129999995,12670597054464.27,2.151082704885882
Region Syddanmark,2025-06-28 02:00:00,168,167927070.035,1.636956e+08,4231470.034999996,17905338657102.87,2.551978750158064
Region Syddanmark,2025-06-29 02:00:00,168,168223928.294,1.6389005e+08,4333880.294,18782518402721.523,2.6098752858045837
Region Syddanmark,2025-06-30 02:00:00,168,167066452.009,1.6355214e+08,3514308.0090000033,12350360782121.568,2.125898574019919
Region Syddanmark,2025-07-01 02:00:00,168,165135237.844,1.6205627e+08,3078965.8440000117,9480030668518.705,1.8820572975551941
Region Syddanmark,2025-07-02 02:00:00,168,163617432.075,1.6062344e+08,2993992.074999988,8963988545162.734,1.8467703074197563
Region Syddanmark,2025-07-03 02:00:00,168,163819127.486,1.608928e+08,2926327.4860000014,8563392555319.089,1.8024145331872174
Region Syddanmark,2025-07-04 02:00:00,168,164804652.67200002,1.6194565e+08,2859004.6720000207,8173907714517.946,1.749962993833606
Region Syddanmark,2025-07-05 02:00:00,168,163920135.79500002,1.6081731e+08,3102823.7950000167,9627515502818.305,1.910973813502879
Region Syddanmark,2025-07-06 02:00:00,168,163547036.167,1.6088165e+08,2665388.1669999957,7104294080783.597,1.6431273170827179
Region Syddanmark,2025-07-07 02:00:00,168,162157696.031,1.5967528e+08,2482416.0309999883,6162389350965.735,1.542673508236691
Region Syddanmark,2025-07-08 02:00:00,168,161578150.063,1.5985344e+08,1724710.0629999936,2974624801413.442,1.0731428498748077
Region Syddanmark,2025-07-09 02:00:00,168,161372231.068,1.5911002e+08,2262215.067999989,5117617013886.194,1.4117568687166575
Region Syddanmark,2025-07-10 02:00:00,168,159947927.099,1.5815402e+08,1793911.099000007,3218117031115.4126,1.1278844017885827
Region Syddanmark,2025-07-11 02:00:00,168,157955470.046,1.5709114e+08,864334.0460000038,747073343074.7367,0.548702337630517
Region Syddanmark,2025-07-12 02:00:00,168,156226067.46699998,1.5589762e+08,328451.4669999778,107880366174.43753,0.2104623803946003
Region Syddanmark,2025-07-13 02:00:00,168,155577836.902,1.546972e+08,880636.90200001,775521353164.1753,0.567649212642368
Region Syddanmark,2025-07-14 02:00:00,168,155975884.672,1.5446704e+08,1508844.671999991,2276612244222.7603,0.9720593075807209
Region Syddanmark,2025-07-15 02:00:00,168,154695693.01,1.5337307e+08,1322621.0099999905,1749326336093.3948,0.8586531062031283
Region Syddanmark,2025-07-16 02:00:00,168,152851495.437,1.5162786e+08,1223639.4370000064,1497293471781.6926,0.8037585676828336
Region Syddanmark,2025-07-17 02:00:00,168,150817341.68699998,1.5048752e+08,329821.68699997663,108782345215.51056,0.21892888495280927
Region Syddanmark,2025-07-18 02:00:00,168,149193107.473,1.4966494e+08,471836.52700001,222629708211.43118,0.31575962211788533
Region Syddanmark,2025-07-19 02:00:00,168,148445849.706,1.4877056e+08,324710.29399999976,105436775029.56628,0.21850091946214958
Region Syddanmark,2025-07-20 02:00:00,168,148110346.237,1.4776029e+08,350058.23699998856,122540769291.54016,0.23662925379717334
Region Syddanmark,2025-07-21 02:00:00,168,147692285.55,1.4470325e+08,2989037.550000012,8934345475310.074,2.044516558587502
Region Syddanmark,2025-07-22 02:00:00,168,147318419.147,1.4574285e+08,1575571.1470000148,2482424439258.9424,1.0752503477095154
Region Syddanmark,2025-07-23 02:00:00,168,147744654.629,1.4620678e+08,1537870.629000008,2365046071540.8804,1.0463433253959848
Region Syddanmark,2025-07-24 02:00:00,168,147849642.893,1.4597083e+08,1878810.8930000067,3529930371655.4824,1.2788835724836463
Region Syddanmark,2025-07-25 02:00:00,168,147445683.098,1.4483304e+08,2612643.09799999,6825903957526.985,1.787775086949439
Region Syddanmark,2025-07-26 02:00:00,168,147258956.569,1.4462435e+08,2634604.5690000057,6941141234995.706,1.8052451042278057
Region Syddanmark,2025-07-27 02:00:00,168,146040325.11400002,1.4332166e+08,2718661.1140000224,7391118252775.843,1.8790727298525383
Region Syddanmark,2025-07-28 02:00:00,168,145901688.091,1.4341613e+08,2485560.0909999907,6178008965971.882,1.718221245122492
Region Syddanmark,2025-07-29 02:00:00,168,146898114.099,1.4508437e+08,1813746.099000007,3289674911637.7427,1.2423663816824706
Region Syddanmark,2025-07-30 02:00:00,168,147550018.93199998,1.4651184e+08,1038178.9319999814,1077815494848.6221,0.7060956057140712
Region Syddanmark,2025-07-31 02:00:00,168,148549205.341,1.4696128e+08,1587925.3409999907,2521506888589.9365,1.0746998294612982
Region Syddanmark,2025-08-01 02:00:00,168,149360425.86900002,1.4661451e+08,2745913.8690000176,7540042975966.646,1.8555043131492255
Region Syddanmark,2025-08-02 02:00:00,168,150601763.717,1.478666e+08,2735171.7170000076,7481164321476.77,1.832805163166729
Region Syddanmark,2025-08-03 02:00:00,168,152093143.17,1.4840568e+08,3687463.169999987,13597384630106.352,2.454228027318359
Region Syddanmark,2025-08-04 02:00:00,168,154030362.583,1.5063894e+08,3391418.5830000043,11501720005117.758,2.2262948775748055
Region Syddanmark,2025-08-05 02:00:00,168,156632900.098,1.5322086e+08,3412036.09799999,11641990334054.998,2.202352524541763
Region Syddanmark,2025-08-06 02:00:00,168,160034277.273,1.5587064e+08,4163637.273000002,17335875341114.893,2.636006624361502
Region Syddanmark,2025-08-07 02:00:00,168,162471133.38300002,1.5841696e+08,4054173.383000016,16436321819425.797,2.526845630361926
Region Syddanmark,2025-08-08 02:00:00,168,164653526.90699998,1.5923853e+08,5414998.906999975,29322213162810.93,3.343705919896553
Region Syddanmark,2025-08-09 02:00:00,168,165726524.262,1.6121723e+08,4509292.2619999945,20333716704133.027,2.75845137007995
Region Syddanmark,2025-08-10 02:00:00,168,166326801.838,1.6152038e+08,4806417.8379999995,23101652433444.59,2.9321086442846624
Region Syddanmark,2025-08-11 02:00:00,168,166671416.941,1.6313251e+08,3538904.9410000145,12523848181434.316,2.146065968567102
Region Syddanmark,2025-08-12 02:00:00,168,165938873.324,1.61663e+08,4275865.324000001,18283024268985.633,2.610403399833438
Region Syddanmark,2025-08-13 02:00:00,168,164326385.051,1.6084342e+08,3482961.050999999,12131017682783.018,2.142241348398816
Region Syddanmark,2025-08-14 02:00:00,168,164094710.741,1.6030078e+08,3793926.7409999967,14393880116074.855,2.3390748654071776
Region Syddanmark,2025-08-15 02:00:00,168,165141284.59300002,1.61523e+08,3618276.5930000246,13091925503451.865,2.2152874832316822
Region Syddanmark,2025-08-16 02:00:00,168,167066352.272,1.6344069e+08,3625664.272000015,13145441413257.396,2.19400123459771
Region Syddanmark,2025-08-17 02:00:00,168,167529278.644,1.6396038e+08,3568894.643999994,12737008979971.842,2.1532464183251303
Region Syddanmark,2025-08-18 02:00:00,168,167127705.875,1.6391309e+08,3214617.875,10333768082269.516,1.9421279398054065
Region Syddanmark,2025-08-19 02:00:00,168,167386766.617,1.6377565e+08,3611118.6170000136,13040177666044.092,2.180874675150795
Region Syddanmark,2025-08-20 02:00:00,168,167607441.64900002,1.6386178e+08,3745665.649000019,14030011154098.732,2.260038307971261
Region Syddanmark,2025-08-21 02:00:00,168,167638938.64,1.6390734e+08,3731594.6399999857,13924798557276.623,2.2510248706675022
Region Syddanmark,2025-08-22 02:00:00,168,167103756.192,1.633579e+08,3745852.1920000017,14031408644311.217,2.2670419254225385
Region Syddanmark,2025-08-23 02:00:00,168,166336266.81199998,1.627087e+08,3627562.8119999766,13159211955005.178,2.2049039698422175
Region Syddanmark,2025-08-24 02:00:00,168,166677428.968,1.6355083e+08,3126596.9679999948,9775608600306.76,1.8935974521592933
Region Syddanmark,2025-08-25 02:00:00,168,167451426.22399998,1.6386926e+08,3582162.223999977,12831886199052.463,2.1623534718451425
Region Syddanmark,2025-08-26 02:00:00,168,168038784.41799998,1.6386186e+08,4176928.417999983,17446731009095.84,2.516975208447627
Region Syddanmark,2025-08-27 02:00:00,168,167686313.44099998,1.6420818e+08,3478137.4409999847,12097440058485.922,2.095929611159322
Region Syddanmark,2025-08-28 02:00:00,168,168016685.75,1.6420013e+08,3816557.75,14566113059085.062,2.297630699012145
Region Syddanmark,2025-08-29 02:00:00,168,167852728.494,1.6415507e+08,3697656.493999988,13672663547620.281,2.227451577040168
Region Syddanmark,2025-08-30 02:00:00,168,167374731.111,1.6393402e+08,3440715.1110000014,11838520475063.752,2.0770445338391514
Region Syddanmark,2025-08-31 02:00:00,168,167415559.754,1.642327e+08,3182855.754000008,10130570750770.96,1.9194165034802597
Region Syddanmark,2025-09-01 02:00:00,168,167504458.96600002,1.6426765e+08,3236810.9660000205,10476945229617.986,1.9512254936679945
Region Syddanmark,2025-09-02 02:00:00,168,167030516.253,1.637242e+08,3306324.252999991,10931780065975.95,1.99926058223844
Region Syddanmark,2025-09-03 02:00:00,168,166534938.984,1.6320523e+08,3329706.9839999974,11086948599298.36,2.019594381881706
Region Syddanmark,2025-09-04 02:00:00,168,167984204.847,1.6429146e+08,3692748.847000003,13636394047019.85,2.222701980389933
Region Syddanmark,2025-09-05 02:00:00,168,168718005.817,1.647402e+08,3977813.8170000017,15823002762716.123,2.3857945871722146
Region Syddanmark,2025-09-06 02:00:00,168,168451725.645,1.646557e+08,3796029.6450000107,14409841065718.908,2.279162455314805
Region Syddanmark,2025-09-07 02:00:00,168,168167273.879,1.645109e+08,3656377.879000008,13369099194040.598,2.198147164468223
Region Syddanmark,2025-09-08 02:00:00,168,168621124.869,1.6535251e+08,3268612.868999988,10683830087392.332,1.9574077161558057
Region Syddanmark,2025-09-09 02:00:00,168,168758950.69700003,1.6523765e+08,3521302.6970000267,12399572683899.662,2.1085859620951015
Region Syddanmark,2025-09-10 02:00:00,168,169608998.023,1.6606954e+08,3539462.023000002,12527791412259.266,2.1088402529531334
Region Syddanmark,2025-09-11 02:00:00,168,168534022.30400002,1.6534214e+08,3191878.30400002,10188087107546.045,1.9120132708686726
Region Syddanmark,2025-09-12 02:00:00,168,170220338.325,1.6694136e+08,3278978.324999988,10751698855819.727,1.9450479347385925
Region Syddanmark,2025-09-13 02:00:00,168,172707845.906,1.6907315e+08,3634693.9059999883,13210999790313.451,2.1269139760658304
Region Syddanmark,2025-09-14 02:00:00,168,173556604.866,1.704804e+08,3076204.8659999967,9463036377602.057,1.7882988297716154
Region Syddanmark,2025-09-15 02:00:00,168,173091652.402,1.6874891e+08,4342740.40200001,18859394199163.207,2.5407987548797775
Region Syddanmark,2025-09-16 02:00:00,168,176439103.53399998,1.7124742e+08,5191679.5339999795,26953536383754.246,2.9864139809054233
Region Syddanmark,2025-09-17 02:00:00,168,178898307.583,1.7298552e+08,5912787.583000004,34961057001679.03,3.3606475316660216
Region Syddanmark,2025-09-18 02:00:00,168,180128693.66099998,1.7445122e+08,5677477.660999984,32233752591153.844,3.2023684965276225
Region Syddanmark,2025-09-19 02:00:00,168,180293348.243,1.744887e+08,5804644.243000001,33693894787793.05,3.2722310535732735
Region Syddanmark,2025-09-20 02:00:00,168,179094045.20900002,1.7408434e+08,5009709.209000021,25097186358739.617,2.836928575215045
Region Syddanmark,2025-09-21 02:00:00,168,178469131.162,1.7261339e+08,5855739.1620000005,34289681133380.47,3.3358192309094163
Region Syddanmark,2025-09-22 02:00:00,168,179293888.104,1.7382534e+08,5468544.104000002,29904974617393.188,3.0972791096178063
Region Syddanmark,2025-09-23 02:00:00,168,178203857.154,1.7227032e+08,5933537.154000014,35206863157898.586,3.3860053269446944
Region Syddanmark,2025-09-24 02:00:00,168,176976650.567,1.7236645e+08,4610202.567000002,21253967708773.406,2.639355170267271
Region Syddanmark,2025-09-25 02:00:00,168,177484255.30200002,1.7203566e+08,5448591.302000016,29687147176230.23,3.1177572442114245
Region Syddanmark,2025-09-26 02:00:00,168,177021874.13300002,1.7187682e+08,5145058.133000016,26471623191949.613,2.949313527682619
Region Syddanmark,2025-09-27 02:00:00,168,179733878.491,1.7435898e+08,5374902.490999997,28889576787757.97,3.035871762352443
Region Syddanmark,2025-09-28 02:00:00,168,180932722.829,1.7582523e+08,5107490.828999996,26086462568319.066,2.8632806976641074
Region Syddanmark,2025-09-29 02:00:00,168,180284097.827,1.75512e+08,4772097.826999992,22772917670458.047,2.682490255595971
Region Syddanmark,2025-09-30 02:00:00,168,179641906.065,1.7519278e+08,4449122.064999998,19794687149269.844,2.5077153894874202
Region Syddanmark,2025-10-01 02:00:00,168,179283319.482,1.7586691e+08,3416407.4819999933,11671840083065.535,1.9239224300903468
Region Syddanmark,2025-10-02 02:00:00,168,178744072.14499998,1.757082e+08,3035880.144999981,9216568254805.105,1.7129980265878948
Region Syddanmark,2025-10-03 02:00:00,168,179741595.375,1.759586e+08,3783003.375,14311114535261.39,2.1270741536111344
Region Syddanmark,2025-10-04 02:00:00,168,181450237.037,1.7741454e+08,4035693.0370000005,16286818288890.287,2.2491441067792652
Region Syddanmark,2025-10-05 02:00:00,168,185303285.316,1.8076392e+08,4539365.316000015,20605837472103.91,2.48007210155933
Region Syddanmark,2025-10-06 02:00:00,168,188196972.693,1.8462094e+08,3576028.692999989,12787981213159.209,1.918378131995571
Region Syddanmark,2025-10-07 02:00:00,168,187021241.885,1.8286414e+08,4157097.8849999905,17281462825471.395,2.2477762267106502
Region Syddanmark,2025-10-08 02:00:00,168,186453486.937,1.8254314e+08,3910350.9370000064,15290844450496.828,2.119450799238145
Region Syddanmark,2025-10-09 02:00:00,168,185039140.86200002,1.8210688e+08,2932260.8620000184,8598153762817.091,1.5973267830143114
Region Syddanmark,2025-10-10 02:00:00,168,184085963.57099998,1.8139306e+08,2692907.57099998,7251751185949.012,1.473631823879204
Region Syddanmark,2025-10-11 02:00:00,168,181049550.504,1.7872256e+08,2326990.504000008,5414884805706.212,1.293591379687635
Region Syddanmark,2025-10-12 02:00:00,168,176389088.296,1.7529344e+08,1095648.2960000038,1200445188527.712,0.6230894103888104
Region Syddanmark,2025-10-13 02:00:00,168,172578681.13000003,1.7091675e+08,1661929.130000025,2762008433142.64,0.9676571911633234
Region Syddanmark,2025-10-14 02:00:00,168,172307742.102,1.7044502e+08,1862718.101999998,3469718727518.475,1.086916451869375
Region Syddanmark,2025-10-15 02:00:00,168,172199660.166,1.713156e+08,884060.1660000086,781562377107.9628,0.5147137658878945
Region Syddanmark,2025-10-16 02:00:00,168,172711885.822,1.7231627e+08,395613.8219999969,156510296157.44522,0.22932262949048582
Region Syddanmark,2025-10-17 02:00:00,168,171684994.594,1.7120854e+08,476450.5940000117,227005168522.96396,0.27790001290409194
Region Syddanmark,2025-10-18 02:00:00,168,170805779.737,1.706584e+08,147379.73699998856,21720786878.185795,0.08632222396709505
Region Syddanmark,2025-10-19 02:00:00,168,171320008.6,1.7131906e+08,952.5999999940395,907446.7599886442,0.00055603700710899
Region Syddanmark,2025-10-20 02:00:00,168,174345081.26099998,1.744158e+08,70726.73900002241,5002271609.5772915,0.04055887066344362
Region Syddanmark,2025-10-21 02:00:00,168,177705422.125,1.7603544e+08,1669982.125,2788840297819.5156,0.9441838949382586
Region Syddanmark,2025-10-22 02:00:00,168,180927550.887,1.7821301e+08,2714542.8869999945,7368743085362.265,1.5116882901850686
Region Syddanmark,2025-10-23 02:00:00,168,182142215.608,1.8001389e+08,2128327.6080000103,4529778406975.045,1.175364759448442
Region Syddanmark,2025-10-24 02:00:00,168,185555224.24,1.834937e+08,2061528.2400000095,4249898684317.537,1.1172113651812643
Region Syddanmark,2025-10-25 02:00:00,168,189953059.93,1.8486194e+08,5091123.930000007,25919542870618.72,2.7166063179344184
Region Syddanmark,2025-10-26 02:00:00,168,194274347.70499998,1.906151e+08,3659243.7049999833,13390064492582.006,1.9014518006612584
Region Syddanmark,2025-10-27 01:00:00,168,196422093.423,1.9445288e+08,1969213.4230000079,3877801505323.4077,1.0075924819412523
Region Syddanmark,2025-10-28 01:00:00,168,196231642.99400002,1.9251398e+08,3717658.9940000176,13820988395669.223,1.9126435055987892
Region Syddanmark,2025-10-29 01:00:00,168,196777518.476,1.92027e+08,4750510.476000011,22567349782585.85,2.443649779007009
Region Syddanmark,2025-10-30 01:00:00,168,197793917.857,1.9429302e+08,3500893.8569999933,12256257797980.29,1.7857742675229524
Region Syddanmark,2025-10-31 01:00:00,168,197011268.185,1.9388173e+08,3129540.1850000024,9794021769529.85,1.6012260212095835
Region Syddanmark,2025-11-01 01:00:00,168,194424642.478,1.9068347e+08,3741170.477999985,13996356545458.639,1.9429195788673552
Region Syddanmark,2025-11-02 01:00:00,168,194026649.539,1.9010974e+08,3916905.5390000045,15342149001448.916,2.0393306153129878
Region Syddanmark,2025-11-03 01:00:00,168,191485979.755,1.8876114e+08,2724843.754999995,7424773489162.474,1.433196277946608
Region Syddanmark,2025-11-04 01:00:00,168,193186995.898,1.8819474e+08,4992259.898000002,24922658889178.99,2.6179858553556383
Region Syddanmark,2025-11-05 01:00:00,168,194290237.70299998,1.8924994e+08,5040301.702999979,25404641257264.492,2.628304437752595
Region Syddanmark,2025-11-06 01:00:00,168,194225424.581,1.9028634e+08,3939088.5810000002,15516418848964.596,2.0488780759517002
Region Syddanmark,2025-11-07 01:00:00,168,193121579.373,1.8946808e+08,3653499.372999996,13348057668511.363,1.9098787870991945
Region Syddanmark,2025-11-08 01:00:00,168,192692222.15,1.8880877e+08,3883454.150000006,15081216135152.27,2.0358815574623255
Region Syddanmark,2025-11-09 01:00:00,168,190027130.444,1.8837174e+08,1655386.4440000057,2740304278978.984,0.874942583501257
Region Syddanmark,2025-11-10 01:00:00,168,189778450.967,1.8897098e+08,807474.9670000076,652015822331.6635,0.4263900666285955
Region Syddanmark,2025-11-11 01:00:00,168,188272723.744,1.8615786e+08,2114867.743999988,4472665574611.598,1.1296447771151241
Region Syddanmark,2025-11-12 01:00:00,168,187144732.84800002,1.840061e+08,3138636.84800002,9851041263623.5,1.691299926631934
Region Syddanmark,2025-11-13 01:00:00,168,189734720.155,1.8576674e+08,3967984.155000001,15744898254331.074,2.113432099907539
Region Syddanmark,2025-11-14 01:00:00,168,192059678.718,1.8739438e+08,4665294.717999995,21764974805798.652,2.4589509911069873
Region Syddanmark,2025-11-15 01:00:00,168,193530448.511,1.8931698e+08,4213472.511000007,17753350600952.707,2.2011236023759357
Region Syddanmark,2025-11-16 01:00:00,168,195125965.283,1.926951e+08,2430861.2829999924,5909086577188.369,1.253599391850549
Region Syddanmark,2025-11-17 01:00:00,168,197311604.68,1.9568309e+08,1628516.6800000072,2652066577038.2456,0.8287728614829126
Region Syddanmark,2025-11-18 01:00:00,168,200145312.072,1.9556454e+08,4580768.071999997,20983436129454.57,2.315215555897864
Region Syddanmark,2025-11-19 01:00:00,168,202304048.743,1.9754304e+08,4761008.743000001,22667204250922.445,2.381414734301151
Region Syddanmark,2025-11-20 01:00:00,168,203407863.77499998,2.0354514e+08,137272.22500002384,18843663756.457172,0.06746342947510903
Region Syddanmark,2025-11-21 01:00:00,168,205983592.967,2.0446181e+08,1521784.9670000076,2315829485787.2144,0.741528575257375
Region Syddanmark,2025-11-22 01:00:00,168,208837624.853,2.0584139e+08,2996232.852999985,8977411309396.432,1.445085346125494
Region Syddanmark,2025-11-23 01:00:00,168,213585852.078,2.0798718e+08,5598668.078000009,31345084247616.316,2.6560845210053405
Region Syddanmark,2025-11-24 01:00:00,168,216796954.584,2.0943266e+08,7364298.583999991,54232893634304.28,3.4555546593347994
Region Syddanmark,2025-11-25 01:00:00,168,218659039.62,2.1288962e+08,5769423.620000005,33286248907013.96,2.6738230069150157
Region Syddanmark,2025-11-26 01:00:00,168,218964262.54299998,2.1379424e+08,5170022.542999983,26729133095128.008,2.3893337797499545
Region Syddanmark,2025-11-27 01:00:00,168,219061255.89000002,2.1485147e+08,4209783.8900000155,17722280400503.664,1.940382763359376
Region Syddanmark,2025-11-28 01:00:00,168,220442866.706,2.1460058e+08,5842290.706,34132360693413.98,2.685842438934628
Region Syddanmark,2025-11-29 01:00:00,168,220552975.316,2.122007e+08,8352271.316000015,69760436136076.62,3.8600579106347115
Region Syddanmark,2025-11-30 01:00:00,168,216337470.303,2.0707808e+08,9259390.303000003,85736308783290.48,4.373665679672794
Region Syddanmark,2025-12-01 01:00:00,168,214499598.095,2.1033275e+08,4166846.094999999,17362606379416.738,1.9616425604444758
Region Syddanmark,2025-12-02 01:00:00,168,213377436.035,2.0942283e+08,3954604.0349999964,15638893073638.254,1.8706724351804946
Region Syddanmark,2025-12-03 01:00:00,168,213157847.925,2.1096763e+08,2190215.925000012,4797045798123.658,1.0328150647243912
Region Syddanmark,2025-12-04 01:00:00,168,211584649.502,2.1119744e+08,387209.50200000405,149931198439.09116,0.18317214073855528
Region Syddanmark,2025-12-05 01:00:00,168,208614466.588,2.0779186e+08,822610.5879999995,676688179489.705,0.3950999508784622
Region Syddanmark,2025-12-06 01:00:00,168,207559272.873,2.075867e+08,27431.127000004053,752466728.4903513,0.013215171784451947
Region Syddanmark,2025-12-07 01:00:00,168,209251150.69599998,2.0722446e+08,2026686.69599998,4107458963743.3154,0.97325587596735
Region Syddanmark,2025-12-08 01:00:00,168,209069482.114,2.0671272e+08,2356762.1139999926,5554327661985.714,1.1336522352410896
Region Syddanmark,2025-12-09 01:00:00,168,208841740.663,2.0689773e+08,1944012.6629999876,3779185233904.303,0.9352071715739896
Region Syddanmark,2025-12-10 01:00:00,168,208758509.222,2.078284e+08,930109.2220000029,865103164849.4506,0.4465379018928056
Region Syddanmark,2025-12-11 01:00:00,168,209784920.39499998,2.0780794e+08,1976984.394999981,3908467298073.4404,0.9468478038953599
Region Syddanmark,2025-12-12 01:00:00,168,211737902.982,2.1180194e+08,64033.018000006676,4100227394.189179,0.030237069624389223
Region Syddanmark,2025-12-13 01:00:00,168,209670241.039,2.0753086e+08,2139377.0390000045,4576934115000.427,1.0255855093193078
Region Syddanmark,2025-12-14 01:00:00,168,207711095.22100002,2.0636469e+08,1346407.2210000157,1812812404760.985,0.6503192292611872
Region Syddanmark,2025-12-15 01:00:00,168,208692457.79500002,2.0691125e+08,1781209.7950000167,3172708333804.0015,0.8571674266439834
Region Syddanmark,2025-12-16 01:00:00,168,207357053.85000002,2.074364e+08,79346.14999997616,6295811519.818716,0.03825814957468917
Region Syddanmark,2025-12-17 01:00:00,168,205527059.651,2.0579766e+08,270604.3490000069,73226713697.71754,0.13157699182196925
Region Syddanmark,2025-12-18 01:00:00,168,203765329.814,2.0415944e+08,394110.1859999895,155322838708.94632,0.19322689631212664
Region Syddanmark,2025-12-19 01:00:00,168,203243275.53,2.0253349e+08,709787.5300000012,503798337743.50256,0.3498413875773964
Region Syddanmark,2025-12-20 01:00:00,168,205435933.852,2.052457e+08,190237.8519999981,36190440333.57318,0.09264492890444373
Region Syddanmark,2025-12-21 01:00:00,168,204154284.571,2.0313315e+08,1021132.5710000098,1042711727557.09,0.5014309204315474
Region Syddanmark,2025-12-22 01:00:00,168,201278198.285,2.0004272e+08,1235478.2849999964,1526406592706.5325,0.6157058995477608
Region Syddanmark,2025-12-23 01:00:00,168,199819182.531,2.0106427e+08,1245089.4690000117,1550247785814.731,0.6211727897109955
Region Syddanmark,2025-12-24 01:00:00,168,199873695.551,1.9942877e+08,444927.55099999905,197960525638.85675,0.22285239467007278
